temp (C),CMRR1 mcparamset 1  (dB),CMRR1 mcparamset 2  (dB),CMRR1 mcparamset 3  (dB),CMRR1 mcparamset 4  (dB),CMRR1 mcparamset 5  (dB),CMRR1 mcparamset 6  (dB),CMRR1 mcparamset 7  (dB),CMRR1 mcparamset 8  (dB),CMRR1 mcparamset 9  (dB),CMRR1 mcparamset 10  (dB),CMRR1 mcparamset 11  (dB),CMRR1 mcparamset 12  (dB),CMRR1 mcparamset 13  (dB),CMRR1 mcparamset 14  (dB),CMRR1 mcparamset 15  (dB),CMRR1 mcparamset 16  (dB),CMRR1 mcparamset 17  (dB),CMRR1 mcparamset 18  (dB),CMRR1 mcparamset 19  (dB),CMRR1 mcparamset 20  (dB),CMRR1 mcparamset 21  (dB),CMRR1 mcparamset 22  (dB),CMRR1 mcparamset 23  (dB),CMRR1 mcparamset 24  (dB),CMRR1 mcparamset 25  (dB),CMRR1 mcparamset 26  (dB),CMRR1 mcparamset 27  (dB),CMRR1 mcparamset 28  (dB),CMRR1 mcparamset 29  (dB),CMRR1 mcparamset 30  (dB),CMRR1 mcparamset 31  (dB),CMRR1 mcparamset 32  (dB),CMRR1 mcparamset 33  (dB),CMRR1 mcparamset 34  (dB),CMRR1 mcparamset 35  (dB),CMRR1 mcparamset 36  (dB),CMRR1 mcparamset 37  (dB),CMRR1 mcparamset 38  (dB),CMRR1 mcparamset 39  (dB),CMRR1 mcparamset 40  (dB),CMRR1 mcparamset 41  (dB),CMRR1 mcparamset 42  (dB),CMRR1 mcparamset 43  (dB),CMRR1 mcparamset 44  (dB),CMRR1 mcparamset 45  (dB),CMRR1 mcparamset 46  (dB),CMRR1 mcparamset 47  (dB),CMRR1 mcparamset 48  (dB),CMRR1 mcparamset 49  (dB),CMRR1 mcparamset 50  (dB),CMRR1 mcparamset 51  (dB),CMRR1 mcparamset 52  (dB),CMRR1 mcparamset 53  (dB),CMRR1 mcparamset 54  (dB),CMRR1 mcparamset 55  (dB),CMRR1 mcparamset 56  (dB),CMRR1 mcparamset 57  (dB),CMRR1 mcparamset 58  (dB),CMRR1 mcparamset 59  (dB),CMRR1 mcparamset 60  (dB),CMRR1 mcparamset 61  (dB),CMRR1 mcparamset 62  (dB),CMRR1 mcparamset 63  (dB),CMRR1 mcparamset 64  (dB),CMRR1 mcparamset 65  (dB),CMRR1 mcparamset 66  (dB),CMRR1 mcparamset 67  (dB),CMRR1 mcparamset 68  (dB),CMRR1 mcparamset 69  (dB),CMRR1 mcparamset 70  (dB),CMRR1 mcparamset 71  (dB),CMRR1 mcparamset 72  (dB),CMRR1 mcparamset 73  (dB),CMRR1 mcparamset 74  (dB),CMRR1 mcparamset 75  (dB),CMRR1 mcparamset 76  (dB),CMRR1 mcparamset 77  (dB),CMRR1 mcparamset 78  (dB),CMRR1 mcparamset 79  (dB),CMRR1 mcparamset 80  (dB),CMRR1 mcparamset 81  (dB),CMRR1 mcparamset 82  (dB),CMRR1 mcparamset 83  (dB),CMRR1 mcparamset 84  (dB),CMRR1 mcparamset 85  (dB),CMRR1 mcparamset 86  (dB),CMRR1 mcparamset 87  (dB),CMRR1 mcparamset 88  (dB),CMRR1 mcparamset 89  (dB),CMRR1 mcparamset 90  (dB),CMRR1 mcparamset 91  (dB),CMRR1 mcparamset 92  (dB),CMRR1 mcparamset 93  (dB),CMRR1 mcparamset 94  (dB),CMRR1 mcparamset 95  (dB),CMRR1 mcparamset 96  (dB),CMRR1 mcparamset 97  (dB),CMRR1 mcparamset 98  (dB),CMRR1 mcparamset 99  (dB),CMRR1 mcparamset 100  (dB),CMRR2 mcparamset 1  (dB),CMRR2 mcparamset 2  (dB),CMRR2 mcparamset 3  (dB),CMRR2 mcparamset 4  (dB),CMRR2 mcparamset 5  (dB),CMRR2 mcparamset 6  (dB),CMRR2 mcparamset 7  (dB),CMRR2 mcparamset 8  (dB),CMRR2 mcparamset 9  (dB),CMRR2 mcparamset 10  (dB),CMRR2 mcparamset 11  (dB),CMRR2 mcparamset 12  (dB),CMRR2 mcparamset 13  (dB),CMRR2 mcparamset 14  (dB),CMRR2 mcparamset 15  (dB),CMRR2 mcparamset 16  (dB),CMRR2 mcparamset 17  (dB),CMRR2 mcparamset 18  (dB),CMRR2 mcparamset 19  (dB),CMRR2 mcparamset 20  (dB),CMRR2 mcparamset 21  (dB),CMRR2 mcparamset 22  (dB),CMRR2 mcparamset 23  (dB),CMRR2 mcparamset 24  (dB),CMRR2 mcparamset 25  (dB),CMRR2 mcparamset 26  (dB),CMRR2 mcparamset 27  (dB),CMRR2 mcparamset 28  (dB),CMRR2 mcparamset 29  (dB),CMRR2 mcparamset 30  (dB),CMRR2 mcparamset 31  (dB),CMRR2 mcparamset 32  (dB),CMRR2 mcparamset 33  (dB),CMRR2 mcparamset 34  (dB),CMRR2 mcparamset 35  (dB),CMRR2 mcparamset 36  (dB),CMRR2 mcparamset 37  (dB),CMRR2 mcparamset 38  (dB),CMRR2 mcparamset 39  (dB),CMRR2 mcparamset 40  (dB),CMRR2 mcparamset 41  (dB),CMRR2 mcparamset 42  (dB),CMRR2 mcparamset 43  (dB),CMRR2 mcparamset 44  (dB),CMRR2 mcparamset 45  (dB),CMRR2 mcparamset 46  (dB),CMRR2 mcparamset 47  (dB),CMRR2 mcparamset 48  (dB),CMRR2 mcparamset 49  (dB),CMRR2 mcparamset 50  (dB),CMRR2 mcparamset 51  (dB),CMRR2 mcparamset 52  (dB),CMRR2 mcparamset 53  (dB),CMRR2 mcparamset 54  (dB),CMRR2 mcparamset 55  (dB),CMRR2 mcparamset 56  (dB),CMRR2 mcparamset 57  (dB),CMRR2 mcparamset 58  (dB),CMRR2 mcparamset 59  (dB),CMRR2 mcparamset 60  (dB),CMRR2 mcparamset 61  (dB),CMRR2 mcparamset 62  (dB),CMRR2 mcparamset 63  (dB),CMRR2 mcparamset 64  (dB),CMRR2 mcparamset 65  (dB),CMRR2 mcparamset 66  (dB),CMRR2 mcparamset 67  (dB),CMRR2 mcparamset 68  (dB),CMRR2 mcparamset 69  (dB),CMRR2 mcparamset 70  (dB),CMRR2 mcparamset 71  (dB),CMRR2 mcparamset 72  (dB),CMRR2 mcparamset 73  (dB),CMRR2 mcparamset 74  (dB),CMRR2 mcparamset 75  (dB),CMRR2 mcparamset 76  (dB),CMRR2 mcparamset 77  (dB),CMRR2 mcparamset 78  (dB),CMRR2 mcparamset 79  (dB),CMRR2 mcparamset 80  (dB),CMRR2 mcparamset 81  (dB),CMRR2 mcparamset 82  (dB),CMRR2 mcparamset 83  (dB),CMRR2 mcparamset 84  (dB),CMRR2 mcparamset 85  (dB),CMRR2 mcparamset 86  (dB),CMRR2 mcparamset 87  (dB),CMRR2 mcparamset 88  (dB),CMRR2 mcparamset 89  (dB),CMRR2 mcparamset 90  (dB),CMRR2 mcparamset 91  (dB),CMRR2 mcparamset 92  (dB),CMRR2 mcparamset 93  (dB),CMRR2 mcparamset 94  (dB),CMRR2 mcparamset 95  (dB),CMRR2 mcparamset 96  (dB),CMRR2 mcparamset 97  (dB),CMRR2 mcparamset 98  (dB),CMRR2 mcparamset 99  (dB),CMRR2 mcparamset 100  (dB)
56.0000,123.759,120.275,116.470,135.795,120.321,124.479,130.941,117.265,150.894,134.112,125.867,130.146,132.214,121.261,121.415,129.770,117.056,125.060,145.210,126.344,160.445,122.177,124.697,130.531,120.286,129.260,151.408,115.510,137.409,111.030,128.015,113.891,114.884,122.349,132.993,113.944,135.164,125.434,131.248,154.852,142.094,117.049,127.196,124.358,146.737,136.106,119.996,126.718,135.460,115.499,127.840,118.016,114.693,118.408,121.398,115.146,124.614,130.150,130.108,114.839,116.696,142.110,128.863,128.045,119.115,118.018,142.476,138.937,150.666,113.828,120.188,116.944,129.243,147.082,141.781,117.817,127.642,124.259,115.076,118.636,121.348,129.365,163.453,115.286,116.799,128.686,115.808,128.719,120.064,118.749,124.896,113.634,131.742,142.339,116.683,134.703,126.397,115.890,144.259,136.395,123.640,115.197,122.841,122.035,114.818,119.436,118.591,122.969,120.101,115.648,130.893,126.699,119.603,126.030,120.439,126.625,126.231,118.163,120.287,114.365,117.640,112.271,126.805,121.031,131.704,115.658,119.616,118.535,140.211,115.845,113.877,111.998,119.457,122.708,113.748,114.285,115.755,126.488,127.565,139.083,128.318,126.498,136.639,146.842,135.979,127.015,119.909,119.925,116.271,144.143,123.887,117.866,114.098,134.544,118.536,120.911,131.477,136.913,119.802,142.553,124.477,124.289,128.925,120.397,118.383,122.069,158.403,118.387,122.924,137.185,111.456,131.549,119.049,117.096,128.266,123.242,117.047,122.737,119.800,121.954,117.265,129.353,138.096,122.829,122.891,126.912,123.001,124.614,116.906,117.935,122.218,115.760,122.465,122.304,121.877,122.650,117.078,120.176,115.667,131.091
58.0000,123.712,120.234,116.426,135.762,120.277,124.440,130.910,117.221,150.921,134.075,125.826,130.102,132.166,121.222,121.376,129.723,117.017,125.012,145.079,126.298,160.423,122.141,124.655,130.486,120.245,129.231,151.433,115.469,137.338,110.987,127.978,113.852,114.842,122.311,132.952,113.901,135.085,125.395,131.199,154.820,142.050,117.012,127.149,124.323,146.705,136.071,119.958,126.682,135.446,115.459,127.785,117.974,114.651,118.366,121.358,115.105,124.572,130.103,130.066,114.798,116.657,142.059,128.823,127.999,119.080,117.976,142.383,138.921,150.519,113.789,120.145,116.899,129.208,147.101,141.755,117.778,127.607,124.214,115.033,118.594,121.304,129.315,164.011,115.246,116.758,128.641,115.764,128.680,120.026,118.709,124.859,113.596,131.708,142.307,116.642,134.675,126.351,115.851,144.227,136.351,123.593,115.155,122.799,121.990,114.780,119.392,118.549,122.928,120.062,115.604,130.852,126.661,119.567,125.987,120.396,126.582,126.196,118.121,120.243,114.325,117.599,112.230,126.763,120.989,131.657,115.619,119.577,118.493,140.177,115.804,113.837,111.961,119.417,122.667,113.708,114.247,115.714,126.454,127.531,139.015,128.282,126.458,136.595,146.755,135.938,126.970,119.864,119.881,116.228,144.103,123.845,117.824,114.058,134.506,118.496,120.875,131.437,136.899,119.761,142.463,124.438,124.249,128.884,120.355,118.340,122.029,158.635,118.344,122.887,137.157,111.412,131.507,119.010,117.056,128.218,123.200,117.007,122.690,119.758,121.911,117.222,129.303,138.043,122.787,122.846,126.870,122.960,124.574,116.863,117.894,122.174,115.721,122.428,122.264,121.838,122.609,117.033,120.141,115.625,131.053
60.0000,123.667,120.193,116.381,135.730,120.233,124.401,130.879,117.178,150.951,134.039,125.786,130.059,132.119,121.184,121.337,129.677,116.979,124.964,144.950,126.253,160.403,122.105,124.613,130.441,120.203,129.202,151.459,115.430,137.268,110.944,127.942,113.813,114.800,122.273,132.911,113.859,135.007,125.356,131.150,154.789,142.007,116.975,127.102,124.289,146.675,136.037,119.921,126.647,135.433,115.419,127.731,117.932,114.609,118.325,121.318,115.065,124.530,130.055,130.024,114.758,116.619,142.007,128.784,127.953,119.045,117.934,142.291,138.906,150.372,113.750,120.102,116.855,129.174,147.121,141.729,117.740,127.572,124.169,114.991,118.554,121.261,129.266,164.623,115.207,116.718,128.595,115.722,128.642,119.988,118.669,124.822,113.559,131.675,142.274,116.602,134.647,126.305,115.812,144.195,136.309,123.547,115.114,122.757,121.947,114.743,119.349,118.508,122.888,120.024,115.561,130.812,126.625,119.532,125.944,120.354,126.539,126.162,118.080,120.199,114.285,117.558,112.189,126.721,120.947,131.610,115.580,119.538,118.452,140.144,115.765,113.798,111.925,119.377,122.626,113.668,114.209,115.675,126.420,127.498,138.947,128.246,126.418,136.552,146.667,135.897,126.925,119.820,119.839,116.185,144.063,123.804,117.783,114.018,134.468,118.456,120.839,131.399,136.887,119.722,142.374,124.400,124.209,128.845,120.314,118.297,121.990,158.880,118.302,122.851,137.130,111.368,131.467,118.971,117.015,128.170,123.158,116.967,122.644,119.717,121.868,117.180,129.253,137.992,122.746,122.802,126.829,122.919,124.536,116.820,117.855,122.132,115.683,122.392,122.224,121.799,122.567,116.989,120.106,115.583,131.016
62.0000,123.622,120.152,116.338,135.698,120.190,124.363,130.849,117.135,150.982,134.004,125.746,130.016,132.073,121.146,121.299,129.632,116.941,124.917,144.821,126.209,160.384,122.070,124.572,130.397,120.163,129.174,151.488,115.391,137.198,110.902,127.906,113.775,114.759,122.235,132.871,113.817,134.929,125.318,131.101,154.761,141.965,116.938,127.056,124.256,146.645,136.003,119.884,126.612,135.421,115.380,127.677,117.891,114.568,118.284,121.279,115.026,124.489,130.009,129.982,114.718,116.582,141.956,128.746,127.908,119.012,117.893,142.199,138.892,150.226,113.711,120.060,116.811,129.140,147.143,141.705,117.703,127.537,124.125,114.950,118.514,121.218,129.217,165.298,115.169,116.679,128.551,115.680,128.605,119.951,118.630,124.786,113.523,131.642,142.243,116.562,134.620,126.261,115.774,144.164,136.267,123.501,115.074,122.716,121.904,114.706,119.306,118.468,122.848,119.986,115.519,130.773,126.589,119.497,125.902,120.313,126.497,126.128,118.040,120.156,114.247,117.518,112.149,126.680,120.906,131.564,115.543,119.500,118.411,140.111,115.725,113.759,111.890,119.338,122.586,113.629,114.171,115.636,126.387,127.465,138.879,128.211,126.379,136.509,146.581,135.857,126.881,119.777,119.796,116.144,144.025,123.763,117.742,113.979,134.431,118.418,120.803,131.361,136.876,119.682,142.285,124.363,124.170,128.806,120.273,118.256,121.952,159.137,118.261,122.816,137.103,111.325,131.427,118.934,116.976,128.122,123.116,116.929,122.599,119.676,121.826,117.139,129.204,137.940,122.706,122.759,126.788,122.879,124.498,116.777,117.815,122.090,115.645,122.356,122.185,121.762,122.527,116.945,120.072,115.542,130.979
64.0000,123.577,120.112,116.294,135.667,120.147,124.326,130.820,117.093,151.016,133.969,125.707,129.974,132.027,121.109,121.261,129.587,116.904,124.870,144.692,126.165,160.366,122.036,124.532,130.354,120.122,129.148,151.519,115.352,137.128,110.861,127.871,113.738,114.718,122.199,132.831,113.776,134.852,125.280,131.053,154.735,141.923,116.903,127.011,124.224,146.617,135.970,119.848,126.578,135.410,115.342,127.623,117.851,114.528,118.244,121.241,114.987,124.449,129.962,129.942,114.679,116.546,141.906,128.709,127.864,118.979,117.852,142.107,138.879,150.081,113.674,120.019,116.768,129.107,147.167,141.681,117.667,127.504,124.081,114.910,118.474,121.176,129.168,166.048,115.131,116.640,128.507,115.638,128.568,119.914,118.592,124.751,113.487,131.610,142.212,116.522,134.594,126.217,115.737,144.133,136.226,123.456,115.034,122.676,121.861,114.670,119.264,118.429,122.809,119.949,115.477,130.734,126.553,119.463,125.860,120.272,126.456,126.096,118.000,120.114,114.209,117.478,112.110,126.640,120.866,131.519,115.505,119.463,118.371,140.080,115.687,113.720,111.856,119.299,122.547,113.590,114.135,115.597,126.354,127.433,138.812,128.177,126.341,136.467,146.494,135.817,126.838,119.734,119.755,116.102,143.987,123.722,117.702,113.941,134.395,118.379,120.769,131.323,136.865,119.644,142.196,124.327,124.132,128.768,120.233,118.215,121.914,159.407,118.221,122.781,137.078,111.283,131.388,118.896,116.937,128.075,123.076,116.891,122.553,119.636,121.785,117.098,129.156,137.890,122.666,122.715,126.748,122.840,124.461,116.736,117.777,122.048,115.607,122.322,122.147,121.725,122.487,116.902,120.039,115.501,130.942
66.0000,123.534,120.073,116.252,135.638,120.105,124.290,130.792,117.052,151.052,133.934,125.668,129.933,131.982,121.073,121.225,129.544,116.868,124.825,144.565,126.122,160.350,122.003,124.492,130.311,120.083,129.122,151.551,115.315,137.059,110.820,127.837,113.701,114.678,122.163,132.792,113.736,134.775,125.243,131.006,154.711,141.882,116.868,126.966,124.193,146.590,135.938,119.813,126.545,135.400,115.304,127.571,117.811,114.488,118.205,121.204,114.949,124.409,129.917,129.901,114.641,116.510,141.856,128.672,127.820,118.947,117.813,142.016,138.867,149.936,113.637,119.979,116.725,129.075,147.192,141.659,117.631,127.471,124.038,114.870,118.436,121.134,129.121,166.889,115.093,116.602,128.463,115.597,128.532,119.878,118.554,124.716,113.453,131.579,142.181,116.483,134.569,126.173,115.700,144.103,136.186,123.412,114.996,122.637,121.820,114.635,119.223,118.390,122.770,119.913,115.435,130.696,126.519,119.430,125.819,120.232,126.415,126.064,117.961,120.072,114.171,117.439,112.071,126.600,120.826,131.474,115.469,119.427,118.332,140.049,115.649,113.683,111.822,119.261,122.509,113.553,114.099,115.559,126.323,127.402,138.745,128.144,126.303,136.425,146.409,135.778,126.796,119.692,119.714,116.062,143.950,123.682,117.662,113.904,134.359,118.342,120.735,131.287,136.856,119.606,142.108,124.291,124.094,128.731,120.193,118.174,121.877,159.692,118.181,122.747,137.053,111.242,131.349,118.860,116.899,128.029,123.036,116.853,122.509,119.597,121.744,117.058,129.108,137.839,122.627,122.673,126.709,122.801,124.424,116.695,117.739,122.008,115.571,122.288,122.109,121.689,122.448,116.859,120.007,115.461,130.907
68.0000,123.491,120.035,116.210,135.609,120.064,124.254,130.764,117.011,151.091,133.901,125.630,129.892,131.938,121.037,121.189,129.500,116.832,124.779,144.438,126.080,160.335,121.970,124.453,130.269,120.044,129.096,151.585,115.278,136.990,110.779,127.803,113.665,114.639,122.127,132.754,113.696,134.699,125.207,130.958,154.689,141.843,116.833,126.922,124.162,146.565,135.906,119.779,126.513,135.391,115.267,127.518,117.771,114.449,118.166,121.167,114.911,124.370,129.871,129.862,114.604,116.475,141.807,128.636,127.777,118.916,117.774,141.926,138.856,149.793,113.601,119.939,116.683,129.044,147.219,141.637,117.596,127.439,123.996,114.831,118.398,121.093,129.074,167.844,115.057,116.565,128.420,115.557,128.497,119.843,118.517,124.682,113.419,131.548,142.151,116.445,134.545,126.131,115.664,144.074,136.147,123.368,114.957,122.598,121.779,114.600,119.183,118.351,122.732,119.877,115.394,130.658,126.485,119.398,125.778,120.193,126.375,126.033,117.923,120.031,114.135,117.401,112.033,126.562,120.787,131.430,115.433,119.391,118.294,140.018,115.612,113.646,111.790,119.224,122.471,113.516,114.064,115.522,126.292,127.372,138.679,128.111,126.266,136.384,146.323,135.739,126.754,119.651,119.673,116.022,143.914,123.643,117.623,113.867,134.325,118.305,120.701,131.251,136.848,119.569,142.020,124.256,124.058,128.694,120.154,118.134,121.840,159.992,118.142,122.714,137.029,111.201,131.311,118.824,116.861,127.983,122.997,116.816,122.465,119.558,121.704,117.018,129.061,137.790,122.589,122.631,126.670,122.763,124.388,116.654,117.702,121.968,115.535,122.254,122.072,121.653,122.409,116.818,119.975,115.422,130.872
70.0000,123.449,119.997,116.169,135.581,120.023,124.219,130.738,116.971,151.132,133.868,125.593,129.853,131.894,121.002,121.153,129.458,116.797,124.735,144.311,126.039,160.321,121.938,124.415,130.227,120.006,129.072,151.622,115.242,136.921,110.740,127.771,113.630,114.601,122.093,132.716,113.658,134.623,125.171,130.912,154.670,141.804,116.800,126.879,124.133,146.541,135.875,119.745,126.481,135.384,115.231,127.466,117.732,114.411,118.128,121.131,114.874,124.332,129.827,129.823,114.567,116.441,141.758,128.601,127.734,118.885,117.736,141.835,138.846,149.650,113.565,119.899,116.642,129.014,147.248,141.617,117.561,127.408,123.954,114.792,118.360,121.053,129.027,168.943,115.021,116.529,128.378,115.517,128.462,119.809,118.481,124.649,113.386,131.518,142.121,116.408,134.521,126.089,115.629,144.045,136.108,123.325,114.920,122.559,121.738,114.566,119.143,118.314,122.695,119.842,115.354,130.621,126.451,119.366,125.739,120.154,126.336,126.003,117.885,119.991,114.098,117.363,111.995,126.523,120.749,131.386,115.398,119.356,118.256,139.989,115.576,113.609,111.758,119.187,122.434,113.480,114.029,115.486,126.262,127.342,138.613,128.079,126.229,136.343,146.238,135.702,126.712,119.610,119.634,115.983,143.879,123.605,117.585,113.832,134.290,118.269,120.669,131.216,136.842,119.533,141.933,124.222,124.022,128.658,120.116,118.095,121.804,160.309,118.103,122.681,137.006,111.160,131.273,118.789,116.825,127.938,122.958,116.780,122.422,119.520,121.665,116.980,129.015,137.740,122.551,122.590,126.632,122.725,124.353,116.614,117.665,121.928,115.499,122.222,122.036,121.618,122.371,116.776,119.944,115.383,130.837
72.0000,123.407,119.961,116.128,135.553,119.982,124.185,130.712,116.932,151.175,133.836,125.557,129.813,131.852,120.968,121.119,129.416,116.763,124.691,144.186,125.998,160.308,121.907,124.377,130.186,119.969,129.048,151.660,115.206,136.853,110.701,127.739,113.596,114.563,122.059,132.679,113.619,134.548,125.137,130.866,154.654,141.765,116.767,126.837,124.104,146.518,135.845,119.712,126.451,135.378,115.195,127.415,117.694,114.373,118.091,121.096,114.838,124.294,129.782,129.785,114.531,116.407,141.710,128.566,127.692,118.856,117.698,141.745,138.837,149.508,113.531,119.861,116.601,128.984,147.278,141.598,117.528,127.378,123.913,114.755,118.324,121.014,128.981,170.234,114.986,116.493,128.336,115.478,128.428,119.775,118.445,124.616,113.354,131.488,142.092,116.371,134.498,126.048,115.594,144.017,136.071,123.282,114.883,122.521,121.698,114.533,119.103,118.277,122.658,119.808,115.315,130.585,126.419,119.336,125.699,120.115,126.297,125.974,117.849,119.951,114.063,117.326,111.958,126.486,120.711,131.344,115.364,119.321,118.219,139.961,115.540,113.574,111.726,119.151,122.398,113.444,113.995,115.450,126.233,127.314,138.547,128.048,126.194,136.303,146.153,135.664,126.672,119.570,119.595,115.944,143.845,123.567,117.548,113.797,134.257,118.234,120.637,131.181,136.836,119.498,141.846,124.188,123.986,128.622,120.078,118.057,121.769,160.644,118.066,122.649,136.983,111.120,131.236,118.755,116.789,127.893,122.920,116.745,122.379,119.482,121.626,116.942,128.969,137.692,122.514,122.549,126.595,122.689,124.319,116.575,117.629,121.890,115.465,122.190,122.000,121.584,122.334,116.736,119.914,115.345,130.804
74.0000,123.366,119.925,116.088,135.527,119.943,124.152,130.687,116.893,151.221,133.804,125.521,129.775,131.810,120.934,121.085,129.375,116.730,124.648,144.061,125.958,160.296,121.877,124.340,130.146,119.932,129.026,151.701,115.172,136.786,110.663,127.707,113.563,114.526,122.026,132.642,113.582,134.472,125.103,130.820,154.640,141.728,116.734,126.795,124.076,146.496,135.816,119.680,126.421,135.373,115.161,127.364,117.657,114.335,118.055,121.061,114.803,124.257,129.738,129.747,114.495,116.374,141.663,128.532,127.651,118.828,117.661,141.656,138.829,149.367,113.497,119.823,116.561,128.955,147.310,141.580,117.495,127.348,123.872,114.718,118.288,120.975,128.936,171.787,114.952,116.458,128.296,115.440,128.395,119.742,118.410,124.585,113.323,131.459,142.064,116.335,134.476,126.007,115.561,143.989,136.034,123.240,114.847,122.484,121.659,114.500,119.065,118.240,122.622,119.775,115.276,130.550,126.387,119.306,125.661,120.078,126.259,125.945,117.813,119.912,114.028,117.290,111.922,126.449,120.674,131.301,115.330,119.287,118.182,139.933,115.505,113.539,111.696,119.116,122.362,113.409,113.962,115.416,126.205,127.286,138.483,128.017,126.159,136.264,146.069,135.628,126.632,119.530,119.557,115.906,143.811,123.530,117.511,113.762,134.224,118.199,120.606,131.147,136.832,119.463,141.759,124.155,123.951,128.587,120.041,118.019,121.735,160.998,118.028,122.618,136.962,111.081,131.200,118.721,116.753,127.849,122.883,116.710,122.337,119.445,121.588,116.904,128.923,137.643,122.478,122.509,126.558,122.653,124.285,116.536,117.594,121.851,115.431,122.159,121.965,121.551,122.297,116.696,119.885,115.308,130.771
76.0000,123.326,119.889,116.048,135.502,119.904,124.120,130.664,116.855,151.270,133.773,125.486,129.738,131.769,120.901,121.052,129.335,116.697,124.605,143.936,125.918,160.286,121.847,124.303,130.106,119.896,129.004,151.744,115.138,136.718,110.625,127.677,113.530,114.490,121.994,132.606,113.545,134.398,125.069,130.775,154.628,141.692,116.703,126.755,124.050,146.476,135.787,119.648,126.392,135.370,115.126,127.313,117.620,114.299,118.019,121.027,114.768,124.221,129.695,129.710,114.460,116.342,141.616,128.499,127.610,118.800,117.625,141.567,138.822,149.227,113.464,119.786,116.521,128.927,147.344,141.563,117.463,127.320,123.832,114.681,118.253,120.937,128.891,173.729,114.918,116.423,128.255,115.402,128.362,119.710,118.376,124.554,113.293,131.431,142.035,116.300,134.455,125.967,115.528,143.962,135.998,123.199,114.812,122.448,121.620,114.469,119.027,118.205,122.587,119.742,115.238,130.516,126.356,119.276,125.623,120.041,126.221,125.918,117.778,119.874,113.994,117.255,111.887,126.413,120.637,131.260,115.297,119.254,118.147,139.906,115.471,113.504,111.666,119.081,122.327,113.375,113.930,115.381,126.178,127.259,138.418,127.988,126.124,136.226,145.985,135.592,126.592,119.491,119.519,115.869,143.779,123.494,117.474,113.729,134.192,118.166,120.576,131.114,136.829,119.429,141.673,124.123,123.918,128.553,120.005,117.982,121.701,161.374,117.992,122.588,136.941,111.043,131.164,118.688,116.719,127.805,122.846,116.676,122.295,119.409,121.550,116.868,128.878,137.596,122.442,122.470,126.522,122.617,124.252,116.498,117.559,121.814,115.398,122.129,121.931,121.518,122.261,116.657,119.857,115.271,130.739
78.0000,123.287,119.855,116.009,135.477,119.865,124.088,130.641,116.817,151.321,133.743,125.452,129.701,131.728,120.869,121.019,129.296,116.665,124.563,143.813,125.880,160.277,121.819,124.267,130.067,119.861,128.983,151.789,115.105,136.652,110.588,127.647,113.498,114.454,121.962,132.570,113.509,134.324,125.037,130.731,154.619,141.656,116.672,126.715,124.024,146.458,135.759,119.618,126.363,135.368,115.093,127.263,117.584,114.263,117.984,120.994,114.734,124.186,129.652,129.674,114.426,116.311,141.570,128.467,127.570,118.774,117.590,141.478,138.816,149.088,113.432,119.749,116.482,128.900,147.380,141.547,117.431,127.292,123.793,114.646,118.218,120.899,128.847,176.297,114.885,116.389,128.216,115.365,128.330,119.679,118.342,124.524,113.263,131.404,142.008,116.265,134.434,125.928,115.495,143.935,135.964,123.158,114.778,122.412,121.583,114.438,118.990,118.170,122.552,119.710,115.200,130.482,126.326,119.248,125.586,120.005,126.184,125.891,117.743,119.836,113.961,117.220,111.852,126.378,120.601,131.219,115.265,119.222,118.112,139.880,115.438,113.471,111.637,119.047,122.293,113.342,113.898,115.348,126.151,127.232,138.354,127.959,126.091,136.188,145.902,135.557,126.554,119.453,119.482,115.833,143.747,123.458,117.439,113.696,134.161,118.133,120.546,131.082,136.827,119.395,141.587,124.092,123.884,128.520,119.969,117.945,121.668,161.774,117.956,122.559,136.922,111.005,131.129,118.656,116.685,127.762,122.810,116.643,122.254,119.374,121.513,116.832,128.834,137.548,122.407,122.431,126.487,122.583,124.220,116.461,117.525,121.778,115.365,122.100,121.897,121.487,122.225,116.618,119.829,115.235,130.708
80.0000,123.248,119.821,115.971,135.454,119.827,124.058,130.619,116.781,151.375,133.713,125.419,129.665,131.689,120.837,120.988,129.257,116.634,124.522,143.690,125.842,160.269,121.791,124.232,130.028,119.826,128.963,151.836,115.073,136.585,110.552,127.619,113.467,114.420,121.931,132.535,113.474,134.250,125.005,130.687,154.613,141.622,116.642,126.676,123.999,146.441,135.732,119.588,126.336,135.367,115.060,127.214,117.548,114.228,117.950,120.962,114.701,124.151,129.610,129.638,114.393,116.281,141.524,128.436,127.530,118.748,117.555,141.390,138.811,148.949,113.401,119.713,116.444,128.873,147.417,141.532,117.401,127.265,123.754,114.611,118.184,120.863,128.804,180.061,114.853,116.356,128.177,115.328,128.299,119.648,118.309,124.495,113.235,131.377,141.981,116.231,134.415,125.890,115.464,143.910,135.930,123.118,114.744,122.377,121.545,114.407,118.953,118.136,122.519,119.679,115.163,130.449,126.296,119.221,125.549,119.969,126.148,125.865,117.709,119.799,113.928,117.186,111.818,126.343,120.566,131.179,115.234,119.190,118.078,139.855,115.405,113.438,111.610,119.014,122.260,113.309,113.868,115.315,126.126,127.207,138.291,127.931,126.058,136.150,145.819,135.522,126.516,119.415,119.446,115.797,143.716,123.423,117.404,113.664,134.130,118.100,120.517,131.050,136.826,119.363,141.502,124.061,123.852,128.487,119.934,117.910,121.636,162.200,117.921,122.530,136.903,110.968,131.095,118.625,116.652,127.719,122.775,116.611,122.214,119.339,121.477,116.796,128.790,137.502,122.372,122.393,126.453,122.549,124.189,116.425,117.492,121.742,115.333,122.072,121.864,121.456,122.191,116.580,119.802,115.200,130.677
82.0000,123.210,119.788,115.933,135.431,119.789,124.028,130.598,116.745,151.432,133.684,125.386,129.630,131.650,120.806,120.957,129.219,116.604,124.482,143.568,125.805,160.263,121.764,124.197,129.990,119.792,128.943,151.886,115.042,136.519,110.516,127.591,113.437,114.386,121.902,132.501,113.440,134.177,124.974,130.643,154.610,141.589,116.613,126.637,123.975,146.425,135.705,119.559,126.309,135.368,115.029,127.165,117.513,114.193,117.917,120.931,114.668,124.117,129.569,129.603,114.361,116.251,141.479,128.405,127.491,118.724,117.522,141.303,138.807,148.811,113.371,119.678,116.406,128.848,147.456,141.518,117.371,127.239,123.716,114.577,118.152,120.827,128.761,187.069,114.821,116.324,128.139,115.292,128.268,119.619,118.277,124.467,113.208,131.351,141.954,116.198,134.396,125.853,115.433,143.884,135.897,123.079,114.711,122.342,121.509,114.378,118.917,118.102,122.485,119.649,115.127,130.417,126.268,119.194,125.513,119.934,126.113,125.840,117.676,119.763,113.897,117.153,111.785,126.309,120.532,131.140,115.203,119.159,118.045,139.831,115.373,113.406,111.583,118.982,122.227,113.277,113.837,115.283,126.101,127.183,138.228,127.904,126.026,136.114,145.737,135.488,126.479,119.378,119.411,115.762,143.687,123.389,117.369,113.633,134.100,118.069,120.489,131.020,136.827,119.331,141.417,124.032,123.821,128.455,119.900,117.874,121.605,162.655,117.887,122.502,136.885,110.931,131.061,118.595,116.620,127.677,122.741,116.579,122.174,119.305,121.441,116.762,128.747,137.456,122.339,122.355,126.419,122.516,124.158,116.389,117.459,121.707,115.302,122.044,121.832,121.425,122.157,116.543,119.776,115.165,130.647
84.0000,123.173,119.756,115.896,135.410,119.753,124.000,130.578,116.710,151.492,133.656,125.354,129.596,131.612,120.776,120.927,129.182,116.574,124.442,143.446,125.768,160.259,121.738,124.163,129.953,119.759,128.925,151.938,115.012,136.454,110.481,127.564,113.408,114.352,121.872,132.467,113.406,134.104,124.943,130.601,154.611,141.556,116.584,126.600,123.953,146.412,135.680,119.531,126.284,135.371,114.997,127.116,117.479,114.159,117.884,120.900,114.637,124.084,129.527,129.569,114.329,116.222,141.434,128.375,127.453,118.701,117.489,141.215,138.805,148.674,113.342,119.644,116.369,128.823,147.498,141.506,117.342,127.215,123.679,114.544,118.119,120.792,128.719,198.204,114.791,116.293,128.101,115.257,128.238,119.590,118.246,124.440,113.182,131.326,141.928,116.166,134.378,125.816,115.403,143.860,135.865,123.040,114.679,122.309,121.473,114.349,118.882,118.069,122.453,119.619,115.092,130.385,126.240,119.168,125.478,119.900,126.078,125.816,117.644,119.728,113.865,117.121,111.752,126.276,120.499,131.101,115.173,119.129,118.012,139.808,115.342,113.374,111.557,118.950,122.195,113.246,113.808,115.252,126.078,127.159,138.165,127.878,125.995,136.078,145.655,135.455,126.442,119.342,119.376,115.728,143.658,123.356,117.336,113.603,134.071,118.039,120.462,130.990,136.829,119.300,141.333,124.003,123.790,128.424,119.866,117.840,121.574,163.143,117.854,122.475,136.869,110.896,131.028,118.565,116.589,127.636,122.707,116.548,122.135,119.272,121.406,116.728,128.705,137.410,122.306,122.319,126.386,122.484,124.128,116.353,117.428,121.672,115.272,122.018,121.800,121.396,122.124,116.506,119.751,115.132,130.618
86.0000,123.137,119.725,115.860,135.389,119.716,123.972,130.559,116.675,151.555,133.628,125.323,129.562,131.575,120.746,120.898,129.146,116.545,124.404,143.326,125.733,160.255,121.713,124.129,129.916,119.726,128.908,151.993,114.983,136.389,110.447,127.537,113.380,114.320,121.844,132.434,113.373,134.031,124.914,130.558,154.614,141.525,116.557,126.564,123.931,146.400,135.655,119.504,126.259,135.374,114.967,127.068,117.445,114.126,117.852,120.870,114.606,124.052,129.487,129.535,114.298,116.194,141.390,128.346,127.415,118.679,117.457,141.128,138.804,148.538,113.313,119.610,116.332,128.800,147.541,141.495,117.314,127.191,123.642,114.512,118.088,120.757,128.678,183.161,114.761,116.262,128.064,115.222,128.209,119.562,118.215,124.413,113.156,131.301,141.903,116.134,134.361,125.781,115.373,143.836,135.835,123.003,114.647,122.276,121.438,114.322,118.848,118.037,122.421,119.591,115.057,130.355,126.213,119.144,125.444,119.866,126.044,125.793,117.613,119.693,113.835,117.089,111.721,126.244,120.466,131.064,115.144,119.100,117.981,139.786,115.312,113.343,111.531,118.919,122.164,113.216,113.780,115.221,126.055,127.136,138.103,127.853,125.964,136.043,145.573,135.423,126.406,119.306,119.342,115.695,143.630,123.323,117.303,113.574,134.043,118.009,120.435,130.961,136.833,119.270,141.249,123.975,123.760,128.394,119.834,117.807,121.544,163.667,117.821,122.448,136.853,110.861,130.996,118.536,116.558,127.595,122.674,116.518,122.097,119.240,121.372,116.695,128.663,137.365,122.274,122.283,126.354,122.453,124.099,116.319,117.397,121.638,115.243,121.992,121.769,121.367,122.091,116.470,119.727,115.099,130.590
88.0000,123.102,119.694,115.824,135.370,119.681,123.945,130.541,116.642,151.622,133.602,125.293,129.530,131.539,120.718,120.869,129.111,116.517,124.366,143.206,125.698,160.253,121.688,124.096,129.880,119.695,128.891,152.049,114.955,136.324,110.414,127.512,113.353,114.288,121.817,132.402,113.341,133.960,124.885,130.517,154.620,141.494,116.530,126.528,123.911,146.389,135.630,119.477,126.236,135.380,114.938,127.021,117.412,114.094,117.822,120.841,114.575,124.021,129.447,129.502,114.268,116.167,141.347,128.318,127.379,118.658,117.425,141.042,138.803,148.403,113.286,119.577,116.296,128.777,147.586,141.485,117.287,127.168,123.605,114.480,118.058,120.724,128.637,177.846,114.732,116.232,128.028,115.188,128.181,119.534,118.185,124.388,113.132,131.278,141.878,116.103,134.346,125.746,115.345,143.812,135.805,122.965,114.616,122.243,121.404,114.295,118.814,118.006,122.390,119.563,115.023,130.325,126.187,119.120,125.410,119.834,126.011,125.771,117.583,119.659,113.806,117.058,111.689,126.213,120.434,131.027,115.115,119.071,117.950,139.765,115.283,113.313,111.507,118.889,122.134,113.187,113.752,115.192,126.033,127.115,138.042,127.828,125.934,136.008,145.493,135.391,126.371,119.271,119.309,115.663,143.603,123.291,117.271,113.545,134.015,117.980,120.410,130.932,136.838,119.240,141.166,123.948,123.731,128.364,119.802,117.774,121.515,164.233,117.789,122.423,136.838,110.826,130.964,118.509,116.529,127.555,122.642,116.489,122.059,119.208,121.338,116.663,128.622,137.320,122.243,122.247,126.323,122.422,124.071,116.285,117.366,121.606,115.214,121.967,121.739,121.340,122.059,116.435,119.704,115.067,130.562
90.0000,123.068,119.665,115.789,135.351,119.646,123.920,130.524,116.609,151.692,133.576,125.263,129.498,131.504,120.690,120.842,129.076,116.490,124.328,143.086,125.665,160.253,121.665,124.064,129.845,119.664,128.876,152.109,114.927,136.260,110.381,127.488,113.326,114.257,121.790,132.370,113.310,133.888,124.858,130.475,154.631,141.465,116.504,126.494,123.891,146.381,135.607,119.451,126.213,135.387,114.909,126.974,117.380,114.062,117.792,120.813,114.546,123.991,129.407,129.470,114.238,116.141,141.304,128.291,127.342,118.638,117.395,140.956,138.804,148.268,113.260,119.545,116.261,128.755,147.633,141.477,117.261,127.146,123.570,114.450,118.028,120.691,128.597,174.515,114.703,116.204,127.993,115.155,128.153,119.508,118.156,124.363,113.109,131.255,141.853,116.073,134.331,125.712,115.317,143.789,135.776,122.929,114.587,122.211,121.370,114.268,118.782,117.976,122.360,119.536,114.989,130.296,126.161,119.097,125.377,119.801,125.979,125.750,117.553,119.625,113.777,117.028,111.659,126.182,120.402,130.990,115.088,119.044,117.920,139.745,115.254,113.284,111.484,118.860,122.105,113.158,113.726,115.163,126.013,127.094,137.981,127.805,125.905,135.974,145.412,135.360,126.337,119.236,119.277,115.631,143.578,123.260,117.239,113.518,133.989,117.952,120.385,130.905,136.844,119.212,141.083,123.922,123.703,128.335,119.770,117.742,121.486,164.847,117.758,122.398,136.824,110.793,130.933,118.482,116.500,127.515,122.611,116.461,122.022,119.178,121.306,116.632,128.582,137.276,122.212,122.213,126.292,122.392,124.044,116.252,117.337,121.574,115.186,121.944,121.710,121.313,122.028,116.400,119.682,115.035,130.536
92.0000,123.034,119.636,115.755,135.334,119.611,123.895,130.508,116.577,151.765,133.550,125.235,129.467,131.470,120.662,120.815,129.043,116.464,124.292,142.968,125.632,160.255,121.643,124.033,129.810,119.634,128.862,152.171,114.901,136.197,110.349,127.464,113.301,114.228,121.764,132.339,113.280,133.817,124.831,130.435,154.644,141.437,116.478,126.460,123.873,146.374,135.585,119.427,126.191,135.396,114.881,126.927,117.348,114.031,117.763,120.785,114.517,123.961,129.368,129.438,114.210,116.116,141.262,128.265,127.307,118.620,117.365,140.870,138.807,148.135,113.234,119.514,116.226,128.734,147.683,141.469,117.235,127.125,123.535,114.420,117.999,120.659,128.558,172.070,114.676,116.175,127.959,115.122,128.126,119.482,118.128,124.340,113.087,131.232,141.829,116.044,134.317,125.679,115.290,143.767,135.749,122.893,114.558,122.180,121.337,114.243,118.750,117.946,122.331,119.510,114.957,130.268,126.137,119.075,125.345,119.770,125.947,125.730,117.525,119.593,113.749,116.999,111.629,126.152,120.372,130.955,115.061,119.017,117.891,139.726,115.226,113.256,111.462,118.831,122.076,113.131,113.700,115.135,125.994,127.074,137.921,127.782,125.877,135.941,145.332,135.330,126.303,119.203,119.245,115.600,143.553,123.229,117.209,113.491,133.963,117.925,120.361,130.878,136.852,119.184,141.001,123.896,123.675,128.307,119.740,117.710,121.459,165.516,117.728,122.374,136.811,110.760,130.903,118.456,116.472,127.477,122.580,116.433,121.986,119.148,121.273,116.601,128.542,137.233,122.182,122.179,126.263,122.363,124.017,116.220,117.308,121.542,115.159,121.921,121.681,121.287,121.998,116.367,119.660,115.005,130.510
94.0000,123.001,119.608,115.721,135.318,119.578,123.872,130.494,116.545,151.842,133.526,125.207,129.437,131.437,120.636,120.790,129.010,116.438,124.256,142.850,125.600,160.258,121.621,124.002,129.776,119.604,128.848,152.236,114.876,136.134,110.318,127.442,113.276,114.198,121.740,132.308,113.250,133.747,124.805,130.395,154.662,141.410,116.454,126.428,123.856,146.369,135.563,119.403,126.170,135.407,114.854,126.881,117.317,114.000,117.735,120.759,114.490,123.933,129.330,129.408,114.182,116.092,141.220,128.240,127.272,118.602,117.337,140.785,138.810,148.002,113.210,119.484,116.192,128.715,147.734,141.463,117.211,127.105,123.501,114.391,117.972,120.628,128.520,170.127,114.649,116.148,127.925,115.091,128.100,119.458,118.100,124.317,113.066,131.211,141.806,116.015,134.303,125.647,115.265,143.746,135.723,122.858,114.530,122.150,121.305,114.219,118.719,117.917,122.302,119.484,114.925,130.241,126.113,119.054,125.313,119.740,125.916,125.710,117.497,119.561,113.722,116.971,111.601,126.124,120.342,130.920,115.035,118.990,117.863,139.708,115.199,113.228,111.440,118.804,122.048,113.104,113.675,115.108,125.975,127.055,137.861,127.761,125.850,135.909,145.253,135.300,126.271,119.170,119.215,115.570,143.530,123.200,117.179,113.465,133.938,117.899,120.338,130.852,136.861,119.158,140.920,123.872,123.649,128.280,119.710,117.680,121.432,166.250,117.699,122.351,136.800,110.728,130.873,118.431,116.445,127.438,122.551,116.407,121.950,119.119,121.242,116.571,128.503,137.190,122.153,122.145,126.234,122.335,123.992,116.189,117.280,121.512,115.132,121.899,121.653,121.262,121.968,116.334,119.640,114.975,130.485
96.0000,122.970,119.582,115.689,135.303,119.545,123.850,130.480,116.515,151.922,133.502,125.181,129.409,131.405,120.610,120.765,128.979,116.414,124.222,142.733,125.569,160.263,121.601,123.972,129.743,119.576,128.836,152.304,114.851,136.071,110.287,127.421,113.253,114.170,121.716,132.279,113.222,133.677,124.779,130.356,154.683,141.384,116.430,126.396,123.841,146.366,135.542,119.380,126.151,135.420,114.828,126.836,117.287,113.971,117.708,120.733,114.463,123.905,129.292,129.378,114.155,116.069,141.179,128.215,127.238,118.587,117.309,140.701,138.815,147.870,113.187,119.454,116.159,128.696,147.787,141.459,117.187,127.086,123.467,114.363,117.945,120.597,128.482,168.511,114.624,116.122,127.892,115.059,128.075,119.434,118.074,124.295,113.047,131.190,141.782,115.988,134.291,125.615,115.240,143.725,135.697,122.824,114.503,122.121,121.274,114.195,118.688,117.889,122.274,119.460,114.894,130.215,126.090,119.034,125.282,119.710,125.886,125.692,117.470,119.530,113.695,116.944,111.573,126.096,120.313,130.887,115.010,118.965,117.836,139.691,115.173,113.202,111.420,118.777,122.021,113.078,113.651,115.081,125.958,127.037,137.802,127.740,125.823,135.877,145.174,135.271,126.239,119.137,119.185,115.541,143.508,123.171,117.150,113.441,133.914,117.874,120.316,130.828,136.872,119.132,140.839,123.848,123.624,128.254,119.681,117.650,121.406,167.062,117.670,122.329,136.789,110.696,130.845,118.407,116.419,127.401,122.522,116.381,121.916,119.091,121.211,116.542,128.465,137.148,122.125,122.113,126.206,122.308,123.967,116.158,117.253,121.482,115.107,121.878,121.626,121.238,121.940,116.301,119.621,114.946,130.461
98.0000,122.939,119.556,115.656,135.289,119.512,123.829,130.468,116.485,152.007,133.479,125.155,129.381,131.374,120.586,120.741,128.949,116.390,124.188,142.616,125.539,160.269,121.582,123.943,129.710,119.548,128.824,152.375,114.828,136.010,110.258,127.400,113.231,114.143,121.693,132.249,113.194,133.608,124.755,130.317,154.709,141.359,116.408,126.366,123.826,146.365,135.522,119.358,126.132,135.434,114.803,126.791,117.258,113.942,117.682,120.709,114.437,123.879,129.255,129.349,114.129,116.047,141.139,128.192,127.205,118.572,117.283,140.616,138.821,147.739,113.165,119.425,116.126,128.678,147.843,141.456,117.165,127.068,123.434,114.336,117.919,120.568,128.446,167.123,114.599,116.097,127.860,115.029,128.050,119.412,118.048,124.275,113.028,131.170,141.760,115.961,134.281,125.585,115.215,143.705,135.674,122.790,114.476,122.092,121.243,114.173,118.659,117.861,122.247,119.436,114.863,130.190,126.069,119.016,125.252,119.681,125.857,125.675,117.444,119.500,113.670,116.918,111.546,126.069,120.285,130.854,114.986,118.941,117.810,139.676,115.148,113.176,111.401,118.751,121.995,113.053,113.628,115.056,125.942,127.020,137.743,127.721,125.798,135.846,145.096,135.243,126.208,119.106,119.156,115.513,143.487,123.143,117.121,113.417,133.891,117.850,120.295,130.804,136.885,119.107,140.758,123.826,123.599,128.229,119.653,117.621,121.381,167.968,117.642,122.308,136.780,110.666,130.817,118.384,116.394,127.364,122.494,116.356,121.882,119.063,121.181,116.514,128.427,137.106,122.098,122.081,126.179,122.282,123.944,116.128,117.226,121.454,115.082,121.858,121.600,121.215,121.912,116.270,119.602,114.918,130.438
100.000,122.909,119.531,115.625,135.276,119.480,123.809,130.457,116.456,152.096,133.457,125.130,129.354,131.344,120.562,120.718,128.919,116.368,124.155,142.501,125.510,160.277,121.563,123.914,129.678,119.521,128.814,152.449,114.806,135.948,110.229,127.381,113.210,114.117,121.671,132.221,113.168,133.539,124.732,130.279,154.739,141.336,116.386,126.337,123.814,146.367,135.503,119.338,126.114,135.451,114.779,126.747,117.229,113.914,117.657,120.685,114.411,123.853,129.218,129.321,114.104,116.026,141.100,128.170,127.173,118.559,117.257,140.533,138.829,147.608,113.144,119.397,116.095,128.662,147.902,141.455,117.143,127.051,123.402,114.310,117.894,120.540,128.410,165.903,114.575,116.072,127.829,114.999,128.027,119.390,118.023,124.256,113.011,131.151,141.738,115.936,134.271,125.556,115.192,143.685,135.651,122.758,114.451,122.064,121.214,114.152,118.630,117.835,122.221,119.414,114.834,130.166,126.048,118.998,125.223,119.653,125.829,125.660,117.419,119.470,113.645,116.892,111.519,126.043,120.258,130.822,114.963,118.917,117.785,139.661,115.124,113.151,111.383,118.726,121.970,113.029,113.605,115.031,125.928,127.004,137.685,127.702,125.773,135.816,145.019,135.216,126.178,119.075,119.128,115.486,143.467,123.116,117.094,113.394,133.868,117.827,120.275,130.781,136.899,119.083,140.678,123.804,123.576,128.204,119.626,117.593,121.357,168.991,117.616,122.288,136.771,110.636,130.790,118.362,116.369,127.327,122.467,116.333,121.848,119.037,121.152,116.487,128.390,137.065,122.071,122.051,126.153,122.257,123.921,116.099,117.201,121.426,115.059,121.840,121.574,121.192,121.885,116.239,119.585,114.890,130.416
102.000,122.881,119.507,115.594,135.265,119.449,123.790,130.447,116.428,152.189,133.435,125.106,129.328,131.315,120.538,120.696,128.891,116.346,124.124,142.386,125.482,160.287,121.546,123.886,129.647,119.496,128.805,152.526,114.786,135.888,110.201,127.363,113.190,114.091,121.651,132.193,113.142,133.471,124.710,130.242,154.774,141.314,116.365,126.309,123.802,146.370,135.485,119.318,126.098,135.469,114.756,126.704,117.202,113.887,117.633,120.662,114.387,123.829,129.182,129.293,114.080,116.006,141.061,128.149,127.141,118.548,117.232,140.449,138.838,147.478,113.125,119.370,116.064,128.647,147.963,141.455,117.122,127.036,123.371,114.285,117.870,120.512,128.375,164.813,114.552,116.049,127.799,114.970,128.004,119.369,117.999,124.238,112.996,131.132,141.716,115.911,134.262,125.528,115.170,143.666,135.630,122.726,114.427,122.037,121.185,114.131,118.603,117.809,122.196,119.392,114.805,130.143,126.028,118.982,125.195,119.625,125.802,125.645,117.396,119.442,113.622,116.868,111.494,126.018,120.231,130.791,114.941,118.895,117.761,139.648,115.101,113.127,111.366,118.702,121.946,113.006,113.584,115.008,125.914,126.990,137.628,127.685,125.749,135.787,144.942,135.190,126.148,119.045,119.101,115.459,143.449,123.090,117.067,113.372,133.847,117.805,120.255,130.759,136.915,119.060,140.599,123.784,123.553,128.181,119.600,117.566,121.334,170.161,117.590,122.269,136.764,110.607,130.763,118.342,116.346,127.292,122.440,116.310,121.816,119.012,121.124,116.461,128.354,137.024,122.046,122.021,126.128,122.233,123.899,116.071,117.176,121.399,115.036,121.822,121.550,121.171,121.859,116.209,119.569,114.864,130.394
104.000,122.853,119.485,115.565,135.255,119.419,123.773,130.439,116.401,152.287,133.414,125.084,129.303,131.287,120.516,120.675,128.864,116.326,124.093,142.272,125.456,160.299,121.530,123.859,129.617,119.471,128.797,152.606,114.766,135.827,110.174,127.346,113.171,114.067,121.631,132.166,113.117,133.403,124.688,130.205,154.813,141.293,116.345,126.283,123.792,146.376,135.468,119.299,126.083,135.490,114.734,126.661,117.175,113.861,117.610,120.641,114.364,123.805,129.147,129.267,114.057,115.987,141.022,128.129,127.110,118.538,117.209,140.366,138.849,147.350,113.107,119.344,116.033,128.633,148.026,141.456,117.103,127.022,123.340,114.261,117.847,120.486,128.341,163.826,114.530,116.026,127.770,114.942,127.982,119.350,117.976,124.221,112.981,131.115,141.695,115.887,134.254,125.501,115.149,143.648,135.610,122.695,114.403,122.011,121.157,114.112,118.576,117.785,122.172,119.372,114.778,130.121,126.009,118.966,125.168,119.599,125.775,125.631,117.373,119.414,113.599,116.845,111.469,125.994,120.206,130.761,114.919,118.873,117.738,139.636,115.079,113.104,111.351,118.678,121.923,112.984,113.564,114.985,125.902,126.976,137.571,127.669,125.726,135.759,144.866,135.164,126.120,119.016,119.075,115.434,143.431,123.064,117.041,113.352,133.826,117.784,120.237,130.738,136.933,119.039,140.520,123.764,123.532,128.158,119.574,117.540,121.311,171.529,117.565,122.251,136.758,110.579,130.738,118.322,116.324,127.257,122.415,116.288,121.784,118.987,121.096,116.436,128.319,136.985,122.021,121.991,126.104,122.210,123.879,116.044,117.152,121.373,115.014,121.806,121.526,121.151,121.834,116.180,119.554,114.839,130.374
106.000,122.827,119.463,115.536,135.246,119.389,123.758,130.431,116.375,152.389,133.395,125.062,129.280,131.261,120.495,120.656,128.838,116.306,124.063,142.158,125.430,160.312,121.516,123.833,129.588,119.447,128.790,152.690,114.748,135.768,110.148,127.330,113.153,114.044,121.613,132.139,113.094,133.336,124.668,130.169,154.858,141.274,116.327,126.257,123.784,146.385,135.451,119.282,126.069,135.513,114.713,126.618,117.148,113.835,117.588,120.620,114.342,123.783,129.112,129.241,114.034,115.970,140.985,128.110,127.080,118.530,117.187,140.284,138.861,147.222,113.090,119.319,116.004,128.620,148.092,141.460,117.085,127.009,123.310,114.238,117.825,120.460,128.308,162.923,114.509,116.005,127.741,114.914,127.961,119.331,117.954,124.205,112.969,131.098,141.674,115.864,134.248,125.475,115.129,143.631,135.591,122.664,114.381,121.985,121.130,114.093,118.550,117.761,122.148,119.352,114.751,130.100,125.991,118.952,125.141,119.573,125.750,125.619,117.351,119.387,113.577,116.822,111.446,125.971,120.181,130.732,114.899,118.852,117.716,139.625,115.058,113.081,111.337,118.656,121.901,112.963,113.545,114.963,125.891,126.964,137.515,127.654,125.704,135.732,144.790,135.140,126.092,118.987,119.050,115.410,143.416,123.040,117.016,113.332,133.807,117.764,120.220,130.718,136.952,119.018,140.442,123.746,123.511,128.136,119.550,117.515,121.290,173.166,117.541,122.234,136.754,110.552,130.713,118.303,116.303,127.223,122.390,116.268,121.753,118.964,121.069,116.411,128.285,136.945,121.998,121.963,126.081,122.188,123.859,116.018,117.130,121.348,114.993,121.790,121.503,121.132,121.809,116.152,119.540,114.814,130.355
108.000,122.802,119.443,115.507,135.239,119.360,123.743,130.425,116.350,152.497,133.376,125.042,129.257,131.236,120.474,120.637,128.813,116.288,124.034,142.046,125.406,160.328,121.502,123.807,129.559,119.424,128.785,152.778,114.731,135.709,110.122,127.315,113.137,114.021,121.595,132.114,113.071,133.270,124.649,130.134,154.909,141.256,116.309,126.233,123.778,146.396,135.436,119.265,126.056,135.539,114.693,126.577,117.123,113.811,117.568,120.600,114.320,123.762,129.078,129.217,114.013,115.953,140.948,128.092,127.051,118.523,117.165,140.202,138.874,147.094,113.074,119.295,115.975,128.608,148.160,141.464,117.067,126.997,123.281,114.217,117.804,120.436,128.276,162.089,114.489,115.984,127.714,114.887,127.941,119.314,117.932,124.190,112.957,131.082,141.654,115.842,134.242,125.450,115.110,143.614,135.574,122.635,114.360,121.961,121.104,114.076,118.525,117.738,122.126,119.334,114.725,130.080,125.975,118.939,125.116,119.548,125.725,125.608,117.330,119.361,113.557,116.801,111.423,125.949,120.158,130.704,114.880,118.833,117.695,139.616,115.038,113.060,111.324,118.635,121.880,112.944,113.527,114.943,125.882,126.952,137.460,127.640,125.683,135.705,144.715,135.116,126.066,118.960,119.026,115.387,143.402,123.017,116.992,113.314,133.789,117.745,120.203,130.699,136.973,118.998,140.365,123.729,123.492,128.116,119.526,117.491,121.270,175.203,117.518,122.218,136.750,110.526,130.689,118.286,116.283,127.189,122.367,116.248,121.723,118.942,121.043,116.388,128.251,136.907,121.975,121.936,126.058,122.167,123.841,115.992,117.108,121.325,114.973,121.776,121.481,121.114,121.786,116.125,119.528,114.791,130.337
110.000,122.778,119.424,115.480,135.233,119.332,123.731,130.421,116.326,152.609,133.357,125.022,129.236,131.212,120.455,120.620,128.790,116.270,124.007,141.934,125.382,160.346,121.490,123.782,129.531,119.402,128.780,152.869,114.716,135.651,110.098,127.302,113.122,114.000,121.579,132.089,113.050,133.204,124.631,130.100,154.965,141.240,116.292,126.211,123.773,146.409,135.422,119.250,126.045,135.567,114.674,126.536,117.099,113.787,117.549,120.582,114.300,123.742,129.045,129.193,113.993,115.938,140.912,128.076,127.023,118.519,117.145,140.121,138.890,146.968,113.060,119.272,115.947,128.598,148.232,141.471,117.051,126.987,123.253,114.196,117.784,120.412,128.245,161.313,114.470,115.965,127.688,114.862,127.922,119.297,117.912,124.177,112.948,131.067,141.635,115.822,134.239,125.426,115.092,143.598,135.559,122.607,114.339,121.937,121.079,114.060,118.502,117.716,122.105,119.317,114.700,130.061,125.959,118.928,125.091,119.525,125.702,125.598,117.311,119.337,113.537,116.781,111.401,125.928,120.135,130.677,114.862,118.814,117.675,139.608,115.019,113.040,111.312,118.614,121.860,112.925,113.511,114.923,125.875,126.942,137.405,127.627,125.662,135.680,144.641,135.093,126.041,118.933,119.003,115.365,143.389,122.994,116.969,113.297,133.771,117.728,120.188,130.682,136.997,118.980,140.288,123.713,123.474,128.096,119.504,117.467,121.251,177.888,117.497,122.203,136.748,110.500,130.666,118.270,116.264,127.157,122.345,116.229,121.694,118.921,121.018,116.366,128.218,136.869,121.953,121.909,126.038,122.147,123.823,115.968,117.087,121.302,114.955,121.763,121.460,121.098,121.764,116.099,119.516,114.768,130.320
112.000,122.755,119.406,115.454,135.229,119.304,123.720,130.418,116.303,152.728,133.340,125.004,129.216,131.189,120.436,120.603,128.768,116.254,123.980,141.823,125.360,160.366,121.480,123.758,129.504,119.381,128.777,152.963,114.702,135.594,110.075,127.290,113.108,113.980,121.564,132.065,113.030,133.138,124.614,130.066,155.027,141.225,116.276,126.190,123.770,146.426,135.408,119.236,126.035,135.598,114.656,126.495,117.075,113.764,117.531,120.565,114.281,123.723,129.012,129.170,113.974,115.925,140.876,128.061,126.996,118.516,117.127,140.040,138.907,146.843,113.048,119.249,115.920,128.590,148.306,141.480,117.036,126.979,123.225,114.177,117.766,120.390,128.215,160.587,114.452,115.947,127.662,114.836,127.904,119.282,117.893,124.165,112.940,131.053,141.615,115.802,134.236,125.404,115.075,143.582,135.545,122.579,114.320,121.914,121.055,114.045,118.479,117.695,122.084,119.301,114.676,130.044,125.944,118.918,125.067,119.502,125.679,125.590,117.293,119.313,113.519,116.762,111.380,125.909,120.114,130.651,114.845,118.796,117.657,139.602,115.002,113.021,111.302,118.595,121.841,112.907,113.495,114.905,125.869,126.934,137.351,127.616,125.643,135.655,144.568,135.071,126.016,118.907,118.981,115.344,143.378,122.973,116.947,113.281,133.755,117.711,120.174,130.665,137.022,118.962,140.212,123.698,123.457,128.078,119.482,117.445,121.233,181.809,117.476,122.189,136.748,110.476,130.644,118.256,116.247,127.125,122.323,116.212,121.666,118.901,120.994,116.345,128.186,136.832,121.933,121.884,126.018,122.129,123.807,115.945,117.067,121.280,114.937,121.752,121.440,121.082,121.742,116.073,119.506,114.747,130.304
114.000,122.733,119.389,115.428,135.226,119.278,123.710,130.417,116.281,152.853,133.324,124.987,129.197,131.168,120.418,120.588,128.747,116.239,123.955,141.713,125.340,160.388,121.470,123.735,129.478,119.361,128.775,153.062,114.690,135.537,110.052,127.280,113.096,113.962,121.551,132.041,113.011,133.074,124.598,130.033,155.097,141.212,116.262,126.171,123.769,146.445,135.396,119.223,126.026,135.632,114.640,126.455,117.053,113.742,117.515,120.548,114.263,123.706,128.981,129.148,113.956,115.912,140.841,128.047,126.970,118.516,117.109,139.959,138.925,146.718,113.037,119.228,115.893,128.583,148.383,141.490,117.023,126.971,123.199,114.158,117.749,120.369,128.186,159.904,114.435,115.930,127.638,114.812,127.886,119.269,117.875,124.155,112.934,131.040,141.597,115.784,134.235,125.383,115.060,143.568,135.533,122.553,114.302,121.892,121.032,114.031,118.457,117.675,122.065,119.286,114.652,130.028,125.931,118.909,125.045,119.480,125.658,125.583,117.276,119.290,113.501,116.745,111.360,125.890,120.093,130.627,114.829,118.780,117.640,139.597,114.985,113.002,111.293,118.577,121.823,112.891,113.481,114.888,125.864,126.926,137.298,127.606,125.625,135.632,144.495,135.050,125.993,118.882,118.960,115.324,143.369,122.952,116.926,113.266,133.740,117.696,120.161,130.650,137.050,118.946,140.137,123.684,123.441,128.060,119.462,117.424,121.216,189.018,117.456,122.177,136.749,110.452,130.623,118.242,116.230,127.094,122.303,116.196,121.639,118.882,120.971,116.324,128.155,136.795,121.913,121.859,125.999,122.111,123.792,115.922,117.048,121.260,114.920,121.742,121.421,121.068,121.722,116.049,119.497,114.726,130.289
116.000,122.713,119.374,115.403,135.225,119.252,123.703,130.417,116.261,152.983,133.308,124.972,129.180,131.149,120.402,120.574,128.728,116.225,123.932,141.603,125.320,160.413,121.463,123.713,129.453,119.342,128.775,153.165,114.679,135.481,110.031,127.271,113.085,113.944,121.539,132.019,112.994,133.010,124.584,130.001,155.173,141.201,116.249,126.154,123.770,146.468,135.385,119.212,126.019,135.668,114.624,126.416,117.031,113.721,117.499,120.534,114.246,123.690,128.949,129.128,113.939,115.901,140.807,128.035,126.945,118.517,117.093,139.879,138.946,146.594,113.028,119.209,115.868,128.577,148.463,141.503,117.010,126.966,123.173,114.142,117.733,120.349,128.158,159.258,114.420,115.915,127.615,114.789,127.870,119.256,117.858,124.147,112.929,131.027,141.579,115.766,134.235,125.363,115.046,143.554,135.523,122.527,114.286,121.872,121.010,114.019,118.437,117.656,122.047,119.272,114.630,130.013,125.919,118.902,125.023,119.459,125.638,125.578,117.260,119.268,113.485,116.728,111.342,125.873,120.074,130.603,114.814,118.764,117.624,139.593,114.970,112.985,111.285,118.560,121.806,112.876,113.468,114.872,125.862,126.920,137.246,127.598,125.608,135.609,144.423,135.031,125.970,118.858,118.940,115.306,143.361,122.933,116.906,113.253,133.726,117.683,120.150,130.636,137.079,118.931,140.063,123.672,123.427,128.044,119.442,117.404,121.200,194.961,117.438,122.166,136.751,110.430,130.603,118.231,116.215,127.064,122.284,116.181,121.613,118.865,120.948,116.306,128.125,136.759,121.895,121.836,125.982,122.095,123.778,115.901,117.030,121.240,114.905,121.733,121.402,121.055,121.703,116.025,119.490,114.707,130.275
118.000,122.695,119.360,115.380,135.226,119.226,123.698,130.419,116.241,153.121,133.294,124.958,129.164,131.131,120.386,120.562,128.711,116.213,123.909,141.494,125.303,160.440,121.457,123.692,129.429,119.325,128.776,153.273,114.670,135.426,110.011,127.263,113.076,113.928,121.528,131.997,112.977,132.946,124.571,129.970,155.257,141.192,116.237,126.138,123.773,146.495,135.375,119.202,126.014,135.708,114.610,126.378,117.010,113.702,117.486,120.520,114.230,123.676,128.919,129.108,113.924,115.892,140.774,128.024,126.921,118.521,117.079,139.800,138.969,146.471,113.020,119.190,115.843,128.573,148.547,141.518,117.000,126.961,123.148,114.126,117.718,120.330,128.131,158.644,114.406,115.901,127.594,114.766,127.855,119.245,117.842,124.139,112.927,131.016,141.561,115.751,134.236,125.345,115.033,143.541,135.514,122.503,114.270,121.852,120.990,114.008,118.418,117.638,122.029,119.260,114.610,129.999,125.908,118.897,125.003,119.440,125.619,125.574,117.246,119.247,113.470,116.713,111.324,125.858,120.055,130.581,114.800,118.750,117.610,139.592,114.956,112.970,111.280,118.544,121.791,112.863,113.456,114.857,125.861,126.915,137.194,127.591,125.592,135.588,144.352,135.012,125.949,118.835,118.922,115.288,143.355,122.915,116.887,113.241,133.713,117.671,120.139,130.623,137.111,118.918,139.989,123.661,123.414,128.029,119.424,117.385,121.185,184.145,117.421,122.156,136.755,110.408,130.584,118.220,116.201,127.034,122.265,116.168,121.588,118.848,120.927,116.288,128.096,136.724,121.878,121.813,125.966,122.081,123.766,115.881,117.013,121.222,114.890,121.726,121.385,121.044,121.685,116.003,119.484,114.689,130.263
120.000,122.678,119.348,115.357,135.228,119.202,123.694,130.422,116.222,153.266,133.280,124.945,129.150,131.115,120.372,120.551,128.695,116.202,123.889,141.386,125.286,160.470,121.452,123.671,129.406,119.309,128.779,153.385,114.663,135.372,109.992,127.258,113.069,113.913,121.519,131.976,112.963,132.884,124.559,129.940,155.349,141.184,116.226,126.124,123.779,146.524,135.367,119.193,126.010,135.751,114.598,126.340,116.991,113.683,117.474,120.508,114.216,123.663,128.889,129.090,113.910,115.885,140.742,128.015,126.898,118.528,117.066,139.721,138.993,146.348,113.015,119.172,115.820,128.571,148.634,141.534,116.990,126.959,123.124,114.112,117.705,120.313,128.106,158.060,114.393,115.888,127.573,114.745,127.841,119.235,117.827,124.134,112.927,131.006,141.543,115.736,134.239,125.328,115.021,143.529,135.508,122.480,114.256,121.833,120.970,113.998,118.400,117.622,122.013,119.249,114.590,129.987,125.898,118.893,124.983,119.421,125.601,125.571,117.233,119.228,113.456,116.700,111.307,125.843,120.038,130.560,114.788,118.737,117.597,139.592,114.944,112.955,111.276,118.529,121.777,112.850,113.446,114.843,125.862,126.912,137.144,127.586,125.578,135.568,144.282,134.994,125.930,118.813,118.905,115.273,143.351,122.898,116.869,113.230,133.702,117.660,120.130,130.612,137.146,118.906,139.916,123.651,123.402,128.016,119.407,117.367,121.172,179.247,117.405,122.148,136.761,110.388,130.566,118.212,116.189,127.006,122.249,116.156,121.564,118.834,120.906,116.271,128.068,136.690,121.862,121.792,125.951,122.067,123.755,115.862,116.997,121.205,114.877,121.720,121.370,121.033,121.668,115.982,119.480,114.672,130.252
122.000,122.663,119.337,115.335,135.233,119.178,123.693,130.428,116.205,153.419,133.268,124.934,129.137,131.100,120.358,120.541,128.681,116.192,123.869,141.279,125.272,160.503,121.449,123.652,129.384,119.294,128.783,153.503,114.658,135.318,109.974,127.254,113.063,113.899,121.511,131.956,112.949,132.821,124.549,129.911,155.450,141.178,116.217,126.113,123.787,146.558,135.359,119.186,126.008,135.798,114.587,126.304,116.972,113.665,117.464,120.497,114.203,123.651,128.860,129.073,113.897,115.879,140.710,128.008,126.876,118.537,117.054,139.642,139.020,146.227,113.012,119.156,115.797,128.571,148.724,141.554,116.982,126.958,123.101,114.100,117.693,120.297,128.083,157.502,114.381,115.876,127.554,114.724,127.828,119.227,117.814,124.131,112.929,130.997,141.527,115.723,134.244,125.313,115.011,143.517,135.504,122.457,114.243,121.815,120.952,113.990,118.383,117.606,121.999,119.239,114.571,129.976,125.890,118.891,124.965,119.404,125.584,125.571,117.222,119.209,113.443,116.688,111.292,125.831,120.022,130.541,114.777,118.726,117.586,139.594,114.932,112.942,111.274,118.515,121.764,112.839,113.437,114.831,125.865,126.911,137.094,127.582,125.564,135.549,144.212,134.978,125.911,118.791,118.889,115.258,143.349,122.883,116.852,113.221,133.692,117.651,120.123,130.602,137.183,118.895,139.844,123.643,123.392,128.003,119.391,117.351,121.160,176.113,117.390,122.141,136.768,110.369,130.550,118.205,116.178,126.978,122.233,116.145,121.541,118.820,120.887,116.256,128.041,136.656,121.847,121.772,125.937,122.056,123.746,115.844,116.983,121.190,114.865,121.717,121.355,121.025,121.652,115.962,119.477,114.656,130.242
124.000,122.649,119.328,115.314,135.239,119.156,123.694,130.435,116.189,153.580,133.257,124.924,129.126,131.088,120.346,120.533,128.669,116.184,123.851,141.173,125.259,160.538,121.449,123.633,129.362,119.280,128.789,153.625,114.655,135.266,109.957,127.251,113.060,113.887,121.505,131.937,112.938,132.760,124.540,129.882,155.561,141.175,116.209,126.104,123.798,146.596,135.353,119.181,126.008,135.849,114.577,126.268,116.954,113.649,117.455,120.488,114.191,123.642,128.832,129.057,113.885,115.875,140.680,128.003,126.855,118.549,117.045,139.564,139.049,146.106,113.010,119.141,115.776,128.573,148.818,141.575,116.976,126.960,123.079,114.089,117.683,120.282,128.060,156.966,114.371,115.866,127.537,114.705,127.817,119.220,117.802,124.129,112.934,130.988,141.510,115.711,134.251,125.300,115.002,143.506,135.502,122.436,114.232,121.799,120.934,113.983,118.368,117.592,121.985,119.231,114.554,129.967,125.884,118.891,124.948,119.387,125.570,125.572,117.212,119.192,113.432,116.677,111.278,125.820,120.008,130.523,114.767,118.715,117.577,139.598,114.923,112.930,111.274,118.503,121.753,112.830,113.430,114.820,125.871,126.911,137.045,127.580,125.552,135.531,144.144,134.962,125.894,118.771,118.875,115.246,143.350,122.868,116.837,113.214,133.683,117.643,120.116,130.593,137.223,118.886,139.773,123.637,123.383,127.993,119.376,117.336,121.149,173.806,117.377,122.135,136.777,110.351,130.534,118.200,116.169,126.952,122.218,116.136,121.519,118.809,120.869,116.242,128.015,136.623,121.834,121.753,125.926,122.045,123.738,115.828,116.970,121.176,114.855,121.714,121.341,121.018,121.637,115.943,119.476,114.642,130.234
126.000,122.637,119.321,115.295,135.248,119.134,123.698,130.445,116.175,153.750,133.246,124.916,129.116,131.077,120.335,120.527,128.659,116.177,123.835,141.067,125.248,160.577,121.450,123.616,129.342,119.268,128.796,153.753,114.655,135.214,109.941,127.251,113.058,113.877,121.502,131.919,112.928,132.700,124.533,129.855,155.682,141.174,116.203,126.097,123.812,146.638,135.348,119.177,126.009,135.904,114.569,126.233,116.938,113.633,117.449,120.480,114.181,123.634,128.805,129.043,113.875,115.872,140.650,127.998,126.836,118.565,117.037,139.486,139.080,145.986,113.012,119.128,115.755,128.578,148.916,141.600,116.971,126.963,123.058,114.080,117.674,120.269,128.039,156.451,114.362,115.858,127.521,114.686,127.807,119.215,117.791,124.129,112.941,130.981,141.494,115.701,134.261,125.288,114.995,143.497,135.502,122.416,114.222,121.783,120.919,113.979,118.354,117.579,121.973,119.225,114.538,129.959,125.878,118.893,124.932,119.372,125.557,125.575,117.205,119.177,113.422,116.668,111.265,125.810,119.995,130.507,114.759,118.706,117.568,139.603,114.915,112.919,111.275,118.492,121.743,112.823,113.424,114.811,125.879,126.912,136.997,127.581,125.541,135.514,144.076,134.948,125.878,118.752,118.862,115.235,143.352,122.855,116.823,113.208,133.675,117.638,120.112,130.587,137.265,118.879,139.703,123.632,123.376,127.983,119.363,117.322,121.140,171.983,117.366,122.131,136.788,110.334,130.519,118.196,116.161,126.926,122.205,116.129,121.498,118.798,120.851,116.230,127.991,136.592,121.822,121.735,125.916,122.037,123.732,115.813,116.958,121.163,114.846,121.714,121.329,121.013,121.624,115.925,119.477,114.629,130.227
128.000,122.627,119.316,115.276,135.259,119.113,123.704,130.456,116.162,153.931,133.237,124.910,129.109,131.069,120.326,120.522,128.651,116.173,123.820,140.962,125.239,160.619,121.453,123.599,129.324,119.257,128.806,153.888,114.656,135.164,109.927,127.253,113.058,113.868,121.499,131.902,112.919,132.640,124.527,129.829,155.815,141.175,116.198,126.093,123.829,146.685,135.345,119.175,126.013,135.964,114.563,126.198,116.923,113.619,117.444,120.474,114.172,123.628,128.779,129.030,113.866,115.873,140.621,127.996,126.818,118.584,117.031,139.409,139.114,145.866,113.015,119.116,115.736,128.584,149.019,141.627,116.968,126.968,123.038,114.072,117.668,120.258,128.020,155.954,114.355,115.852,127.506,114.669,127.798,119.212,117.781,124.132,112.951,130.975,141.479,115.692,134.270,125.279,114.990,143.488,135.505,122.398,114.214,121.769,120.904,113.975,118.342,117.567,121.962,119.220,114.523,129.954,125.875,118.897,124.918,119.359,125.544,125.580,117.199,119.162,113.414,116.661,111.253,125.802,119.983,130.493,114.753,118.699,117.562,139.612,114.909,112.910,111.279,118.483,121.735,112.817,113.421,114.803,125.889,126.916,136.950,127.582,125.532,135.501,144.010,134.936,125.864,118.734,118.851,115.225,143.358,122.843,116.810,113.205,133.670,117.633,120.108,130.582,137.311,118.874,139.634,123.628,123.371,127.975,119.351,117.310,121.132,170.477,117.356,122.130,136.801,110.318,130.506,118.195,116.156,126.901,122.194,116.123,121.479,118.790,120.835,116.219,127.967,136.561,121.811,121.719,125.907,122.030,123.727,115.799,116.947,121.153,114.838,121.716,121.318,121.010,121.612,115.909,119.480,114.617,130.222
130.000,122.619,119.312,115.259,135.272,119.093,123.714,130.470,116.150,154.122,133.229,124.906,129.103,131.063,120.318,120.519,128.646,116.170,123.808,140.858,125.231,160.665,121.459,123.584,129.306,119.248,128.817,154.028,114.661,135.114,109.914,127.257,113.061,113.861,121.499,131.886,112.913,132.581,124.523,129.804,155.960,141.178,116.195,126.092,123.850,146.738,135.343,119.176,126.019,136.029,114.559,126.165,116.909,113.606,117.442,120.469,114.165,123.625,128.754,129.018,113.860,115.875,140.593,127.996,126.801,118.607,117.027,139.332,139.150,145.748,113.022,119.106,115.718,128.593,149.125,141.658,116.968,126.976,123.019,114.067,117.664,120.248,128.003,155.475,114.349,115.847,127.493,114.652,127.790,119.210,117.773,124.137,112.964,130.971,141.464,115.686,134.282,125.271,114.987,143.480,135.511,122.381,114.208,121.756,120.891,113.974,118.331,117.557,121.953,119.217,114.509,129.950,125.873,118.903,124.906,119.347,125.533,125.587,117.194,119.149,113.408,116.656,111.243,125.796,119.972,130.479,114.748,118.693,117.559,139.622,114.904,112.902,111.286,118.475,121.728,112.812,113.419,114.797,125.903,126.921,136.904,127.586,125.524,135.486,143.944,134.924,125.851,118.718,118.842,115.217,143.365,122.833,116.798,113.203,133.665,117.631,120.107,130.578,137.359,118.870,139.565,123.627,123.369,127.969,119.340,117.299,121.126,169.198,117.347,122.129,136.816,110.304,130.494,118.196,116.151,126.878,122.184,116.119,121.461,118.783,120.820,116.209,127.945,136.531,121.802,121.704,125.900,122.025,123.724,115.787,116.938,121.143,114.832,121.720,121.308,121.008,121.602,115.894,119.485,114.607,130.218
132.000,122.614,119.310,115.243,135.288,119.074,123.727,130.487,116.140,154.325,133.222,124.904,129.100,131.060,120.311,120.519,128.643,116.169,123.798,140.755,125.227,160.714,121.467,123.570,129.290,119.241,128.830,154.176,114.668,135.066,109.903,127.264,113.066,113.856,121.501,131.871,112.908,132.522,124.523,129.780,156.120,141.185,116.194,126.094,123.874,146.796,135.342,119.178,126.027,136.099,114.556,126.132,116.896,113.595,117.442,120.467,114.160,123.623,128.729,129.008,113.854,115.879,140.566,127.999,126.786,118.634,117.025,139.256,139.190,145.630,113.031,119.097,115.700,128.605,149.236,141.690,116.969,126.986,123.001,114.063,117.660,120.241,127.987,155.010,114.345,115.844,127.482,114.637,127.784,119.212,117.767,124.144,112.981,130.967,141.450,115.680,134.297,125.265,114.985,143.473,135.520,122.365,114.203,121.745,120.881,113.974,118.322,117.548,121.946,119.216,114.498,129.949,125.874,118.912,124.894,119.336,125.525,125.596,117.192,119.138,113.403,116.652,111.234,125.792,119.964,130.468,114.745,118.689,117.557,139.635,114.902,112.896,111.294,118.468,121.723,112.810,113.419,114.793,125.919,126.928,136.860,127.592,125.517,135.474,143.880,134.914,125.840,118.702,118.833,115.211,143.376,122.825,116.788,113.202,133.663,117.631,120.107,130.577,137.411,118.868,139.498,123.628,123.366,127.965,119.331,117.290,121.122,168.085,117.341,122.130,136.834,110.291,130.484,118.200,116.149,126.855,122.175,116.117,121.445,118.778,120.807,116.202,127.924,136.502,121.795,121.690,125.895,122.022,123.724,115.777,116.931,121.136,114.828,121.726,121.300,121.008,121.593,115.880,119.491,114.599,130.217
134.000,122.611,119.311,115.229,135.307,119.056,123.744,130.506,116.132,154.541,133.216,124.904,129.099,131.059,120.306,120.520,128.643,116.169,123.790,140.653,125.224,160.767,121.478,123.557,129.275,119.236,128.846,154.331,114.679,135.019,109.893,127.273,113.074,113.853,121.506,131.857,112.906,132.465,124.522,129.757,156.295,141.196,116.195,126.099,123.903,146.861,135.344,119.182,126.038,136.176,114.555,126.101,116.885,113.585,117.445,120.467,114.157,123.625,128.706,129.000,113.852,115.887,140.540,128.004,126.772,118.667,117.026,139.181,139.232,145.513,113.044,119.091,115.685,128.621,149.352,141.727,116.972,126.999,122.985,114.062,117.660,120.234,127.974,154.559,114.343,115.844,127.473,114.623,127.779,119.214,117.763,124.155,113.001,130.965,141.436,115.677,134.314,125.262,114.986,143.467,135.532,122.351,114.200,121.735,120.871,113.977,118.315,117.541,121.940,119.217,114.488,129.948,125.875,118.923,124.885,119.327,125.518,125.608,117.192,119.128,113.400,116.651,111.227,125.791,119.957,130.458,114.744,118.687,117.557,139.651,114.901,112.892,111.306,118.463,121.721,112.810,113.421,114.790,125.939,126.938,136.816,127.601,125.513,135.464,143.817,134.906,125.831,118.688,118.827,115.208,143.390,122.818,116.779,113.205,133.662,117.634,120.109,130.578,137.467,118.868,139.432,123.631,123.367,127.962,119.324,117.283,121.119,167.103,117.336,122.134,136.853,110.280,130.475,118.206,116.149,126.834,122.168,116.117,121.430,118.776,120.794,116.196,127.907,136.474,121.790,121.678,125.893,122.022,123.725,115.768,116.925,121.130,114.826,121.734,121.293,121.011,121.586,115.868,119.500,114.592,130.217
136.000,122.611,119.315,115.215,135.329,119.039,123.765,130.528,116.127,154.771,133.212,124.907,129.100,131.061,120.302,120.523,128.646,116.172,123.785,140.551,125.225,160.824,121.492,123.545,129.261,119.232,128.863,154.495,114.693,134.973,109.885,127.285,113.085,113.852,121.513,131.844,112.906,132.408,124.524,129.736,156.487,141.211,116.197,126.109,123.938,146.933,135.347,119.189,126.052,136.260,114.557,126.070,116.875,113.576,117.451,120.468,114.155,123.628,128.684,128.993,113.850,115.897,140.515,128.012,126.761,118.705,117.030,139.105,139.278,145.396,113.061,119.086,115.670,128.640,149.474,141.767,116.978,127.014,122.969,114.063,117.661,120.231,127.963,154.120,114.344,115.846,127.466,114.610,127.776,119.219,117.760,124.168,113.026,130.965,141.422,115.677,134.333,125.261,114.989,143.462,135.548,122.338,114.199,121.726,120.863,113.983,118.310,117.535,121.937,119.220,114.479,129.950,125.878,118.937,124.877,119.320,125.513,125.623,117.194,119.120,113.399,116.653,111.222,125.792,119.951,130.452,114.744,118.687,117.560,139.669,114.903,112.890,111.321,118.460,121.720,112.812,113.425,114.789,125.963,126.950,136.774,127.612,125.510,135.456,143.755,134.900,125.824,118.675,118.824,115.206,143.407,122.813,116.772,113.209,133.663,117.639,120.114,130.580,137.527,118.871,139.367,123.636,123.370,127.962,119.320,117.277,121.120,166.227,117.333,122.140,136.876,110.270,130.468,118.215,116.152,126.814,122.163,116.120,121.416,118.776,120.783,116.192,127.887,136.447,121.786,121.668,125.892,122.023,123.729,115.761,116.921,121.127,114.825,121.745,121.288,121.016,121.581,115.858,119.512,114.588,130.220
138.000,122.613,119.321,115.204,135.354,119.024,123.791,130.553,116.123,155.018,133.209,124.913,129.104,131.067,120.300,120.529,128.653,116.178,123.783,140.450,125.228,160.887,121.509,123.535,129.249,119.230,128.884,154.667,114.712,134.929,109.879,127.300,113.099,113.854,121.523,131.833,112.909,132.353,124.529,129.716,156.699,141.223,116.202,126.124,123.978,147.013,135.351,119.198,126.068,136.352,114.562,126.041,116.867,113.569,117.460,120.472,114.156,123.635,128.662,128.989,113.851,115.911,140.492,128.023,126.751,118.750,117.036,139.031,139.327,145.280,113.082,119.083,115.657,128.662,149.600,141.811,116.986,127.033,122.956,114.067,117.666,120.229,127.955,153.692,114.345,115.850,127.462,114.598,127.775,119.226,117.760,124.185,113.056,130.965,141.409,115.678,134.356,125.263,114.994,143.459,135.568,122.328,114.201,121.720,120.857,113.990,118.307,117.532,121.934,119.225,114.472,129.955,125.885,118.955,124.872,119.314,125.511,125.640,117.199,119.114,113.400,116.656,111.218,125.795,119.949,130.447,114.747,118.688,117.566,139.691,114.907,112.889,111.339,118.460,121.721,112.817,113.433,114.791,125.990,126.964,136.733,127.626,125.509,135.449,143.694,134.895,125.819,118.664,118.822,115.208,143.427,122.810,116.768,113.216,133.667,117.646,120.120,130.586,137.591,118.876,139.304,123.643,123.375,127.964,119.316,117.274,121.120,165.437,117.333,122.148,136.901,110.262,130.463,118.227,116.156,126.795,122.162,116.125,121.405,118.778,120.774,116.190,127.871,136.422,121.784,121.660,125.894,122.028,123.735,115.756,116.919,121.126,114.827,121.759,121.285,121.024,121.579,115.850,119.526,114.585,130.224
140.000,122.620,119.330,115.194,135.383,119.009,123.823,130.581,116.120,155.283,133.208,124.921,129.111,131.077,120.300,120.537,128.664,116.186,123.784,140.350,125.235,160.954,121.530,123.526,129.239,119.231,128.910,154.850,114.735,134.886,109.875,127.319,113.117,113.858,121.536,131.823,112.915,132.298,124.537,129.698,156.933,141.243,116.210,126.144,124.025,147.102,135.358,119.210,126.089,136.454,114.569,126.013,116.861,113.565,117.472,120.478,114.159,123.645,128.642,128.987,113.854,115.928,140.469,128.037,126.743,118.804,117.046,138.956,139.380,145.167,113.107,119.083,115.646,128.690,149.733,141.860,116.997,127.055,122.943,114.074,117.673,120.230,127.949,153.274,114.350,115.857,127.460,114.588,127.776,119.236,117.760,124.206,113.091,130.968,141.396,115.682,134.381,125.269,115.002,143.456,135.592,122.318,114.205,121.715,120.853,114.001,118.307,117.531,121.934,119.233,114.468,129.963,125.893,118.976,124.868,119.310,125.511,125.660,117.207,119.109,113.404,116.663,111.217,125.801,119.947,130.445,114.753,118.692,117.575,139.717,114.914,112.891,111.360,118.462,121.725,112.825,113.443,114.795,126.023,126.981,136.694,127.644,125.510,135.445,143.635,134.892,125.816,118.654,118.823,115.212,143.452,122.810,116.765,113.226,133.672,117.657,120.129,130.594,137.660,118.884,139.241,123.653,123.383,127.968,119.314,117.273,121.124,164.720,117.334,122.160,136.930,110.257,130.459,118.243,116.164,126.778,122.159,116.132,121.396,118.783,120.766,116.191,127.857,136.397,121.785,121.654,125.899,122.035,123.744,115.754,116.918,121.127,114.831,121.777,121.285,121.035,121.577,115.842,119.543,114.584,130.231
142.000,122.630,119.343,115.185,135.416,118.996,123.861,130.613,116.120,155.569,133.208,124.933,129.122,131.090,120.303,120.549,128.680,116.197,123.788,140.251,125.245,161.027,121.556,123.518,129.230,119.234,128.933,155.045,114.763,134.845,109.873,127.342,113.139,113.865,121.552,131.814,112.924,132.245,124.547,129.681,157.193,141.267,116.220,126.171,124.080,147.202,135.368,119.226,126.113,136.567,114.579,125.986,116.856,113.562,117.489,120.487,114.165,123.659,128.624,128.987,113.860,115.950,140.448,128.055,126.737,118.868,117.060,138.883,139.438,145.051,113.139,119.085,115.636,128.723,149.873,141.914,117.011,127.080,122.932,114.085,117.683,120.234,127.947,152.866,114.357,115.867,127.461,114.580,127.779,119.250,117.764,124.231,113.134,130.973,141.384,115.689,134.411,125.277,115.013,143.455,135.622,122.311,114.212,121.713,120.852,114.015,118.309,117.531,121.936,119.244,114.466,129.973,125.905,119.001,124.867,119.309,125.514,125.684,117.218,119.107,113.410,116.673,111.217,125.811,119.948,130.446,114.761,118.698,117.588,139.746,114.923,112.895,111.386,118.464,121.731,112.835,113.456,114.802,126.062,127.001,136.657,127.665,125.513,135.444,143.578,134.891,125.816,118.646,118.827,115.218,143.482,122.809,116.763,113.240,133.681,117.671,120.140,130.605,137.734,118.895,139.181,123.666,123.395,127.975,119.315,117.274,121.131,164.067,117.339,122.174,136.961,110.253,130.458,118.263,116.175,126.763,122.161,116.143,121.388,118.792,120.760,116.194,127.845,136.375,121.788,121.649,125.907,122.045,123.756,115.753,116.920,121.132,114.837,121.798,121.284,121.048,121.578,115.838,119.564,114.586,130.241
144.000,122.644,119.359,115.179,135.453,118.984,123.908,130.650,116.123,155.879,133.210,124.949,129.136,131.109,120.306,120.564,128.702,116.212,123.797,140.152,125.260,161.107,121.587,123.512,129.224,119.240,128.962,155.253,114.798,134.806,109.873,127.370,113.165,113.875,121.573,131.807,112.936,132.192,124.561,129.666,157.482,141.296,116.233,126.207,124.146,147.315,135.379,119.245,126.142,136.693,114.592,125.960,116.854,113.561,117.510,120.499,114.173,123.678,128.606,128.989,113.869,115.976,140.429,128.077,126.734,118.945,117.077,138.809,139.500,144.937,113.177,119.090,115.628,128.763,150.019,141.973,117.029,127.110,122.923,114.098,117.697,120.241,127.949,152.464,114.367,115.881,127.466,114.573,127.784,119.266,117.770,124.261,113.185,130.979,141.380,115.700,134.444,125.290,115.028,143.455,135.659,122.306,114.221,121.711,120.854,114.032,118.315,117.534,121.941,119.258,114.466,129.987,125.919,119.031,124.869,119.310,125.520,125.712,117.233,119.108,113.418,116.686,111.220,125.825,119.952,130.451,114.772,118.707,117.604,139.779,114.936,112.902,111.417,118.470,121.740,112.849,113.472,114.812,126.107,127.024,136.621,127.690,125.519,135.445,143.522,134.893,125.819,118.640,118.833,115.229,143.516,122.813,116.764,113.256,133.691,117.688,120.154,130.619,137.813,118.910,139.122,123.683,123.409,127.985,119.318,117.278,121.140,163.469,117.346,122.191,136.997,110.251,130.459,118.287,116.189,126.753,122.165,116.157,121.383,118.804,120.755,116.200,127.835,136.354,121.794,121.648,125.919,122.059,123.772,115.756,116.924,121.139,114.846,121.823,121.287,121.066,121.581,115.835,119.588,114.590,130.254
146.000,122.664,119.380,115.176,135.496,118.973,123.966,130.690,116.129,156.217,133.214,124.969,129.154,131.134,120.313,120.583,128.730,116.230,123.811,140.054,125.279,161.199,121.623,123.508,129.219,119.249,128.994,155.476,114.841,134.769,109.875,127.403,113.198,113.889,121.599,131.802,112.953,132.141,124.578,129.654,157.808,141.329,116.250,126.253,124.224,147.444,135.394,119.268,126.175,136.837,114.610,125.936,116.855,113.562,117.537,120.515,114.185,123.701,128.590,128.995,113.880,116.009,140.411,128.104,126.733,119.039,117.100,138.736,139.568,144.823,113.224,119.098,115.623,128.812,150.174,142.039,117.051,127.144,122.916,114.117,117.715,120.251,127.955,152.070,114.380,115.899,127.474,114.568,127.792,119.286,117.779,124.297,113.246,130.987,141.362,115.714,134.482,125.307,115.046,143.457,135.702,122.304,114.234,121.712,120.858,114.053,118.323,117.539,121.949,119.275,114.469,130.005,125.937,119.066,124.874,119.314,125.529,125.744,117.252,119.111,113.431,116.704,111.224,125.842,119.958,130.459,114.786,118.719,117.626,139.818,114.953,112.913,111.453,118.479,121.753,112.867,113.493,114.825,126.161,127.051,136.587,127.720,125.527,135.449,143.468,134.898,125.826,118.636,118.844,115.243,143.557,122.819,116.768,113.277,133.705,117.710,120.172,130.637,137.899,118.928,139.064,123.703,123.427,127.999,119.325,117.285,121.152,162.922,117.357,122.212,137.037,110.251,130.463,118.317,116.207,126.737,122.171,116.175,121.381,118.820,120.753,116.209,127.827,136.335,121.803,121.649,125.934,122.077,123.792,115.761,116.931,121.150,114.859,121.853,121.293,121.087,121.587,115.836,119.616,114.597,130.271
148.000,122.690,119.406,115.174,135.544,118.965,124.036,130.737,116.139,156.588,133.219,124.995,129.177,131.165,120.322,120.605,128.768,116.252,123.831,139.957,125.305,161.287,121.667,123.506,129.217,119.262,129.031,155.717,114.894,134.735,109.881,127.443,113.236,113.907,121.629,131.799,112.975,132.091,124.600,129.644,158.172,141.369,116.270,126.312,124.319,147.591,135.411,119.296,126.215,137.003,114.632,125.914,116.856,113.566,117.571,120.535,114.201,123.731,128.576,129.004,113.896,116.048,140.394,128.138,126.736,119.156,117.129,138.664,139.642,144.710,113.282,119.110,115.618,128.870,150.338,142.112,117.077,127.184,122.913,114.140,117.737,120.265,127.967,151.682,114.397,115.921,127.486,114.564,127.802,119.311,117.791,124.340,113.320,130.998,141.352,115.732,134.525,125.330,115.069,143.460,135.755,122.304,114.252,121.716,120.866,114.079,118.336,117.547,121.960,119.297,114.475,130.027,125.958,119.107,124.882,119.321,125.543,125.781,117.275,119.117,113.446,116.726,111.232,125.865,119.968,130.472,114.803,118.734,117.653,139.862,114.974,112.926,111.497,118.491,121.769,112.889,113.518,114.841,126.225,127.082,136.556,127.756,125.539,135.457,143.417,134.905,125.837,118.636,118.858,115.262,143.604,122.829,116.774,113.302,133.722,117.737,120.193,130.660,137.992,118.951,139.009,123.727,123.450,128.016,119.334,117.295,121.168,162.422,117.372,122.238,137.081,110.255,130.469,118.354,116.229,126.727,122.181,116.197,121.382,118.842,120.756,116.221,127.822,136.318,121.815,121.653,125.955,122.100,123.816,115.770,116.941,121.165,114.874,121.889,121.301,121.114,121.597,115.839,119.649,114.608,130.291
150.000,122.724,119.438,115.173,135.599,118.957,124.124,130.789,116.152,156.998,133.227,125.026,129.207,131.206,120.334,120.633,128.817,116.279,123.859,139.861,125.337,161.390,121.720,123.507,129.218,119.279,129.072,155.981,114.960,134.704,109.889,127.491,113.283,113.931,121.667,131.798,113.002,132.043,124.626,129.636,158.586,141.416,116.295,126.389,124.437,147.763,135.432,119.329,126.262,137.196,114.659,125.894,116.861,113.572,117.613,120.559,114.221,123.768,128.563,129.017,113.916,116.096,140.380,128.178,126.742,119.303,117.165,138.603,139.723,144.598,113.353,119.126,115.617,128.943,150.511,142.193,117.109,127.230,122.908,114.169,117.766,120.284,127.985,151.297,114.418,115.949,127.504,114.564,127.815,119.341,117.807,124.392,113.412,131.012,141.342,115.756,134.575,125.358,115.097,143.466,135.818,122.308,114.273,121.723,120.878,114.111,118.354,117.559,121.974,119.323,114.485,130.054,125.984,119.156,124.895,119.331,125.563,125.824,117.304,119.127,113.466,116.754,111.243,125.895,119.981,130.489,114.826,118.753,117.686,139.913,115.000,112.943,111.548,118.507,121.789,112.917,113.549,114.862,126.301,127.118,136.528,127.798,125.554,135.469,143.368,134.917,125.852,118.635,118.876,115.287,143.659,122.841,116.784,113.333,133.743,117.770,120.218,130.687,138.093,118.980,138.957,123.756,123.478,128.038,119.347,117.309,121.188,161.964,117.391,122.269,137.131,110.261,130.479,118.399,116.257,126.719,122.195,116.225,121.387,118.869,120.756,116.238,127.821,136.303,121.831,121.660,125.981,122.129,123.846,115.783,116.954,121.185,114.894,121.932,121.312,121.146,121.610,115.845,119.688,114.622,130.316
