Vbe ,/I4/C T -196  (A),/I4/C T -40  (A),/I4/B T -196  (A),/I4/B T -40  (A),(IS("/I4/C") / IS("/I4/B")) T -196 ,(IS("/I4/C") / IS("/I4/B")) T -40 
100.000E-3,100.000E-15,100.005E-15,200.000E-15,200.078E-15,500.000E-3,499.831E-3
101.400E-3,101.400E-15,101.405E-15,202.800E-15,202.881E-15,500.000E-3,499.826E-3
102.800E-3,102.800E-15,102.805E-15,205.600E-15,205.684E-15,500.000E-3,499.822E-3
104.200E-3,104.200E-15,104.205E-15,208.400E-15,208.487E-15,500.000E-3,499.817E-3
105.600E-3,105.600E-15,105.606E-15,211.200E-15,211.290E-15,500.000E-3,499.812E-3
107.000E-3,107.000E-15,107.006E-15,214.000E-15,214.094E-15,500.000E-3,499.808E-3
108.400E-3,108.400E-15,108.406E-15,216.800E-15,216.897E-15,500.000E-3,499.803E-3
109.800E-3,109.800E-15,109.806E-15,219.600E-15,219.701E-15,500.000E-3,499.798E-3
111.200E-3,111.200E-15,111.206E-15,222.400E-15,222.505E-15,500.000E-3,499.792E-3
112.600E-3,112.600E-15,112.606E-15,225.200E-15,225.309E-15,500.000E-3,499.787E-3
114.000E-3,114.000E-15,114.007E-15,228.000E-15,228.113E-15,500.000E-3,499.782E-3
115.400E-3,115.400E-15,115.407E-15,230.800E-15,230.917E-15,500.000E-3,499.776E-3
116.800E-3,116.800E-15,116.807E-15,233.600E-15,233.722E-15,500.000E-3,499.771E-3
118.200E-3,118.200E-15,118.208E-15,236.400E-15,236.526E-15,500.000E-3,499.765E-3
119.600E-3,119.600E-15,119.608E-15,239.200E-15,239.331E-15,500.000E-3,499.759E-3
121.000E-3,121.000E-15,121.008E-15,242.000E-15,242.136E-15,500.000E-3,499.753E-3
122.400E-3,122.400E-15,122.409E-15,244.800E-15,244.941E-15,500.000E-3,499.747E-3
123.800E-3,123.800E-15,123.809E-15,247.600E-15,247.746E-15,500.000E-3,499.741E-3
125.200E-3,125.200E-15,125.209E-15,250.400E-15,250.552E-15,500.000E-3,499.735E-3
126.600E-3,126.600E-15,126.610E-15,253.200E-15,253.357E-15,500.000E-3,499.728E-3
128.000E-3,128.000E-15,128.010E-15,256.000E-15,256.163E-15,500.000E-3,499.722E-3
129.400E-3,129.400E-15,129.411E-15,258.800E-15,258.969E-15,500.000E-3,499.715E-3
130.800E-3,130.800E-15,130.811E-15,261.600E-15,261.775E-15,500.000E-3,499.708E-3
132.200E-3,132.200E-15,132.212E-15,264.400E-15,264.582E-15,500.000E-3,499.701E-3
133.600E-3,133.600E-15,133.612E-15,267.200E-15,267.388E-15,500.000E-3,499.694E-3
135.000E-3,135.000E-15,135.013E-15,270.000E-15,270.195E-15,500.000E-3,499.687E-3
136.400E-3,136.400E-15,136.414E-15,272.800E-15,273.002E-15,500.000E-3,499.679E-3
137.800E-3,137.800E-15,137.814E-15,275.600E-15,275.810E-15,500.000E-3,499.672E-3
139.200E-3,139.200E-15,139.215E-15,278.400E-15,278.618E-15,500.000E-3,499.664E-3
140.600E-3,140.600E-15,140.616E-15,281.200E-15,281.426E-15,500.000E-3,499.657E-3
142.000E-3,142.000E-15,142.017E-15,284.000E-15,284.234E-15,500.000E-3,499.649E-3
143.400E-3,143.400E-15,143.418E-15,286.800E-15,287.042E-15,500.000E-3,499.641E-3
144.800E-3,144.800E-15,144.819E-15,289.600E-15,289.851E-15,500.000E-3,499.633E-3
146.200E-3,146.200E-15,146.220E-15,292.400E-15,292.660E-15,500.000E-3,499.624E-3
147.600E-3,147.600E-15,147.621E-15,295.200E-15,295.470E-15,500.000E-3,499.616E-3
149.000E-3,149.000E-15,149.023E-15,298.000E-15,298.280E-15,500.000E-3,499.607E-3
150.400E-3,150.400E-15,150.424E-15,300.800E-15,301.090E-15,500.000E-3,499.599E-3
151.800E-3,151.800E-15,151.826E-15,303.600E-15,303.900E-15,500.000E-3,499.590E-3
153.200E-3,153.200E-15,153.227E-15,306.400E-15,306.711E-15,500.000E-3,499.581E-3
154.600E-3,154.600E-15,154.629E-15,309.200E-15,309.523E-15,500.000E-3,499.572E-3
156.000E-3,156.000E-15,156.031E-15,312.000E-15,312.334E-15,500.000E-3,499.563E-3
157.400E-3,157.400E-15,157.433E-15,314.800E-15,315.146E-15,500.000E-3,499.554E-3
158.800E-3,158.800E-15,158.835E-15,317.600E-15,317.959E-15,500.000E-3,499.545E-3
160.200E-3,160.200E-15,160.237E-15,320.400E-15,320.772E-15,500.000E-3,499.536E-3
161.600E-3,161.600E-15,161.639E-15,323.200E-15,323.585E-15,500.000E-3,499.526E-3
163.000E-3,163.000E-15,163.042E-15,326.000E-15,326.399E-15,500.000E-3,499.517E-3
164.400E-3,164.400E-15,164.445E-15,328.800E-15,329.214E-15,500.000E-3,499.508E-3
165.800E-3,165.800E-15,165.848E-15,331.600E-15,332.029E-15,500.000E-3,499.498E-3
167.200E-3,167.200E-15,167.251E-15,334.400E-15,334.844E-15,500.000E-3,499.489E-3
168.600E-3,168.600E-15,168.654E-15,337.200E-15,337.660E-15,500.000E-3,499.479E-3
170.000E-3,170.000E-15,170.058E-15,340.000E-15,340.476E-15,500.000E-3,499.470E-3
171.400E-3,171.400E-15,171.462E-15,342.800E-15,343.294E-15,500.000E-3,499.460E-3
172.800E-3,172.800E-15,172.866E-15,345.600E-15,346.111E-15,500.000E-3,499.451E-3
174.200E-3,174.200E-15,174.270E-15,348.400E-15,348.930E-15,500.000E-3,499.442E-3
175.600E-3,175.600E-15,175.675E-15,351.200E-15,351.749E-15,500.000E-3,499.433E-3
177.000E-3,177.000E-15,177.080E-15,354.000E-15,354.569E-15,500.000E-3,499.424E-3
178.400E-3,178.400E-15,178.485E-15,356.800E-15,357.389E-15,500.000E-3,499.415E-3
179.800E-3,179.800E-15,179.891E-15,359.600E-15,360.210E-15,500.000E-3,499.406E-3
181.200E-3,181.200E-15,181.297E-15,362.400E-15,363.032E-15,500.000E-3,499.398E-3
182.600E-3,182.600E-15,182.704E-15,365.200E-15,365.855E-15,500.000E-3,499.390E-3
184.000E-3,184.000E-15,184.111E-15,368.000E-15,368.678E-15,500.000E-3,499.382E-3
185.400E-3,185.400E-15,185.519E-15,370.800E-15,371.502E-15,500.000E-3,499.375E-3
186.800E-3,186.800E-15,186.927E-15,373.600E-15,374.327E-15,500.000E-3,499.368E-3
188.200E-3,188.200E-15,188.336E-15,376.400E-15,377.154E-15,500.000E-3,499.361E-3
189.600E-3,189.600E-15,189.745E-15,379.200E-15,379.981E-15,500.000E-3,499.355E-3
191.000E-3,191.000E-15,191.155E-15,382.000E-15,382.808E-15,500.000E-3,499.350E-3
192.400E-3,192.400E-15,192.566E-15,384.800E-15,385.637E-15,500.000E-3,499.345E-3
193.800E-3,193.800E-15,193.977E-15,387.600E-15,388.467E-15,500.000E-3,499.341E-3
195.200E-3,195.200E-15,195.390E-15,390.400E-15,391.298E-15,500.000E-3,499.337E-3
196.600E-3,196.600E-15,196.803E-15,393.200E-15,394.130E-15,500.000E-3,499.335E-3
198.000E-3,198.000E-15,198.217E-15,396.000E-15,396.964E-15,500.000E-3,499.333E-3
199.400E-3,199.400E-15,199.632E-15,398.800E-15,399.798E-15,500.000E-3,499.333E-3
200.800E-3,200.800E-15,201.048E-15,401.600E-15,402.634E-15,500.000E-3,499.333E-3
202.200E-3,202.200E-15,202.466E-15,404.400E-15,405.471E-15,500.000E-3,499.335E-3
203.600E-3,203.600E-15,203.884E-15,407.200E-15,408.309E-15,500.000E-3,499.339E-3
205.000E-3,205.000E-15,205.304E-15,410.000E-15,411.148E-15,500.000E-3,499.344E-3
206.400E-3,206.400E-15,206.726E-15,412.800E-15,413.989E-15,500.000E-3,499.350E-3
207.800E-3,207.800E-15,208.148E-15,415.600E-15,416.832E-15,500.000E-3,499.358E-3
209.200E-3,209.200E-15,209.573E-15,418.400E-15,419.676E-15,500.000E-3,499.369E-3
210.600E-3,210.600E-15,210.999E-15,421.200E-15,422.521E-15,500.000E-3,499.381E-3
212.000E-3,212.000E-15,212.427E-15,424.000E-15,425.368E-15,500.000E-3,499.395E-3
213.400E-3,213.400E-15,213.857E-15,426.800E-15,428.217E-15,500.000E-3,499.413E-3
214.800E-3,214.800E-15,215.289E-15,429.600E-15,431.068E-15,500.000E-3,499.432E-3
216.200E-3,216.200E-15,216.723E-15,432.400E-15,433.920E-15,500.000E-3,499.455E-3
217.600E-3,217.600E-15,218.160E-15,435.200E-15,436.774E-15,500.000E-3,499.481E-3
219.000E-3,219.000E-15,219.600E-15,438.000E-15,439.630E-15,500.000E-3,499.510E-3
220.400E-3,220.400E-15,221.042E-15,440.800E-15,442.488E-15,500.000E-3,499.543E-3
221.800E-3,221.800E-15,222.487E-15,443.600E-15,445.348E-15,500.000E-3,499.580E-3
223.200E-3,223.200E-15,223.935E-15,446.400E-15,448.210E-15,500.000E-3,499.621E-3
224.600E-3,224.600E-15,225.387E-15,449.200E-15,451.075E-15,500.000E-3,499.667E-3
226.000E-3,226.000E-15,226.843E-15,452.000E-15,453.942E-15,500.000E-3,499.718E-3
227.400E-3,227.400E-15,228.302E-15,454.800E-15,456.811E-15,500.000E-3,499.774E-3
228.800E-3,228.800E-15,229.766E-15,457.600E-15,459.682E-15,500.000E-3,499.836E-3
230.200E-3,230.200E-15,231.234E-15,460.400E-15,462.556E-15,500.000E-3,499.904E-3
231.600E-3,231.600E-15,232.707E-15,463.200E-15,465.433E-15,500.000E-3,499.978E-3
233.000E-3,233.000E-15,234.185E-15,466.000E-15,468.313E-15,500.000E-3,500.060E-3
234.400E-3,234.400E-15,235.668E-15,468.800E-15,471.195E-15,500.000E-3,500.150E-3
235.800E-3,235.800E-15,237.158E-15,471.600E-15,474.080E-15,500.000E-3,500.248E-3
237.200E-3,237.200E-15,238.653E-15,474.400E-15,476.968E-15,500.000E-3,500.355E-3
238.600E-3,238.600E-15,240.156E-15,477.200E-15,479.860E-15,500.000E-3,500.472E-3
240.000E-3,240.000E-15,241.666E-15,480.000E-15,482.754E-15,500.000E-3,500.598E-3
241.400E-3,241.400E-15,243.184E-15,482.800E-15,485.652E-15,500.000E-3,500.736E-3
242.800E-3,242.800E-15,244.709E-15,485.600E-15,488.553E-15,500.000E-3,500.886E-3
244.200E-3,244.200E-15,246.244E-15,488.400E-15,491.458E-15,500.000E-3,501.048E-3
245.600E-3,245.600E-15,247.789E-15,491.200E-15,494.367E-15,500.000E-3,501.224E-3
247.000E-3,247.000E-15,249.343E-15,494.000E-15,497.280E-15,500.000E-3,501.415E-3
248.400E-3,248.400E-15,250.909E-15,496.800E-15,500.196E-15,500.000E-3,501.621E-3
249.800E-3,249.800E-15,252.486E-15,499.600E-15,503.117E-15,500.000E-3,501.844E-3
251.200E-3,251.200E-15,254.076E-15,502.400E-15,506.042E-15,500.000E-3,502.084E-3
252.600E-3,252.600E-15,255.679E-15,505.200E-15,508.971E-15,500.000E-3,502.345E-3
254.000E-3,254.000E-15,257.297E-15,508.000E-15,511.905E-15,500.000E-3,502.625E-3
255.400E-3,255.400E-15,258.930E-15,510.800E-15,514.844E-15,500.000E-3,502.928E-3
256.800E-3,256.800E-15,260.579E-15,513.600E-15,517.788E-15,500.000E-3,503.254E-3
258.200E-3,258.200E-15,262.246E-15,516.400E-15,520.737E-15,500.000E-3,503.606E-3
259.600E-3,259.600E-15,263.932E-15,519.200E-15,523.691E-15,500.000E-3,503.985E-3
261.000E-3,261.000E-15,265.638E-15,522.000E-15,526.650E-15,500.000E-3,504.392E-3
262.400E-3,262.400E-15,267.366E-15,524.800E-15,529.616E-15,500.000E-3,504.831E-3
263.800E-3,263.800E-15,269.117E-15,527.600E-15,532.587E-15,500.000E-3,505.302E-3
265.200E-3,265.200E-15,270.893E-15,530.400E-15,535.564E-15,500.000E-3,505.809E-3
266.600E-3,266.600E-15,272.696E-15,533.200E-15,538.547E-15,500.000E-3,506.354E-3
268.000E-3,268.000E-15,274.527E-15,536.000E-15,541.537E-15,500.000E-3,506.940E-3
269.400E-3,269.400E-15,276.388E-15,538.800E-15,544.534E-15,500.000E-3,507.568E-3
270.800E-3,270.800E-15,278.282E-15,541.600E-15,547.537E-15,500.000E-3,508.243E-3
272.200E-3,272.200E-15,280.211E-15,544.400E-15,550.548E-15,500.000E-3,508.968E-3
273.600E-3,273.600E-15,282.178E-15,547.200E-15,553.567E-15,500.000E-3,509.745E-3
275.000E-3,275.000E-15,284.184E-15,550.000E-15,556.593E-15,500.000E-3,510.578E-3
276.400E-3,276.400E-15,286.234E-15,552.800E-15,559.627E-15,500.000E-3,511.472E-3
277.800E-3,277.800E-15,288.329E-15,555.600E-15,562.669E-15,500.000E-3,512.431E-3
279.200E-3,279.200E-15,290.474E-15,558.400E-15,565.721E-15,500.000E-3,513.458E-3
280.600E-3,280.600E-15,292.671E-15,561.200E-15,568.780E-15,500.000E-3,514.559E-3
282.000E-3,282.000E-15,294.925E-15,564.000E-15,571.850E-15,500.000E-3,515.738E-3
283.400E-3,283.400E-15,297.239E-15,566.800E-15,574.928E-15,500.000E-3,517.001E-3
284.800E-3,284.800E-15,299.617E-15,569.600E-15,578.017E-15,500.000E-3,518.354E-3
286.200E-3,286.200E-15,302.065E-15,572.400E-15,581.116E-15,500.000E-3,519.802E-3
287.600E-3,287.600E-15,304.587E-15,575.200E-15,584.226E-15,500.000E-3,521.352E-3
289.000E-3,289.000E-15,307.189E-15,578.000E-15,587.346E-15,500.000E-3,523.011E-3
290.400E-3,290.400E-15,309.875E-15,580.800E-15,590.478E-15,500.000E-3,524.787E-3
291.800E-3,291.800E-15,312.652E-15,583.600E-15,593.622E-15,500.000E-3,526.686E-3
293.200E-3,293.200E-15,315.527E-15,586.400E-15,596.778E-15,500.000E-3,528.718E-3
294.600E-3,294.600E-15,318.506E-15,589.200E-15,599.946E-15,500.000E-3,530.892E-3
296.000E-3,296.000E-15,321.597E-15,592.000E-15,603.128E-15,500.000E-3,533.216E-3
297.400E-3,297.400E-15,324.808E-15,594.800E-15,606.323E-15,500.000E-3,535.701E-3
298.800E-3,298.800E-15,328.146E-15,597.600E-15,609.532E-15,500.000E-3,538.357E-3
300.200E-3,300.200E-15,331.622E-15,600.400E-15,612.756E-15,500.000E-3,541.197E-3
301.600E-3,301.600E-15,335.244E-15,603.200E-15,615.995E-15,500.000E-3,544.232E-3
303.000E-3,303.000E-15,339.024E-15,606.000E-15,619.249E-15,500.000E-3,547.476E-3
304.400E-3,304.400E-15,342.972E-15,608.800E-15,622.520E-15,500.000E-3,550.941E-3
305.800E-3,305.800E-15,347.100E-15,611.600E-15,625.807E-15,500.000E-3,554.644E-3
307.200E-3,307.200E-15,351.421E-15,614.400E-15,629.112E-15,500.000E-3,558.599E-3
308.600E-3,308.600E-15,355.949E-15,617.200E-15,632.434E-15,500.000E-3,562.824E-3
310.000E-3,310.000E-15,360.698E-15,620.000E-15,635.775E-15,500.000E-3,567.336E-3
311.400E-3,311.400E-15,365.684E-15,622.800E-15,639.136E-15,500.000E-3,572.154E-3
312.800E-3,312.800E-15,370.924E-15,625.600E-15,642.516E-15,500.000E-3,577.299E-3
314.200E-3,314.200E-15,376.435E-15,628.400E-15,645.917E-15,500.000E-3,582.792E-3
315.600E-3,315.600E-15,382.237E-15,631.200E-15,649.339E-15,500.000E-3,588.656E-3
317.000E-3,317.000E-15,388.351E-15,634.000E-15,652.784E-15,500.000E-3,594.915E-3
318.400E-3,318.400E-15,394.798E-15,636.800E-15,656.251E-15,500.000E-3,601.596E-3
319.800E-3,319.800E-15,401.602E-15,639.600E-15,659.742E-15,500.000E-3,608.725E-3
321.200E-3,321.200E-15,408.788E-15,642.400E-15,663.258E-15,500.000E-3,616.333E-3
322.600E-3,322.600E-15,416.383E-15,645.200E-15,666.799E-15,500.000E-3,624.451E-3
324.000E-3,324.000E-15,424.417E-15,648.000E-15,670.366E-15,500.000E-3,633.112E-3
325.400E-3,325.400E-15,432.920E-15,650.800E-15,673.961E-15,500.000E-3,642.351E-3
326.800E-3,326.800E-15,441.925E-15,653.600E-15,677.584E-15,500.000E-3,652.207E-3
328.200E-3,328.200E-15,451.468E-15,656.400E-15,681.237E-15,500.000E-3,662.719E-3
329.600E-3,329.600E-15,461.588E-15,659.200E-15,684.919E-15,500.000E-3,673.930E-3
331.000E-3,331.000E-15,472.324E-15,662.000E-15,688.634E-15,500.000E-3,685.885E-3
332.400E-3,332.400E-15,483.720E-15,664.800E-15,692.380E-15,500.000E-3,698.634E-3
333.800E-3,333.800E-15,495.824E-15,667.600E-15,696.161E-15,500.000E-3,712.226E-3
335.200E-3,335.200E-15,508.685E-15,670.400E-15,699.976E-15,500.000E-3,726.717E-3
336.600E-3,336.600E-15,522.356E-15,673.200E-15,703.828E-15,500.000E-3,742.164E-3
338.000E-3,338.000E-15,536.895E-15,676.000E-15,707.717E-15,500.000E-3,758.630E-3
339.400E-3,339.400E-15,552.364E-15,678.800E-15,711.645E-15,500.000E-3,776.180E-3
340.800E-3,340.800E-15,568.828E-15,681.600E-15,715.613E-15,500.000E-3,794.883E-3
342.200E-3,342.200E-15,586.358E-15,684.400E-15,719.623E-15,500.000E-3,814.813E-3
343.600E-3,343.600E-15,605.028E-15,687.200E-15,723.676E-15,500.000E-3,836.049E-3
345.000E-3,345.000E-15,624.921E-15,690.000E-15,727.773E-15,500.000E-3,858.675E-3
346.400E-3,346.400E-15,646.121E-15,692.800E-15,731.917E-15,500.000E-3,882.779E-3
347.800E-3,347.800E-15,668.722E-15,695.600E-15,736.109E-15,500.000E-3,908.455E-3
349.200E-3,349.200E-15,692.822E-15,698.400E-15,740.350E-15,500.000E-3,935.803E-3
350.600E-3,350.600E-15,718.528E-15,701.200E-15,744.643E-15,500.000E-3,964.929E-3
352.000E-3,352.000E-15,745.954E-15,704.000E-15,748.990E-15,500.000E-3,995.946E-3
353.400E-3,353.400E-15,775.220E-15,706.800E-15,753.391E-15,500.000E-3,1.02897
354.800E-3,354.800E-15,806.458E-15,709.600E-15,757.850E-15,500.000E-3,1.06414
356.200E-3,356.200E-15,839.806E-15,712.400E-15,762.368E-15,500.000E-3,1.10158
357.600E-3,357.600E-15,875.414E-15,715.200E-15,766.947E-15,500.000E-3,1.14143
359.000E-3,359.000E-15,913.441E-15,718.000E-15,771.590E-15,500.000E-3,1.18384
360.400E-3,360.400E-15,954.060E-15,720.800E-15,776.299E-15,500.000E-3,1.22898
361.800E-3,361.800E-15,997.453E-15,723.600E-15,781.077E-15,500.000E-3,1.27702
363.200E-3,363.200E-15,1.04382E-12,726.400E-15,785.925E-15,500.000E-3,1.32814
364.600E-3,364.600E-15,1.09336E-12,729.200E-15,790.846E-15,500.000E-3,1.38252
366.000E-3,366.000E-15,1.14631E-12,732.000E-15,795.843E-15,500.000E-3,1.44037
367.400E-3,367.400E-15,1.20290E-12,734.800E-15,800.919E-15,500.000E-3,1.50190
368.800E-3,368.800E-15,1.26340E-12,737.600E-15,806.077E-15,500.000E-3,1.56735
370.200E-3,370.200E-15,1.32808E-12,740.400E-15,811.319E-15,500.000E-3,1.63694
371.600E-3,371.600E-15,1.39724E-12,743.200E-15,816.649E-15,500.000E-3,1.71094
373.000E-3,373.000E-15,1.47119E-12,746.000E-15,822.069E-15,500.000E-3,1.78961
374.400E-3,374.400E-15,1.55027E-12,748.800E-15,827.584E-15,500.000E-3,1.87325
375.800E-3,375.800E-15,1.63484E-12,751.600E-15,833.196E-15,500.000E-3,1.96214
377.200E-3,377.200E-15,1.72530E-12,754.400E-15,838.909E-15,500.000E-3,2.05660
378.600E-3,378.600E-15,1.82206E-12,757.200E-15,844.726E-15,500.000E-3,2.15698
380.000E-3,380.000E-15,1.92556E-12,760.000E-15,850.653E-15,500.000E-3,2.26363
381.400E-3,381.400E-15,2.03629E-12,762.800E-15,856.691E-15,500.000E-3,2.37692
382.800E-3,382.800E-15,2.15475E-12,765.600E-15,862.846E-15,500.000E-3,2.49725
384.200E-3,384.200E-15,2.28148E-12,768.400E-15,869.122E-15,500.000E-3,2.62504
385.600E-3,385.600E-15,2.41709E-12,771.200E-15,875.523E-15,500.000E-3,2.76074
387.000E-3,387.000E-15,2.56219E-12,774.000E-15,882.054E-15,500.000E-3,2.90479
388.400E-3,388.400E-15,2.71745E-12,776.800E-15,888.720E-15,500.000E-3,3.05771
389.800E-3,389.800E-15,2.88359E-12,779.600E-15,895.525E-15,500.000E-3,3.22000
391.200E-3,391.200E-15,3.06139E-12,782.400E-15,902.474E-15,500.000E-3,3.39222
392.600E-3,392.600E-15,3.25167E-12,785.200E-15,909.573E-15,500.000E-3,3.57493
394.000E-3,394.000E-15,3.45530E-12,788.000E-15,916.828E-15,500.000E-3,3.76875
395.400E-3,395.400E-15,3.67324E-12,790.800E-15,924.244E-15,500.000E-3,3.97432
396.800E-3,396.800E-15,3.90650E-12,793.600E-15,931.827E-15,500.000E-3,4.19230
398.200E-3,398.200E-15,4.15616E-12,796.400E-15,939.584E-15,500.000E-3,4.42340
399.600E-3,399.600E-15,4.42337E-12,799.200E-15,947.519E-15,500.000E-3,4.66837
401.000E-3,401.000E-15,4.70939E-12,802.000E-15,955.642E-15,500.000E-3,4.92799
402.400E-3,402.400E-15,5.01554E-12,804.800E-15,963.957E-15,500.000E-3,5.20308
403.800E-3,403.800E-15,5.34325E-12,807.600E-15,972.473E-15,500.000E-3,5.49450
405.200E-3,405.200E-15,5.69404E-12,810.400E-15,981.196E-15,500.000E-3,5.80316
406.600E-3,406.600E-15,6.06955E-12,813.200E-15,990.135E-15,500.000E-3,6.13002
408.000E-3,408.000E-15,6.47151E-12,816.000E-15,999.298E-15,500.000E-3,6.47606
409.400E-3,409.400E-15,6.90181E-12,818.800E-15,1.00869E-12,500.000E-3,6.84233
410.800E-3,410.800E-15,7.36245E-12,821.600E-15,1.01833E-12,500.000E-3,7.22994
412.200E-3,412.200E-15,7.85557E-12,824.400E-15,1.02821E-12,500.000E-3,7.64002
413.600E-3,413.600E-15,8.38347E-12,827.200E-15,1.03836E-12,500.000E-3,8.07379
415.000E-3,415.000E-15,8.94861E-12,830.000E-15,1.04877E-12,500.000E-3,8.53249
416.400E-3,416.400E-15,9.55363E-12,832.800E-15,1.05946E-12,500.000E-3,9.01745
417.800E-3,417.800E-15,10.2013E-12,835.600E-15,1.07044E-12,500.000E-3,9.53004
419.200E-3,419.200E-15,10.8948E-12,838.400E-15,1.08172E-12,500.000E-3,10.0717
420.600E-3,420.600E-15,11.6371E-12,841.200E-15,1.09331E-12,500.000E-3,10.6439
422.000E-3,422.000E-15,12.4319E-12,844.000E-15,1.10523E-12,500.000E-3,11.2483
423.400E-3,423.400E-15,13.2829E-12,846.800E-15,1.11748E-12,500.000E-3,11.8864
424.800E-3,424.800E-15,14.1938E-12,849.600E-15,1.13008E-12,500.000E-3,12.5600
426.200E-3,426.200E-15,15.1692E-12,852.400E-15,1.14304E-12,500.000E-3,13.2709
427.600E-3,427.600E-15,16.2134E-12,855.200E-15,1.15638E-12,500.000E-3,14.0208
429.000E-3,429.000E-15,17.3314E-12,858.000E-15,1.17011E-12,500.000E-3,14.8118
430.400E-3,430.400E-15,18.5284E-12,860.800E-15,1.18424E-12,500.000E-3,15.6458
431.800E-3,431.800E-15,19.8099E-12,863.600E-15,1.19880E-12,500.000E-3,16.5248
433.200E-3,433.200E-15,21.1820E-12,866.400E-15,1.21379E-12,500.000E-3,17.4511
434.600E-3,434.600E-15,22.6510E-12,869.200E-15,1.22923E-12,500.000E-3,18.4270
436.000E-3,436.000E-15,24.2239E-12,872.000E-15,1.24515E-12,500.000E-3,19.4546
437.400E-3,437.400E-15,25.9079E-12,874.800E-15,1.26156E-12,500.000E-3,20.5364
438.800E-3,438.800E-15,27.7109E-12,877.600E-15,1.27847E-12,500.000E-3,21.6750
440.200E-3,440.200E-15,29.6413E-12,880.400E-15,1.29592E-12,500.000E-3,22.8729
441.600E-3,441.600E-15,31.7082E-12,883.200E-15,1.31391E-12,500.000E-3,24.1327
443.000E-3,443.000E-15,33.9212E-12,886.000E-15,1.33248E-12,500.000E-3,25.4572
444.400E-3,444.400E-15,36.2907E-12,888.800E-15,1.35164E-12,500.000E-3,26.8494
445.800E-3,445.800E-15,38.8276E-12,891.600E-15,1.37142E-12,500.000E-3,28.3120
447.200E-3,447.200E-15,41.5439E-12,894.400E-15,1.39184E-12,500.000E-3,29.8482
448.600E-3,448.600E-15,44.4522E-12,897.200E-15,1.41293E-12,500.000E-3,31.4610
450.000E-3,450.000E-15,47.5661E-12,900.000E-15,1.43471E-12,500.000E-3,33.1537
451.400E-3,451.400E-15,50.9001E-12,902.800E-15,1.45722E-12,500.000E-3,34.9296
452.800E-3,452.800E-15,54.4699E-12,905.600E-15,1.48048E-12,500.000E-3,36.7922
454.200E-3,454.200E-15,58.2921E-12,908.400E-15,1.50452E-12,500.000E-3,38.7447
455.600E-3,455.600E-15,62.3845E-12,911.200E-15,1.52937E-12,500.000E-3,40.7910
457.000E-3,457.000E-15,66.7664E-12,914.000E-15,1.55507E-12,500.000E-3,42.9346
458.400E-3,458.400E-15,71.4580E-12,916.800E-15,1.58166E-12,500.000E-3,45.1792
459.800E-3,459.800E-15,76.4814E-12,919.600E-15,1.60916E-12,500.000E-3,47.5288
461.200E-3,461.200E-15,81.8600E-12,922.400E-15,1.63761E-12,500.000E-3,49.9873
462.600E-3,462.600E-15,87.6190E-12,925.200E-15,1.66707E-12,500.000E-3,52.5587
464.000E-3,464.000E-15,93.7852E-12,928.000E-15,1.69756E-12,500.000E-3,55.2471
465.400E-3,465.400E-15,100.387E-12,930.800E-15,1.72913E-12,500.000E-3,58.0567
466.800E-3,466.800E-15,107.457E-12,933.600E-15,1.76182E-12,500.000E-3,60.9916
468.200E-3,468.200E-15,115.026E-12,936.400E-15,1.79569E-12,500.000E-3,64.0564
469.600E-3,469.600E-15,123.130E-12,939.200E-15,1.83078E-12,500.000E-3,67.2553
471.000E-3,471.000E-15,131.807E-12,942.000E-15,1.86715E-12,500.000E-3,70.5928
472.400E-3,472.400E-15,141.098E-12,944.800E-15,1.90485E-12,500.000E-3,74.0734
473.800E-3,473.800E-15,151.047E-12,947.600E-15,1.94393E-12,500.000E-3,77.7018
475.200E-3,475.200E-15,161.698E-12,950.400E-15,1.98445E-12,500.000E-3,81.4826
476.600E-3,476.600E-15,173.103E-12,953.200E-15,2.02649E-12,500.000E-3,85.4204
478.000E-3,478.000E-15,185.315E-12,956.000E-15,2.07010E-12,500.000E-3,89.5200
479.400E-3,479.400E-15,198.390E-12,958.800E-15,2.11535E-12,500.000E-3,93.7862
480.800E-3,480.800E-15,212.391E-12,961.600E-15,2.16231E-12,500.000E-3,98.2237
482.200E-3,482.200E-15,227.381E-12,964.400E-15,2.21107E-12,500.000E-3,102.837
483.600E-3,483.600E-15,243.431E-12,967.200E-15,2.26170E-12,500.000E-3,107.632
485.000E-3,485.000E-15,260.617E-12,970.000E-15,2.31428E-12,500.000E-3,112.613
486.400E-3,486.400E-15,279.017E-12,972.800E-15,2.36890E-12,500.000E-3,117.784
487.800E-3,487.800E-15,298.720E-12,975.600E-15,2.42565E-12,500.000E-3,123.150
489.200E-3,489.200E-15,319.816E-12,978.400E-15,2.48463E-12,500.000E-3,128.717
490.600E-3,490.600E-15,342.404E-12,981.200E-15,2.54595E-12,500.000E-3,134.490
492.000E-3,492.000E-15,366.589E-12,984.000E-15,2.60970E-12,500.000E-3,140.472
493.400E-3,493.400E-15,392.485E-12,986.800E-15,2.67600E-12,500.000E-3,146.668
494.800E-3,494.800E-15,420.212E-12,989.600E-15,2.74497E-12,500.000E-3,153.085
496.200E-3,496.200E-15,449.901E-12,992.400E-15,2.81673E-12,500.000E-3,159.725
497.600E-3,497.600E-15,481.689E-12,995.200E-15,2.89142E-12,500.000E-3,166.593
499.000E-3,499.000E-15,515.726E-12,998.000E-15,2.96916E-12,500.000E-3,173.694
500.400E-3,500.400E-15,552.170E-12,1.00080E-12,3.05011E-12,500.000E-3,181.033
501.800E-3,501.800E-15,591.192E-12,1.00360E-12,3.13442E-12,500.000E-3,188.613
503.200E-3,503.200E-15,632.973E-12,1.00640E-12,3.22225E-12,500.000E-3,196.439
504.600E-3,504.600E-15,677.710E-12,1.00920E-12,3.31376E-12,500.000E-3,204.514
506.000E-3,506.000E-15,725.611E-12,1.01200E-12,3.40914E-12,500.000E-3,212.843
507.400E-3,507.400E-15,776.899E-12,1.01480E-12,3.50858E-12,500.000E-3,221.428
508.800E-3,508.800E-15,831.815E-12,1.01760E-12,3.61227E-12,500.000E-3,230.275
510.200E-3,510.200E-15,890.616E-12,1.02040E-12,3.72042E-12,500.000E-3,239.386
511.600E-3,511.600E-15,953.575E-12,1.02320E-12,3.83326E-12,500.000E-3,248.763
513.000E-3,513.000E-15,1.02099E-9,1.02600E-12,3.95102E-12,500.000E-3,258.411
514.400E-3,514.400E-15,1.09317E-9,1.02880E-12,4.07394E-12,500.000E-3,268.332
515.800E-3,515.800E-15,1.17045E-9,1.03160E-12,4.20229E-12,500.000E-3,278.527
517.200E-3,517.200E-15,1.25320E-9,1.03440E-12,4.33633E-12,500.000E-3,289.001
518.600E-3,518.600E-15,1.34181E-9,1.03720E-12,4.47637E-12,500.000E-3,299.753
520.000E-3,520.000E-15,1.43668E-9,1.04000E-12,4.62271E-12,500.000E-3,310.787
521.400E-3,521.400E-15,1.53826E-9,1.04280E-12,4.77567E-12,500.000E-3,322.103
522.800E-3,522.800E-15,1.64703E-9,1.04560E-12,4.93560E-12,500.000E-3,333.703
524.200E-3,524.200E-15,1.76349E-9,1.04840E-12,5.10287E-12,500.000E-3,345.587
525.600E-3,525.600E-15,1.88818E-9,1.05120E-12,5.27785E-12,500.000E-3,357.756
527.000E-3,527.000E-15,2.02170E-9,1.05400E-12,5.46095E-12,500.000E-3,370.209
528.400E-3,528.400E-15,2.16465E-9,1.05680E-12,5.65261E-12,500.000E-3,382.948
529.800E-3,529.800E-15,2.31772E-9,1.05960E-12,5.85329E-12,500.000E-3,395.970
531.200E-3,531.200E-15,2.48162E-9,1.06240E-12,6.06346E-12,500.000E-3,409.275
532.600E-3,532.600E-15,2.65711E-9,1.06520E-12,6.28364E-12,500.000E-3,422.861
534.000E-3,534.000E-15,2.84501E-9,1.06800E-12,6.51438E-12,500.000E-3,436.727
535.400E-3,535.400E-15,3.04620E-9,1.07080E-12,6.75625E-12,500.000E-3,450.871
536.800E-3,536.800E-15,3.26162E-9,1.07360E-12,7.00986E-12,500.000E-3,465.290
538.200E-3,538.200E-15,3.49227E-9,1.07640E-12,7.27586E-12,500.000E-3,479.980
539.600E-3,539.600E-15,3.73924E-9,1.07920E-12,7.55494E-12,500.000E-3,494.940
541.000E-3,541.000E-15,4.00368E-9,1.08200E-12,7.84784E-12,500.000E-3,510.163
542.400E-3,542.400E-15,4.28682E-9,1.08480E-12,8.15531E-12,500.000E-3,525.647
543.800E-3,543.800E-15,4.58998E-9,1.08760E-12,8.47819E-12,500.000E-3,541.387
545.200E-3,545.200E-15,4.91459E-9,1.09040E-12,8.81735E-12,500.000E-3,557.377
546.600E-3,546.600E-15,5.26216E-9,1.09320E-12,9.17372E-12,500.000E-3,573.612
548.000E-3,548.000E-15,5.63431E-9,1.09600E-12,9.54829E-12,500.000E-3,590.086
549.400E-3,549.400E-15,6.03278E-9,1.09880E-12,9.94209E-12,500.000E-3,606.792
550.800E-3,550.800E-15,6.45943E-9,1.10160E-12,10.3562E-12,500.000E-3,623.723
552.200E-3,552.200E-15,6.91626E-9,1.10440E-12,10.7919E-12,500.000E-3,640.873
553.600E-3,553.600E-15,7.40540E-9,1.10720E-12,11.2504E-12,500.000E-3,658.233
555.000E-3,555.000E-15,7.92913E-9,1.11000E-12,11.7330E-12,500.000E-3,675.795
556.400E-3,556.400E-15,8.48991E-9,1.11280E-12,12.2412E-12,500.000E-3,693.551
557.800E-3,557.800E-15,9.09035E-9,1.11560E-12,12.7764E-12,500.000E-3,711.493
559.200E-3,559.200E-15,9.73325E-9,1.11840E-12,13.3404E-12,500.000E-3,729.610
560.600E-3,560.600E-15,10.4216E-9,1.12120E-12,13.9346E-12,500.000E-3,747.893
562.000E-3,562.000E-15,11.1587E-9,1.12400E-12,14.5612E-12,500.000E-3,766.333
563.400E-3,563.400E-15,11.9479E-9,1.12680E-12,15.2218E-12,500.000E-3,784.918
564.800E-3,564.800E-15,12.7929E-9,1.12960E-12,15.9187E-12,500.000E-3,803.639
566.200E-3,566.200E-15,13.6977E-9,1.13240E-12,16.6540E-12,500.000E-3,822.485
567.600E-3,567.600E-15,14.6664E-9,1.13520E-12,17.4301E-12,500.000E-3,841.445
569.000E-3,569.000E-15,15.7037E-9,1.13800E-12,18.2494E-12,500.000E-3,860.507
570.400E-3,570.400E-15,16.8144E-9,1.14080E-12,19.1146E-12,500.000E-3,879.659
571.800E-3,571.800E-15,18.0036E-9,1.14360E-12,20.0286E-12,500.000E-3,898.892
573.200E-3,573.200E-15,19.2769E-9,1.14640E-12,20.9944E-12,500.000E-3,918.191
574.600E-3,574.600E-15,20.6402E-9,1.14920E-12,22.0152E-12,500.000E-3,937.546
576.000E-3,576.000E-15,22.1000E-9,1.15200E-12,23.0943E-12,500.000E-3,956.945
577.400E-3,577.400E-15,23.6631E-9,1.15480E-12,24.2356E-12,500.000E-3,976.375
578.800E-3,578.800E-15,25.3366E-9,1.15760E-12,25.4429E-12,500.000E-3,995.825
580.200E-3,580.200E-15,27.1286E-9,1.16040E-12,26.7203E-12,500.000E-3,1.01528E3
581.600E-3,581.600E-15,29.0472E-9,1.16320E-12,28.0722E-12,500.000E-3,1.03473E3
583.000E-3,583.000E-15,31.1016E-9,1.16600E-12,29.5035E-12,500.000E-3,1.05417E3
584.400E-3,584.400E-15,33.3013E-9,1.16880E-12,31.0192E-12,500.000E-3,1.07357E3
585.800E-3,585.800E-15,35.6565E-9,1.17160E-12,32.6246E-12,500.000E-3,1.09294E3
587.200E-3,587.200E-15,38.1784E-9,1.17440E-12,34.3255E-12,500.000E-3,1.11225E3
588.600E-3,588.600E-15,40.8785E-9,1.17720E-12,36.1280E-12,500.000E-3,1.13149E3
590.000E-3,590.000E-15,43.7697E-9,1.18000E-12,38.0387E-12,500.000E-3,1.15066E3
591.400E-3,591.400E-15,46.8653E-9,1.18280E-12,40.0646E-12,500.000E-3,1.16975E3
592.800E-3,592.800E-15,50.1799E-9,1.18560E-12,42.2131E-12,500.000E-3,1.18873E3
594.200E-3,594.200E-15,53.7289E-9,1.18840E-12,44.4922E-12,500.000E-3,1.20760E3
595.600E-3,595.600E-15,57.5288E-9,1.19120E-12,46.9103E-12,500.000E-3,1.22636E3
597.000E-3,597.000E-15,61.5976E-9,1.19400E-12,49.4767E-12,500.000E-3,1.24498E3
598.400E-3,598.400E-15,65.9541E-9,1.19680E-12,52.2010E-12,500.000E-3,1.26346E3
599.800E-3,599.800E-15,70.6187E-9,1.19960E-12,55.0934E-12,500.000E-3,1.28180E3
601.200E-3,601.200E-15,75.6132E-9,1.20240E-12,58.1652E-12,500.000E-3,1.29997E3
602.600E-3,602.600E-15,80.9609E-9,1.20520E-12,61.4281E-12,500.000E-3,1.31798E3
604.000E-3,604.000E-15,86.6869E-9,1.20800E-12,64.8948E-12,500.000E-3,1.33581E3
605.400E-3,605.400E-15,92.8178E-9,1.21080E-12,68.5786E-12,500.000E-3,1.35345E3
606.800E-3,606.800E-15,99.3823E-9,1.21360E-12,72.4942E-12,500.000E-3,1.37090E3
608.200E-3,608.200E-15,106.411E-9,1.21640E-12,76.6567E-12,500.000E-3,1.38815E3
609.600E-3,609.600E-15,113.937E-9,1.21920E-12,81.0828E-12,500.000E-3,1.40519E3
611.000E-3,611.000E-15,121.995E-9,1.22200E-12,85.7899E-12,500.000E-3,1.42202E3
612.400E-3,612.400E-15,130.623E-9,1.22480E-12,90.7969E-12,500.000E-3,1.43863E3
613.800E-3,613.800E-15,139.861E-9,1.22760E-12,96.1239E-12,500.000E-3,1.45501E3
615.200E-3,615.200E-15,149.753E-9,1.23040E-12,101.792E-12,500.000E-3,1.47116E3
616.600E-3,616.600E-15,160.344E-9,1.23320E-12,107.825E-12,500.000E-3,1.48707E3
618.000E-3,618.000E-15,171.684E-9,1.23600E-12,114.247E-12,500.000E-3,1.50275E3
619.400E-3,619.400E-15,183.826E-9,1.23880E-12,121.084E-12,500.000E-3,1.51817E3
620.800E-3,620.800E-15,196.827E-9,1.24160E-12,128.364E-12,500.000E-3,1.53335E3
622.200E-3,622.200E-15,210.748E-9,1.24440E-12,136.118E-12,500.000E-3,1.54828E3
623.600E-3,623.600E-15,225.652E-9,1.24720E-12,144.376E-12,500.000E-3,1.56295E3
625.000E-3,625.000E-15,241.611E-9,1.25000E-12,153.175E-12,500.000E-3,1.57736E3
626.400E-3,626.400E-15,258.699E-9,1.25280E-12,162.549E-12,500.000E-3,1.59151E3
627.800E-3,627.800E-15,276.995E-9,1.25560E-12,172.539E-12,500.000E-3,1.60540E3
629.200E-3,629.200E-15,296.585E-9,1.25840E-12,183.187E-12,500.000E-3,1.61903E3
630.600E-3,630.600E-15,317.560E-9,1.26120E-12,194.537E-12,500.000E-3,1.63239E3
632.000E-3,632.000E-15,340.019E-9,1.26400E-12,206.637E-12,500.000E-3,1.64549E3
633.400E-3,633.400E-15,364.066E-9,1.26680E-12,219.538E-12,500.000E-3,1.65833E3
634.800E-3,634.800E-15,389.814E-9,1.26960E-12,233.297E-12,500.000E-3,1.67089E3
636.200E-3,636.200E-15,417.383E-9,1.27240E-12,247.970E-12,500.000E-3,1.68320E3
637.600E-3,637.600E-15,446.901E-9,1.27520E-12,263.622E-12,500.000E-3,1.69523E3
639.000E-3,639.000E-15,478.507E-9,1.27800E-12,280.319E-12,500.000E-3,1.70701E3
640.400E-3,640.400E-15,512.348E-9,1.28080E-12,298.133E-12,500.000E-3,1.71852E3
641.800E-3,641.800E-15,548.582E-9,1.28360E-12,317.142E-12,500.000E-3,1.72977E3
643.200E-3,643.200E-15,587.379E-9,1.28640E-12,337.427E-12,500.000E-3,1.74076E3
644.600E-3,644.600E-15,628.920E-9,1.28920E-12,359.076E-12,500.000E-3,1.75149E3
646.000E-3,646.000E-15,673.398E-9,1.29200E-12,382.185E-12,500.000E-3,1.76197E3
647.400E-3,647.400E-15,721.022E-9,1.29480E-12,406.853E-12,500.000E-3,1.77219E3
648.800E-3,648.800E-15,772.013E-9,1.29760E-12,433.189E-12,500.000E-3,1.78216E3
650.200E-3,650.200E-15,826.611E-9,1.30040E-12,461.308E-12,500.000E-3,1.79188E3
651.600E-3,651.600E-15,885.070E-9,1.30320E-12,491.334E-12,500.000E-3,1.80136E3
653.000E-3,653.000E-15,947.663E-9,1.30600E-12,523.399E-12,500.000E-3,1.81059E3
654.400E-3,654.400E-15,1.01468E-6,1.30880E-12,557.644E-12,500.000E-3,1.81959E3
655.800E-3,655.800E-15,1.08644E-6,1.31160E-12,594.222E-12,500.000E-3,1.82834E3
657.200E-3,657.200E-15,1.16328E-6,1.31440E-12,633.294E-12,500.000E-3,1.83687E3
658.600E-3,658.600E-15,1.24554E-6,1.31720E-12,675.033E-12,500.000E-3,1.84516E3
660.000E-3,660.000E-15,1.33363E-6,1.32000E-12,719.626E-12,500.000E-3,1.85322E3
661.400E-3,661.400E-15,1.42794E-6,1.32280E-12,767.271E-12,500.000E-3,1.86107E3
662.800E-3,662.800E-15,1.52893E-6,1.32560E-12,818.181E-12,500.000E-3,1.86869E3
664.200E-3,664.200E-15,1.63705E-6,1.32840E-12,872.584E-12,500.000E-3,1.87610E3
665.600E-3,665.600E-15,1.75282E-6,1.33120E-12,930.723E-12,500.000E-3,1.88329E3
667.000E-3,667.000E-15,1.87678E-6,1.33400E-12,992.860E-12,500.000E-3,1.89028E3
668.400E-3,668.400E-15,2.00951E-6,1.33680E-12,1.05927E-9,500.000E-3,1.89706E3
669.800E-3,669.800E-15,2.15162E-6,1.33960E-12,1.13026E-9,500.000E-3,1.90364E3
671.200E-3,671.200E-15,2.30378E-6,1.34240E-12,1.20615E-9,500.000E-3,1.91003E3
672.600E-3,672.600E-15,2.46670E-6,1.34520E-12,1.28727E-9,500.000E-3,1.91622E3
674.000E-3,674.000E-15,2.64114E-6,1.34800E-12,1.37400E-9,500.000E-3,1.92222E3
675.400E-3,675.400E-15,2.82791E-6,1.35080E-12,1.46673E-9,500.000E-3,1.92804E3
676.800E-3,676.800E-15,3.02790E-6,1.35360E-12,1.56587E-9,500.000E-3,1.93368E3
678.200E-3,678.200E-15,3.24202E-6,1.35640E-12,1.67189E-9,500.000E-3,1.93914E3
679.600E-3,679.600E-15,3.47129E-6,1.35920E-12,1.78525E-9,500.000E-3,1.94443E3
681.000E-3,681.000E-15,3.71677E-6,1.36200E-12,1.90648E-9,500.000E-3,1.94955E3
682.400E-3,682.400E-15,3.97961E-6,1.36480E-12,2.03613E-9,500.000E-3,1.95450E3
683.800E-3,683.800E-15,4.26104E-6,1.36760E-12,2.17479E-9,500.000E-3,1.95929E3
685.200E-3,685.200E-15,4.56236E-6,1.37040E-12,2.32309E-9,500.000E-3,1.96392E3
686.600E-3,686.600E-15,4.88500E-6,1.37320E-12,2.48171E-9,500.000E-3,1.96840E3
688.000E-3,688.000E-15,5.23045E-6,1.37600E-12,2.65138E-9,500.000E-3,1.97273E3
689.400E-3,689.400E-15,5.60032E-6,1.37880E-12,2.83287E-9,500.000E-3,1.97691E3
690.800E-3,690.800E-15,5.99635E-6,1.38160E-12,3.02701E-9,500.000E-3,1.98095E3
692.200E-3,692.200E-15,6.42038E-6,1.38440E-12,3.23470E-9,500.000E-3,1.98485E3
693.600E-3,693.600E-15,6.87440E-6,1.38720E-12,3.45689E-9,500.000E-3,1.98861E3
695.000E-3,695.000E-15,7.36052E-6,1.39000E-12,3.69460E-9,500.000E-3,1.99224E3
696.400E-3,696.400E-15,7.88101E-6,1.39280E-12,3.94892E-9,500.000E-3,1.99574E3
697.800E-3,697.800E-15,8.43831E-6,1.39560E-12,4.22103E-9,500.000E-3,1.99911E3
699.200E-3,699.200E-15,9.03501E-6,1.39840E-12,4.51218E-9,500.000E-3,2.00236E3
700.600E-3,700.600E-15,9.67391E-6,1.40120E-12,4.82370E-9,500.000E-3,2.00549E3
702.000E-3,702.000E-15,10.3580E-6,1.40400E-12,5.15704E-9,500.000E-3,2.00851E3
703.400E-3,703.400E-15,11.0904E-6,1.40680E-12,5.51374E-9,500.000E-3,2.01141E3
704.800E-3,704.800E-15,11.8746E-6,1.40960E-12,5.89544E-9,500.000E-3,2.01421E3
706.200E-3,706.200E-15,12.7143E-6,1.41240E-12,6.30391E-9,500.000E-3,2.01689E3
707.600E-3,707.600E-15,13.6133E-6,1.41520E-12,6.74104E-9,500.000E-3,2.01947E3
709.000E-3,709.000E-15,14.5759E-6,1.41800E-12,7.20885E-9,500.000E-3,2.02195E3
710.400E-3,710.400E-15,15.6066E-6,1.42080E-12,7.70950E-9,500.000E-3,2.02433E3
711.800E-3,711.800E-15,16.7101E-6,1.42360E-12,8.24532E-9,500.000E-3,2.02662E3
713.200E-3,713.200E-15,17.8917E-6,1.42640E-12,8.81880E-9,500.000E-3,2.02881E3
714.600E-3,714.600E-15,19.1568E-6,1.42920E-12,9.43258E-9,500.000E-3,2.03092E3
716.000E-3,716.000E-15,20.5113E-6,1.43200E-12,10.0895E-9,500.000E-3,2.03293E3
717.400E-3,717.400E-15,21.9616E-6,1.43480E-12,10.7927E-9,500.000E-3,2.03486E3
718.800E-3,718.800E-15,23.5144E-6,1.43760E-12,11.5453E-9,500.000E-3,2.03671E3
720.200E-3,720.200E-15,25.1770E-6,1.44040E-12,12.3509E-9,500.000E-3,2.03847E3
721.600E-3,721.600E-15,26.9571E-6,1.44320E-12,13.2132E-9,500.000E-3,2.04016E3
723.000E-3,723.000E-15,28.8631E-6,1.44600E-12,14.1363E-9,500.000E-3,2.04177E3
724.400E-3,724.400E-15,30.9038E-6,1.44880E-12,15.1244E-9,500.000E-3,2.04331E3
725.800E-3,725.800E-15,33.0887E-6,1.45160E-12,16.1821E-9,500.000E-3,2.04477E3
727.200E-3,727.200E-15,35.4281E-6,1.45440E-12,17.3144E-9,500.000E-3,2.04617E3
728.600E-3,728.600E-15,37.9329E-6,1.45720E-12,18.5265E-9,500.000E-3,2.04750E3
730.000E-3,730.000E-15,40.6147E-6,1.46000E-12,19.8240E-9,500.000E-3,2.04876E3
731.400E-3,731.400E-15,43.4860E-6,1.46280E-12,21.2131E-9,500.000E-3,2.04996E3
732.800E-3,732.801E-15,46.5603E-6,1.46560E-12,22.7002E-9,500.000E-3,2.05110E3
734.200E-3,734.201E-15,49.8519E-6,1.46840E-12,24.2922E-9,500.000E-3,2.05218E3
735.600E-3,735.601E-15,53.3761E-6,1.47120E-12,25.9966E-9,500.000E-3,2.05320E3
737.000E-3,737.001E-15,57.1494E-6,1.47400E-12,27.8213E-9,500.000E-3,2.05416E3
738.400E-3,738.401E-15,61.1893E-6,1.47680E-12,29.7748E-9,500.001E-3,2.05507E3
739.800E-3,739.801E-15,65.5146E-6,1.47960E-12,31.8663E-9,500.001E-3,2.05592E3
741.200E-3,741.202E-15,70.1456E-6,1.48240E-12,34.1055E-9,500.001E-3,2.05672E3
742.600E-3,742.602E-15,75.1039E-6,1.48520E-12,36.5029E-9,500.001E-3,2.05748E3
744.000E-3,744.003E-15,80.4124E-6,1.48800E-12,39.0697E-9,500.001E-3,2.05818E3
745.400E-3,745.403E-15,86.0960E-6,1.49080E-12,41.8178E-9,500.002E-3,2.05883E3
746.800E-3,746.804E-15,92.1811E-6,1.49360E-12,44.7602E-9,500.002E-3,2.05944E3
748.200E-3,748.205E-15,98.6960E-6,1.49640E-12,47.9105E-9,500.003E-3,2.06001E3
749.600E-3,749.606E-15,105.671E-6,1.49920E-12,51.2835E-9,500.004E-3,2.06053E3
751.000E-3,751.007E-15,113.139E-6,1.50200E-12,54.8950E-9,500.004E-3,2.06101E3
752.400E-3,752.409E-15,121.134E-6,1.50480E-12,58.7618E-9,500.005E-3,2.06144E3
753.800E-3,753.811E-15,129.694E-6,1.50760E-12,62.9020E-9,500.007E-3,2.06184E3
755.200E-3,755.214E-15,138.858E-6,1.51040E-12,67.3350E-9,500.008E-3,2.06220E3
756.600E-3,756.617E-15,148.669E-6,1.51320E-12,72.0815E-9,500.010E-3,2.06252E3
758.000E-3,758.021E-15,159.173E-6,1.51600E-12,77.1637E-9,500.013E-3,2.06280E3
759.400E-3,759.425E-15,170.419E-6,1.51880E-12,82.6053E-9,500.016E-3,2.06305E3
760.800E-3,760.831E-15,182.458E-6,1.52160E-12,88.4319E-9,500.019E-3,2.06326E3
762.200E-3,762.238E-15,195.347E-6,1.52440E-12,94.6706E-9,500.024E-3,2.06343E3
763.600E-3,763.647E-15,209.145E-6,1.52720E-12,101.351E-9,500.029E-3,2.06358E3
765.000E-3,765.057E-15,223.916E-6,1.53000E-12,108.503E-9,500.036E-3,2.06369E3
766.400E-3,766.470E-15,239.730E-6,1.53280E-12,116.162E-9,500.044E-3,2.06376E3
767.800E-3,767.887E-15,256.659E-6,1.53561E-12,124.362E-9,500.055E-3,2.06381E3
769.200E-3,769.306E-15,274.782E-6,1.53841E-12,133.142E-9,500.067E-3,2.06382E3
770.600E-3,770.730E-15,294.182E-6,1.54121E-12,142.544E-9,500.082E-3,2.06380E3
772.000E-3,772.160E-15,314.950E-6,1.54401E-12,152.610E-9,500.101E-3,2.06376E3
773.400E-3,773.597E-15,337.182E-6,1.54681E-12,163.389E-9,500.124E-3,2.06368E3
774.800E-3,775.041E-15,360.980E-6,1.54961E-12,174.929E-9,500.153E-3,2.06358E3
776.200E-3,776.496E-15,386.454E-6,1.55241E-12,187.286E-9,500.188E-3,2.06344E3
777.600E-3,777.964E-15,413.723E-6,1.55521E-12,200.517E-9,500.230E-3,2.06328E3
779.000E-3,779.446E-15,442.911E-6,1.55801E-12,214.683E-9,500.283E-3,2.06309E3
780.400E-3,780.948E-15,474.153E-6,1.56081E-12,229.851E-9,500.347E-3,2.06287E3
781.800E-3,782.473E-15,507.593E-6,1.56362E-12,246.091E-9,500.425E-3,2.06262E3
783.200E-3,784.026E-15,543.385E-6,1.56642E-12,263.479E-9,500.522E-3,2.06235E3
784.600E-3,785.614E-15,581.694E-6,1.56922E-12,282.095E-9,500.640E-3,2.06205E3
786.000E-3,787.245E-15,622.694E-6,1.57202E-12,302.027E-9,500.785E-3,2.06172E3
787.400E-3,788.928E-15,666.575E-6,1.57482E-12,323.367E-9,500.963E-3,2.06136E3
788.800E-3,790.676E-15,713.537E-6,1.57763E-12,346.214E-9,501.181E-3,2.06097E3
790.200E-3,792.503E-15,763.795E-6,1.58043E-12,370.674E-9,501.448E-3,2.06056E3
791.600E-3,794.428E-15,817.578E-6,1.58323E-12,396.860E-9,501.776E-3,2.06012E3
793.000E-3,796.471E-15,875.131E-6,1.58604E-12,424.894E-9,502.177E-3,2.05964E3
794.400E-3,798.661E-15,936.716E-6,1.58884E-12,454.906E-9,502.670E-3,2.05914E3
795.800E-3,801.032E-15,1.00261E-3,1.59164E-12,487.034E-9,503.273E-3,2.05861E3
797.200E-3,803.622E-15,1.07312E-3,1.59445E-12,521.426E-9,504.013E-3,2.05805E3
798.600E-3,806.484E-15,1.14856E-3,1.59725E-12,558.242E-9,504.919E-3,2.05746E3
800.000E-3,809.679E-15,1.22927E-3,1.60006E-12,597.650E-9,506.031E-3,2.05684E3
801.400E-3,813.283E-15,1.31561E-3,1.60287E-12,639.832E-9,507.393E-3,2.05618E3
802.800E-3,817.388E-15,1.40797E-3,1.60567E-12,684.981E-9,509.062E-3,2.05549E3
804.200E-3,822.108E-15,1.50677E-3,1.60848E-12,733.305E-9,511.108E-3,2.05477E3
805.600E-3,827.585E-15,1.61245E-3,1.61129E-12,785.025E-9,513.616E-3,2.05401E3
807.000E-3,833.989E-15,1.72547E-3,1.61410E-12,840.376E-9,516.689E-3,2.05321E3
808.400E-3,841.533E-15,1.84634E-3,1.61691E-12,899.611E-9,520.457E-3,2.05237E3
809.800E-3,850.476E-15,1.97559E-3,1.61973E-12,962.999E-9,525.074E-3,2.05150E3
811.200E-3,861.135E-15,2.11380E-3,1.62254E-12,1.03083E-6,530.733E-3,2.05058E3
812.600E-3,873.902E-15,2.26156E-3,1.62536E-12,1.10340E-6,537.668E-3,2.04962E3
814.000E-3,889.256E-15,2.41953E-3,1.62817E-12,1.18106E-6,546.168E-3,2.04862E3
815.400E-3,907.788E-15,2.58839E-3,1.63099E-12,1.26413E-6,556.586E-3,2.04756E3
816.800E-3,930.218E-15,2.76887E-3,1.63381E-12,1.35300E-6,569.354E-3,2.04646E3
818.200E-3,957.436E-15,2.96174E-3,1.63664E-12,1.44807E-6,585.002E-3,2.04531E3
819.600E-3,990.531E-15,3.16784E-3,1.63946E-12,1.54975E-6,604.180E-3,2.04410E3
821.000E-3,1.03084E-12,3.38804E-3,1.64229E-12,1.65850E-6,627.685E-3,2.04283E3
822.400E-3,1.08001E-12,3.62327E-3,1.64512E-12,1.77480E-6,656.490E-3,2.04151E3
823.800E-3,1.14005E-12,3.87452E-3,1.64796E-12,1.89916E-6,691.794E-3,2.04012E3
825.200E-3,1.21344E-12,4.14282E-3,1.65080E-12,2.03212E-6,735.061E-3,2.03867E3
826.600E-3,1.30322E-12,4.42930E-3,1.65365E-12,2.17427E-6,788.086E-3,2.03714E3
828.000E-3,1.41311E-12,4.73512E-3,1.65649E-12,2.32622E-6,853.072E-3,2.03555E3
829.400E-3,1.54770E-12,5.06153E-3,1.65935E-12,2.48862E-6,932.715E-3,2.03387E3
830.800E-3,1.71261E-12,5.40983E-3,1.66221E-12,2.66217E-6,1.03032,2.03212E3
832.200E-3,1.91474E-12,5.78142E-3,1.66508E-12,2.84760E-6,1.14994,2.03028E3
833.600E-3,2.16256E-12,6.17775E-3,1.66795E-12,3.04571E-6,1.29653,2.02835E3
835.000E-3,2.46648E-12,6.60037E-3,1.67084E-12,3.25732E-6,1.47619,2.02632E3
836.400E-3,2.83925E-12,7.05089E-3,1.67373E-12,3.48331E-6,1.69636,2.02419E3
837.800E-3,3.29657E-12,7.53103E-3,1.67664E-12,3.72462E-6,1.96618,2.02196E3
839.200E-3,3.85766E-12,8.04258E-3,1.67955E-12,3.98222E-6,2.29684,2.01962E3
840.600E-3,4.54616E-12,8.58742E-3,1.68248E-12,4.25718E-6,2.70206,2.01716E3
842.000E-3,5.39107E-12,9.16752E-3,1.68542E-12,4.55058E-6,3.19865,2.01458E3
843.400E-3,6.42798E-12,9.78495E-3,1.68838E-12,4.86360E-6,3.80719,2.01187E3
844.800E-3,7.70061E-12,10.4419E-3,1.69135E-12,5.19747E-6,4.55292,2.00903E3
846.200E-3,9.26260E-12,11.1405E-3,1.69435E-12,5.55347E-6,5.46676,2.00604E3
847.600E-3,11.1798E-12,11.8832E-3,1.69737E-12,5.93298E-6,6.58658,2.00291E3
849.000E-3,13.5332E-12,12.6724E-3,1.70041E-12,6.33744E-6,7.95878,1.99961E3
850.400E-3,16.4219E-12,13.5107E-3,1.70348E-12,6.76834E-6,9.64021,1.99616E3
851.800E-3,19.9678E-12,14.4006E-3,1.70658E-12,7.22728E-6,11.7005,1.99254E3
853.200E-3,24.3206E-12,15.3449E-3,1.70971E-12,7.71591E-6,14.2250,1.98873E3
854.600E-3,29.6639E-12,16.3463E-3,1.71288E-12,8.23598E-6,17.3182,1.98474E3
856.000E-3,36.2231E-12,17.4078E-3,1.71609E-12,8.78931E-6,21.1080,1.98056E3
857.400E-3,44.2751E-12,18.5322E-3,1.71935E-12,9.37780E-6,25.7512,1.97618E3
858.800E-3,54.1597E-12,19.7227E-3,1.72266E-12,10.0034E-6,31.4397,1.97159E3
860.200E-3,66.2939E-12,20.9822E-3,1.72602E-12,10.6683E-6,38.4085,1.96678E3
861.600E-3,81.1899E-12,22.3140E-3,1.72945E-12,11.3745E-6,46.9455,1.96175E3
863.000E-3,99.4763E-12,23.7211E-3,1.73295E-12,12.1244E-6,57.4028,1.95648E3
864.400E-3,121.925E-12,25.2070E-3,1.73653E-12,12.9202E-6,70.2116,1.95097E3
865.800E-3,149.483E-12,26.7747E-3,1.74020E-12,13.7644E-6,85.8997,1.94522E3
867.200E-3,183.314E-12,28.4276E-3,1.74397E-12,14.6594E-6,105.113,1.93921E3
868.600E-3,224.845E-12,30.1691E-3,1.74785E-12,15.6078E-6,128.641,1.93294E3
870.000E-3,275.829E-12,32.0022E-3,1.75186E-12,16.6124E-6,157.450,1.92641E3
871.400E-3,338.419E-12,33.9304E-3,1.75600E-12,17.6758E-6,192.722,1.91959E3
872.800E-3,415.255E-12,35.9568E-3,1.76030E-12,18.8009E-6,235.901,1.91250E3
874.200E-3,509.581E-12,38.0847E-3,1.76477E-12,19.9906E-6,288.753,1.90513E3
875.600E-3,625.377E-12,40.3171E-3,1.76943E-12,21.2479E-6,353.434,1.89746E3
877.000E-3,767.531E-12,42.6570E-3,1.77431E-12,22.5759E-6,432.579,1.88950E3
878.400E-3,942.042E-12,45.1075E-3,1.77944E-12,23.9776E-6,529.403,1.88124E3
879.800E-3,1.15628E-9,47.6714E-3,1.78484E-12,25.4563E-6,647.830,1.87267E3
881.200E-3,1.41927E-9,50.3514E-3,1.79056E-12,27.0153E-6,792.644,1.86381E3
882.600E-3,1.74214E-9,53.1500E-3,1.79662E-12,28.6580E-6,969.675,1.85463E3
884.000E-3,2.13849E-9,56.0697E-3,1.80307E-12,30.3877E-6,1.18602E3,1.84514E3
885.400E-3,2.62506E-9,59.1126E-3,1.80997E-12,32.2081E-6,1.45033E3,1.83533E3
886.800E-3,3.22238E-9,62.2806E-3,1.81737E-12,34.1232E-6,1.77310E3,1.82517E3
888.200E-3,3.95567E-9,65.5745E-3,1.82534E-12,36.1394E-6,2.16709E3,1.81449E3
889.600E-3,4.85587E-9,68.9869E-3,1.83395E-12,38.2829E-6,2.64776E3,1.80203E3
891.000E-3,5.96098E-9,72.4420E-3,1.84330E-12,40.7457E-6,3.23386E3,1.77790E3
892.400E-3,7.31763E-9,75.5407E-3,1.85348E-12,44.4747E-6,3.94805E3,1.69851E3
893.800E-3,8.98308E-9,77.8732E-3,1.86461E-12,50.4549E-6,4.81766E3,1.54342E3
895.200E-3,11.0276E-9,79.6543E-3,1.87684E-12,58.3387E-6,5.87564E3,1.36538E3
896.600E-3,13.5375E-9,81.1392E-3,1.89030E-12,67.7048E-6,7.16156E3,1.19843E3
898.000E-3,16.6188E-9,82.4468E-3,1.90520E-12,78.4708E-6,8.72282E3,1.05067E3
899.400E-3,20.4013E-9,83.6500E-3,1.92175E-12,90.5839E-6,10.6160E3,923.454
900.800E-3,25.0449E-9,84.7846E-3,1.94020E-12,104.095E-6,12.9084E3,814.496
902.200E-3,30.7454E-9,85.8727E-3,1.96085E-12,119.081E-6,15.6796E3,721.128
903.600E-3,37.7434E-9,86.9291E-3,1.98404E-12,135.642E-6,19.0235E3,640.871
905.000E-3,46.3343E-9,87.9639E-3,2.01019E-12,153.892E-6,23.0497E3,571.596
906.400E-3,56.8806E-9,88.9839E-3,2.03980E-12,173.957E-6,27.8854E3,511.529
907.800E-3,69.8275E-9,89.9946E-3,2.07344E-12,195.978E-6,33.6772E3,459.209
909.200E-3,85.7212E-9,90.9995E-3,2.11179E-12,220.107E-6,40.5917E3,413.434
910.600E-3,105.233E-9,92.0018E-3,2.15570E-12,246.510E-6,48.8160E3,373.217
912.000E-3,129.185E-9,93.0034E-3,2.20614E-12,275.365E-6,58.5572E3,337.745
913.400E-3,158.590E-9,94.0060E-3,2.26428E-12,306.866E-6,70.0397E3,306.342
914.800E-3,194.687E-9,95.0108E-3,2.33155E-12,341.218E-6,83.5011E3,278.446
916.200E-3,239.000E-9,96.0186E-3,2.40964E-12,378.646E-6,99.1851E3,253.584
917.600E-3,293.400E-9,97.0301E-3,2.50060E-12,419.390E-6,117.332E3,231.360
919.000E-3,360.182E-9,98.0455E-3,2.60689E-12,463.705E-6,138.165E3,211.439
920.400E-3,442.164E-9,99.0651E-3,2.73151E-12,511.870E-6,161.875E3,193.536
921.800E-3,542.805E-9,100.089E-3,2.87805E-12,564.181E-6,188.602E3,177.405
923.200E-3,666.354E-9,101.117E-3,3.05089E-12,620.957E-6,218.413E3,162.840
924.600E-3,818.023E-9,102.148E-3,3.25534E-12,682.539E-6,251.287E3,149.659
926.000E-3,1.00421E-6,103.183E-3,3.49783E-12,749.293E-6,287.096E3,137.707
927.400E-3,1.23278E-6,104.220E-3,3.78620E-12,821.612E-6,325.598E3,126.848
928.800E-3,1.51337E-6,105.259E-3,4.12999E-12,899.918E-6,366.434E3,116.966
930.200E-3,1.85782E-6,106.300E-3,4.54080E-12,984.660E-6,409.138E3,107.957
931.600E-3,2.28066E-6,107.342E-3,5.03282E-12,1.07632E-3,453.157E3,99.7306
933.000E-3,2.79974E-6,108.384E-3,5.62334E-12,1.17542E-3,497.879E3,92.2087
934.400E-3,3.43695E-6,109.424E-3,6.33346E-12,1.28250E-3,542.666E3,85.3210
935.800E-3,4.21918E-6,110.463E-3,7.18901E-12,1.39816E-3,586.894E3,79.0058
937.200E-3,5.17943E-6,111.498E-3,8.22155E-12,1.52302E-3,629.982E3,73.2083
938.600E-3,6.35819E-6,112.529E-3,9.46968E-12,1.65777E-3,671.426E3,67.8801
940.000E-3,7.80518E-6,113.556E-3,10.9807E-12,1.80311E-3,710.809E3,62.9778
941.400E-3,9.58143E-6,114.576E-3,12.8125E-12,1.95980E-3,747.819E3,58.4629
942.800E-3,11.7618E-6,115.588E-3,15.0360E-12,2.12867E-3,782.242E3,54.3007
944.200E-3,14.4382E-6,116.592E-3,17.7382E-12,2.31057E-3,813.962E3,50.4604
945.600E-3,17.7235E-6,117.587E-3,21.0257E-12,2.50642E-3,842.946E3,46.9142
947.000E-3,21.7561E-6,118.570E-3,25.0292E-12,2.71720E-3,869.228E3,43.6370
948.400E-3,26.7057E-6,119.542E-3,29.9090E-12,2.94393E-3,892.898E3,40.6063
949.800E-3,32.7807E-6,120.501E-3,35.8619E-12,3.18770E-3,914.082E3,37.8018
951.200E-3,40.2367E-6,121.446E-3,43.1293E-12,3.44967E-3,932.933E3,35.2049
952.600E-3,49.3872E-6,122.375E-3,52.0073E-12,3.73106E-3,949.621E3,32.7990
954.000E-3,60.6166E-6,123.289E-3,62.8595E-12,4.03313E-3,964.318E3,30.5690
955.400E-3,74.3959E-6,124.185E-3,76.1320E-12,4.35723E-3,977.197E3,28.5009
956.800E-3,91.3027E-6,125.064E-3,92.3719E-12,4.70478E-3,988.425E3,26.5823
958.200E-3,112.044E-6,125.924E-3,112.251E-12,5.07725E-3,998.160E3,24.8016
959.600E-3,137.487E-6,126.764E-3,136.592E-12,5.47619E-3,1.00655E6,23.1483
961.000E-3,168.690E-6,127.585E-3,166.405E-12,5.90319E-3,1.01373E6,21.6129
962.400E-3,206.949E-6,128.385E-3,202.928E-12,6.35994E-3,1.01981E6,20.1865
963.800E-3,253.848E-6,129.164E-3,247.676E-12,6.84817E-3,1.02492E6,18.8611
965.200E-3,311.319E-6,129.922E-3,302.503E-12,7.36968E-3,1.02914E6,17.6292
966.600E-3,381.715E-6,130.657E-3,369.678E-12,7.92632E-3,1.03256E6,16.4840
968.000E-3,467.901E-6,131.371E-3,451.968E-12,8.52001E-3,1.03525E6,15.4192
969.400E-3,573.355E-6,132.063E-3,552.750E-12,9.15271E-3,1.03728E6,14.4288
970.800E-3,702.288E-6,132.733E-3,676.132E-12,9.82643E-3,1.03868E6,13.5077
972.200E-3,859.784E-6,133.380E-3,827.101E-12,10.5432E-3,1.03952E6,12.6508
973.600E-3,1.05196E-3,134.006E-3,1.01170E-9,11.3052E-3,1.03980E6,11.8535
975.000E-3,1.28614E-3,134.610E-3,1.23720E-9,12.1144E-3,1.03956E6,11.1115
976.400E-3,1.57105E-3,135.192E-3,1.51237E-9,12.9731E-3,1.03880E6,10.4210
977.800E-3,1.91700E-3,135.753E-3,1.84767E-9,13.8833E-3,1.03752E6,9.77818
979.200E-3,2.33611E-3,136.294E-3,2.25554E-9,14.8473E-3,1.03572E6,9.17973
980.600E-3,2.84242E-3,136.814E-3,2.75063E-9,15.8671E-3,1.03337E6,8.62249
982.000E-3,3.45212E-3,137.315E-3,3.35012E-9,16.9451E-3,1.03045E6,8.10353
983.400E-3,4.18349E-3,137.797E-3,4.07388E-9,18.0832E-3,1.02691E6,7.62014
984.800E-3,5.05694E-3,138.260E-3,4.94466E-9,19.2836E-3,1.02271E6,7.16979
986.200E-3,6.09474E-3,138.705E-3,5.98821E-9,20.5484E-3,1.01779E6,6.75013
987.600E-3,7.32070E-3,139.132E-3,7.23319E-9,21.8796E-3,1.01210E6,6.35900
989.000E-3,8.75955E-3,139.544E-3,8.71101E-9,23.2791E-3,1.00557E6,5.99436
990.400E-3,10.4362E-3,139.939E-3,10.4555E-9,24.7489E-3,998.146E3,5.65434
991.800E-3,12.3746E-3,140.319E-3,12.5028E-9,26.2908E-3,989.747E3,5.33719
993.200E-3,14.5955E-3,140.685E-3,14.8902E-9,27.9065E-3,980.208E3,5.04128
994.600E-3,15.9712E-3,141.037E-3,18.3960E-9,29.5977E-3,868.185E3,4.76512
996.000E-3,15.9741E-3,141.376E-3,23.3107E-9,31.3660E-3,685.269E3,4.50729
997.400E-3,15.9759E-3,141.702E-3,29.2778E-9,33.2127E-3,545.665E3,4.26650
998.800E-3,15.9774E-3,142.017E-3,36.5927E-9,35.1393E-3,436.627E3,4.04154
1.00020,15.9787E-3,142.321E-3,45.5893E-9,37.1470E-3,350.492E3,3.83129
1.00160,15.9799E-3,142.614E-3,56.6565E-9,39.2369E-3,282.049E3,3.63470
1.00300,15.9811E-3,142.898E-3,70.2761E-9,41.4099E-3,227.405E3,3.45082
1.00440,15.9823E-3,143.173E-3,87.0379E-9,43.6669E-3,183.624E3,3.27875
1.00580,15.9834E-3,143.439E-3,107.666E-9,46.0088E-3,148.453E3,3.11765
1.00720,15.9845E-3,143.698E-3,133.051E-9,48.4360E-3,120.139E3,2.96676
1.00860,15.9856E-3,143.949E-3,164.285E-9,50.9491E-3,97.3046E3,2.82535
1.01000,15.9867E-3,144.193E-3,202.711E-9,53.5484E-3,78.8647E3,2.69277
1.01140,15.9878E-3,144.431E-3,249.981E-9,56.2341E-3,63.9562E3,2.56839
1.01280,15.9889E-3,144.664E-3,308.123E-9,59.0064E-3,51.8913E3,2.45166
1.01420,15.9900E-3,144.890E-3,379.631E-9,61.8653E-3,42.1198E3,2.34203
1.01560,15.9910E-3,145.112E-3,467.568E-9,64.8106E-3,34.2004E3,2.23902
1.01700,15.9920E-3,145.330E-3,575.699E-9,67.8420E-3,27.7785E3,2.14218
1.01840,15.9930E-3,145.543E-3,708.650E-9,70.9594E-3,22.5683E3,2.05108
1.01980,15.9940E-3,145.753E-3,872.107E-9,74.1621E-3,18.3395E3,1.96533
1.02120,15.9949E-3,145.959E-3,1.07306E-6,77.4498E-3,14.9060E3,1.88457
1.02260,15.9958E-3,146.162E-3,1.32008E-6,80.8217E-3,12.1173E3,1.80845
1.02400,15.9967E-3,146.363E-3,1.62373E-6,84.2772E-3,9.85183E3,1.73668
1.02540,15.9975E-3,146.561E-3,1.99696E-6,87.8154E-3,8.01095E3,1.66897
1.02680,15.9984E-3,146.757E-3,2.45570E-6,91.4356E-3,6.51479E3,1.60503
1.02820,15.9991E-3,146.951E-3,3.01951E-6,95.1368E-3,5.29858E3,1.54462
1.02960,15.9999E-3,147.143E-3,3.71244E-6,98.9180E-3,4.30981E3,1.48752
1.03100,16.0006E-3,147.334E-3,4.56401E-6,102.778E-3,3.50582E3,1.43351
1.03240,16.0013E-3,147.523E-3,5.61051E-6,106.716E-3,2.85202E3,1.38238
1.03380,16.0020E-3,147.711E-3,6.89653E-6,110.731E-3,2.32029E3,1.33396
1.03520,16.0026E-3,147.899E-3,8.47681E-6,114.822E-3,1.88781E3,1.28807
1.03660,16.0032E-3,148.085E-3,10.4186E-6,118.987E-3,1.53602E3,1.24455
1.03800,16.0039E-3,148.271E-3,12.8046E-6,123.226E-3,1.24985E3,1.20325
1.03940,16.0044E-3,148.457E-3,15.7362E-6,127.536E-3,1.01705E3,1.16404
1.04080,16.0050E-3,148.642E-3,19.3381E-6,131.917E-3,827.642,1.12679
1.04220,16.0056E-3,148.828E-3,23.7633E-6,136.368E-3,673.542,1.09137
1.04360,16.0062E-3,149.013E-3,29.1998E-6,140.887E-3,548.161,1.05768
1.04500,16.0067E-3,149.198E-3,35.8781E-6,145.473E-3,446.142,1.02560
1.04640,16.0073E-3,149.383E-3,44.0815E-6,150.124E-3,363.130,995.059E-3
1.04780,16.0079E-3,149.568E-3,54.1573E-6,154.840E-3,295.582,965.950E-3
1.04920,16.0085E-3,149.754E-3,66.5316E-6,159.620E-3,240.615,938.191E-3
1.05060,16.0091E-3,149.940E-3,81.7269E-6,164.461E-3,195.886,911.706E-3
1.05200,16.0098E-3,150.126E-3,100.384E-6,169.362E-3,159.486,886.420E-3
1.05340,16.0104E-3,150.313E-3,123.286E-6,174.323E-3,129.864,862.266E-3
1.05480,16.0111E-3,150.501E-3,151.394E-6,179.342E-3,105.758,839.180E-3
1.05620,16.0119E-3,150.689E-3,185.883E-6,184.418E-3,86.1398,817.103E-3
1.05760,16.0127E-3,150.877E-3,228.186E-6,189.550E-3,70.1742,795.977E-3
1.05900,16.0137E-3,151.067E-3,280.053E-6,194.736E-3,57.1809,775.753E-3
1.06040,16.0147E-3,151.257E-3,343.615E-6,199.975E-3,46.6064,756.379E-3
1.06180,16.0158E-3,151.448E-3,421.465E-6,205.266E-3,38.0004,737.811E-3
1.06320,16.0171E-3,151.640E-3,516.744E-6,210.609E-3,30.9963,720.007E-3
1.06460,16.0186E-3,151.832E-3,633.185E-6,216.001E-3,25.2985,702.924E-3
1.06600,16.0204E-3,152.026E-3,775.372E-6,221.442E-3,20.6615,686.527E-3
1.06740,16.0224E-3,152.220E-3,948.814E-6,226.930E-3,16.8867,670.780E-3
1.06880,16.0247E-3,152.415E-3,1.16005E-3,232.465E-3,13.8139,655.648E-3
1.07020,16.0275E-3,152.612E-3,1.41682E-3,238.046E-3,11.3123,641.103E-3
1.07160,16.0307E-3,152.809E-3,1.72825E-3,243.671E-3,9.27573,627.112E-3
1.07300,16.0346E-3,153.007E-3,2.10493E-3,249.339E-3,7.61763,613.651E-3
1.07440,16.0392E-3,153.206E-3,2.55910E-3,255.050E-3,6.26750,600.691E-3
1.07580,16.0446E-3,153.407E-3,3.10463E-3,260.803E-3,5.16794,588.209E-3
1.07720,16.0509E-3,153.608E-3,3.75704E-3,266.596E-3,4.27223,576.183E-3
1.07860,16.0584E-3,153.810E-3,4.53333E-3,272.429E-3,3.54230,564.589E-3
1.08000,16.0673E-3,154.014E-3,5.45176E-3,278.300E-3,2.94717,553.408E-3
1.08140,16.0776E-3,154.218E-3,6.53135E-3,284.210E-3,2.46160,542.620E-3
1.08280,16.0895E-3,154.423E-3,7.79139E-3,290.156E-3,2.06504,532.208E-3
1.08420,16.1034E-3,154.630E-3,9.25070E-3,296.139E-3,1.74077,522.154E-3
1.08560,16.1192E-3,154.838E-3,10.9269E-3,302.157E-3,1.47519,512.441E-3
1.08700,16.1372E-3,155.046E-3,12.8355E-3,308.209E-3,1.25724,503.055E-3
1.08840,16.1575E-3,155.256E-3,14.9894E-3,314.296E-3,1.07793,493.981E-3
1.08980,16.1802E-3,155.467E-3,17.3983E-3,320.415E-3,929.992E-3,485.205E-3
1.09120,16.2054E-3,155.679E-3,20.0682E-3,326.567E-3,807.516E-3,476.715E-3
1.09260,16.2331E-3,155.892E-3,23.0019E-3,332.750E-3,705.731E-3,468.497E-3
1.09400,16.2633E-3,156.107E-3,26.1982E-3,338.965E-3,620.782E-3,460.540E-3
1.09540,16.2961E-3,156.322E-3,29.6531E-3,345.209E-3,549.556E-3,452.833E-3
1.09680,16.3312E-3,156.539E-3,33.3601E-3,351.483E-3,489.544E-3,445.366E-3
1.09820,16.3688E-3,156.756E-3,37.3104E-3,357.785E-3,438.720E-3,438.129E-3
1.09960,16.4087E-3,156.975E-3,41.4936E-3,364.116E-3,395.452E-3,431.112E-3
1.10100,16.4508E-3,157.195E-3,45.8984E-3,370.475E-3,358.418E-3,424.307E-3
1.10240,16.4950E-3,157.416E-3,50.5130E-3,376.860E-3,326.550E-3,417.704E-3
1.10380,16.5413E-3,157.638E-3,55.3251E-3,383.272E-3,298.983E-3,411.295E-3
1.10520,16.5895E-3,157.861E-3,60.3228E-3,389.710E-3,275.012E-3,405.074E-3
1.10660,16.6395E-3,158.086E-3,65.4942E-3,396.172E-3,254.061E-3,399.032E-3
1.10800,16.6913E-3,158.311E-3,70.8280E-3,402.660E-3,235.659E-3,393.163E-3
1.10940,16.7447E-3,158.538E-3,76.3136E-3,409.171E-3,219.420E-3,387.460E-3
1.11080,16.7997E-3,158.765E-3,81.9406E-3,415.707E-3,205.023E-3,381.917E-3
1.11220,16.8562E-3,158.994E-3,87.6997E-3,422.265E-3,192.204E-3,376.527E-3
1.11360,16.9141E-3,159.224E-3,93.5820E-3,428.846E-3,180.741E-3,371.285E-3
1.11500,16.9734E-3,159.455E-3,99.5792E-3,435.449E-3,170.451E-3,366.186E-3
1.11640,17.0339E-3,159.687E-3,105.684E-3,442.073E-3,161.178E-3,361.223E-3
1.11780,17.0957E-3,159.920E-3,111.889E-3,448.719E-3,152.793E-3,356.393E-3
1.11920,17.1587E-3,160.155E-3,118.187E-3,455.386E-3,145.182E-3,351.690E-3
1.12060,17.2228E-3,160.390E-3,124.574E-3,462.073E-3,138.254E-3,347.111E-3
1.12200,17.2880E-3,160.627E-3,131.042E-3,468.779E-3,131.927E-3,342.649E-3
1.12340,17.3542E-3,160.865E-3,137.589E-3,475.505E-3,126.131E-3,338.302E-3
1.12480,17.4215E-3,161.103E-3,144.207E-3,482.251E-3,120.809E-3,334.066E-3
1.12620,17.4897E-3,161.343E-3,150.894E-3,489.014E-3,115.907E-3,329.936E-3
1.12760,17.5589E-3,161.584E-3,157.645E-3,495.796E-3,111.382E-3,325.909E-3
1.12900,17.6290E-3,161.826E-3,164.457E-3,502.596E-3,107.195E-3,321.981E-3
1.13040,17.6999E-3,162.070E-3,171.327E-3,509.413E-3,103.311E-3,318.150E-3
1.13180,17.7718E-3,162.314E-3,178.250E-3,516.248E-3,99.7012E-3,314.411E-3
1.13320,17.8444E-3,162.559E-3,185.225E-3,523.099E-3,96.3392E-3,310.762E-3
1.13460,17.9179E-3,162.806E-3,192.248E-3,529.966E-3,93.2020E-3,307.200E-3
1.13600,17.9922E-3,163.053E-3,199.318E-3,536.850E-3,90.2690E-3,303.722E-3
1.13740,18.0673E-3,163.302E-3,206.431E-3,543.749E-3,87.5221E-3,300.326E-3
1.13880,18.1431E-3,163.552E-3,213.586E-3,550.664E-3,84.9453E-3,297.008E-3
1.14020,18.2197E-3,163.802E-3,220.781E-3,557.594E-3,82.5240E-3,293.766E-3
1.14160,18.2970E-3,164.054E-3,228.013E-3,564.539E-3,80.2455E-3,290.599E-3
1.14300,18.3751E-3,164.307E-3,235.282E-3,571.498E-3,78.0982E-3,287.503E-3
1.14440,18.4539E-3,164.561E-3,242.585E-3,578.471E-3,76.0718E-3,284.476E-3
1.14580,18.5334E-3,164.817E-3,249.921E-3,585.459E-3,74.1568E-3,281.517E-3
1.14720,18.6135E-3,165.073E-3,257.289E-3,592.460E-3,72.3448E-3,278.623E-3
1.14860,18.6944E-3,165.330E-3,264.687E-3,599.474E-3,70.6282E-3,275.792E-3
1.15000,18.7759E-3,165.588E-3,272.114E-3,606.501E-3,69.0002E-3,273.022E-3
1.15140,18.8581E-3,165.848E-3,279.569E-3,613.541E-3,67.4542E-3,270.312E-3
1.15280,18.9410E-3,166.108E-3,287.051E-3,620.594E-3,65.9848E-3,267.660E-3
1.15420,19.0245E-3,166.370E-3,294.559E-3,627.659E-3,64.5866E-3,265.064E-3
1.15560,19.1087E-3,166.632E-3,302.091E-3,634.736E-3,63.2548E-3,262.522E-3
1.15700,19.1935E-3,166.896E-3,309.647E-3,641.825E-3,61.9851E-3,260.033E-3
1.15840,19.2790E-3,167.161E-3,317.227E-3,648.926E-3,60.7735E-3,257.596E-3
1.15980,19.3651E-3,167.426E-3,324.828E-3,656.037E-3,59.6164E-3,255.209E-3
1.16120,19.4518E-3,167.693E-3,332.451E-3,663.160E-3,58.5103E-3,252.870E-3
1.16260,19.5391E-3,167.961E-3,340.095E-3,670.294E-3,57.4521E-3,250.578E-3
1.16400,19.6271E-3,168.230E-3,347.758E-3,677.439E-3,56.4389E-3,248.333E-3
1.16540,19.7157E-3,168.500E-3,355.441E-3,684.594E-3,55.4682E-3,246.131E-3
1.16680,19.8049E-3,168.771E-3,363.143E-3,691.759E-3,54.5374E-3,243.974E-3
1.16820,19.8947E-3,169.043E-3,370.863E-3,698.934E-3,53.6444E-3,241.858E-3
1.16960,19.9852E-3,169.316E-3,378.601E-3,706.120E-3,52.7869E-3,239.784E-3
1.17100,20.0762E-3,169.591E-3,386.356E-3,713.315E-3,51.9630E-3,237.750E-3
1.17240,20.1678E-3,169.866E-3,394.127E-3,720.519E-3,51.1709E-3,235.755E-3
1.17380,20.2601E-3,170.142E-3,401.915E-3,727.733E-3,50.4090E-3,233.797E-3
1.17520,20.3530E-3,170.419E-3,409.718E-3,734.955E-3,49.6755E-3,231.877E-3
1.17660,20.4464E-3,170.698E-3,417.536E-3,742.187E-3,48.9692E-3,229.993E-3
1.17800,20.5405E-3,170.977E-3,425.369E-3,749.428E-3,48.2885E-3,228.144E-3
1.17940,20.6351E-3,171.257E-3,433.217E-3,756.677E-3,47.6323E-3,226.329E-3
1.18080,20.7304E-3,171.539E-3,441.078E-3,763.934E-3,46.9993E-3,224.547E-3
1.18220,20.8262E-3,171.821E-3,448.954E-3,771.200E-3,46.3883E-3,222.798E-3
1.18360,20.9227E-3,172.105E-3,456.842E-3,778.473E-3,45.7985E-3,221.080E-3
1.18500,21.0197E-3,172.390E-3,464.744E-3,785.755E-3,45.2286E-3,219.393E-3
1.18640,21.1173E-3,172.675E-3,472.658E-3,793.045E-3,44.6779E-3,217.737E-3
1.18780,21.2156E-3,172.962E-3,480.584E-3,800.342E-3,44.1454E-3,216.110E-3
1.18920,21.3144E-3,173.249E-3,488.523E-3,807.646E-3,43.6303E-3,214.512E-3
1.19060,21.4138E-3,173.538E-3,496.473E-3,814.958E-3,43.1319E-3,212.941E-3
1.19200,21.5138E-3,173.828E-3,504.434E-3,822.277E-3,42.6494E-3,211.398E-3
1.19340,21.6144E-3,174.119E-3,512.407E-3,829.603E-3,42.1821E-3,209.882E-3
1.19480,21.7156E-3,174.410E-3,520.391E-3,836.936E-3,41.7294E-3,208.392E-3
1.19620,21.8174E-3,174.703E-3,528.386E-3,844.276E-3,41.2907E-3,206.927E-3
1.19760,21.9198E-3,174.997E-3,536.391E-3,851.622E-3,40.8654E-3,205.487E-3
1.19900,22.0228E-3,175.292E-3,544.406E-3,858.975E-3,40.4529E-3,204.071E-3
1.20040,22.1264E-3,175.588E-3,552.431E-3,866.334E-3,40.0527E-3,202.679E-3
1.20180,22.2305E-3,175.885E-3,560.466E-3,873.699E-3,39.6644E-3,201.310E-3
1.20320,22.3353E-3,176.183E-3,568.511E-3,881.070E-3,39.2874E-3,199.964E-3
1.20460,22.4407E-3,176.482E-3,576.565E-3,888.448E-3,38.9213E-3,198.640E-3
1.20600,22.5466E-3,176.782E-3,584.629E-3,895.831E-3,38.5658E-3,197.338E-3
1.20740,22.6532E-3,177.083E-3,592.701E-3,903.220E-3,38.2203E-3,196.057E-3
1.20880,22.7604E-3,177.385E-3,600.782E-3,910.615E-3,37.8846E-3,194.797E-3
1.21020,22.8681E-3,177.688E-3,608.872E-3,918.015E-3,37.5582E-3,193.556E-3
1.21160,22.9765E-3,177.992E-3,616.970E-3,925.420E-3,37.2408E-3,192.336E-3
1.21300,23.0855E-3,178.297E-3,625.077E-3,932.831E-3,36.9322E-3,191.135E-3
1.21440,23.1950E-3,178.603E-3,633.192E-3,940.247E-3,36.6319E-3,189.953E-3
1.21580,23.3052E-3,178.910E-3,641.315E-3,947.668E-3,36.3397E-3,188.790E-3
1.21720,23.4159E-3,179.218E-3,649.446E-3,955.094E-3,36.0553E-3,187.645E-3
1.21860,23.5273E-3,179.527E-3,657.584E-3,962.524E-3,35.7784E-3,186.517E-3
1.22000,23.6393E-3,179.837E-3,665.730E-3,969.960E-3,35.5088E-3,185.407E-3
1.22140,23.7519E-3,180.149E-3,673.884E-3,977.400E-3,35.2463E-3,184.314E-3
1.22280,23.8651E-3,180.461E-3,682.045E-3,984.845E-3,34.9905E-3,183.238E-3
1.22420,23.9789E-3,180.774E-3,690.213E-3,992.294E-3,34.7413E-3,182.178E-3
1.22560,24.0933E-3,181.088E-3,698.388E-3,999.747E-3,34.4984E-3,181.134E-3
1.22700,24.2083E-3,181.403E-3,706.570E-3,1.00721,34.2617E-3,180.106E-3
1.22840,24.3240E-3,181.720E-3,714.759E-3,1.01467,34.0310E-3,179.093E-3
1.22980,24.4402E-3,182.037E-3,722.954E-3,1.02213,33.8060E-3,178.095E-3
1.23120,24.5571E-3,182.355E-3,731.156E-3,1.02960,33.5866E-3,177.112E-3
1.23260,24.6746E-3,182.674E-3,739.365E-3,1.03708,33.3726E-3,176.144E-3
1.23400,24.7927E-3,182.995E-3,747.580E-3,1.04456,33.1639E-3,175.189E-3
1.23540,24.9114E-3,183.316E-3,755.801E-3,1.05204,32.9602E-3,174.249E-3
1.23680,25.0307E-3,183.638E-3,764.028E-3,1.05952,32.7615E-3,173.322E-3
1.23820,25.1507E-3,183.962E-3,772.261E-3,1.06701,32.5676E-3,172.409E-3
1.23960,25.2713E-3,184.286E-3,780.501E-3,1.07450,32.3783E-3,171.508E-3
1.24100,25.3925E-3,184.611E-3,788.746E-3,1.08200,32.1935E-3,170.621E-3
1.24240,25.5143E-3,184.938E-3,796.996E-3,1.08950,32.0131E-3,169.746E-3
1.24380,25.6368E-3,185.265E-3,805.253E-3,1.09700,31.8369E-3,168.884E-3
1.24520,25.7599E-3,185.594E-3,813.515E-3,1.10450,31.6649E-3,168.033E-3
1.24660,25.8836E-3,185.923E-3,821.782E-3,1.11201,31.4969E-3,167.195E-3
1.24800,26.0079E-3,186.253E-3,830.055E-3,1.11952,31.3328E-3,166.368E-3
1.24940,26.1329E-3,186.585E-3,838.333E-3,1.12704,31.1725E-3,165.553E-3
1.25080,26.2585E-3,186.917E-3,846.616E-3,1.13456,31.0159E-3,164.749E-3
1.25220,26.3848E-3,187.251E-3,854.905E-3,1.14208,30.8629E-3,163.956E-3
1.25360,26.5117E-3,187.585E-3,863.198E-3,1.14960,30.7134E-3,163.174E-3
1.25500,26.6392E-3,187.921E-3,871.496E-3,1.15712,30.5673E-3,162.403E-3
1.25640,26.7674E-3,188.257E-3,879.799E-3,1.16465,30.4245E-3,161.642E-3
1.25780,26.8962E-3,188.594E-3,888.107E-3,1.17218,30.2849E-3,160.892E-3
1.25920,27.0257E-3,188.933E-3,896.420E-3,1.17972,30.1485E-3,160.151E-3
1.26060,27.1558E-3,189.272E-3,904.737E-3,1.18725,30.0152E-3,159.421E-3
1.26200,27.2866E-3,189.613E-3,913.059E-3,1.19479,29.8848E-3,158.700E-3
1.26340,27.4180E-3,189.955E-3,921.386E-3,1.20233,29.7574E-3,157.989E-3
1.26480,27.5501E-3,190.297E-3,929.716E-3,1.20987,29.6328E-3,157.287E-3
1.26620,27.6828E-3,190.641E-3,938.051E-3,1.21742,29.5109E-3,156.594E-3
1.26760,27.8161E-3,190.985E-3,946.391E-3,1.22496,29.3918E-3,155.911E-3
1.26900,27.9502E-3,191.331E-3,954.734E-3,1.23251,29.2753E-3,155.236E-3
1.27040,28.0849E-3,191.677E-3,963.082E-3,1.24006,29.1614E-3,154.571E-3
1.27180,28.2202E-3,192.025E-3,971.434E-3,1.24761,29.0500E-3,153.914E-3
1.27320,28.3562E-3,192.373E-3,979.790E-3,1.25517,28.9411E-3,153.265E-3
1.27460,28.4929E-3,192.723E-3,988.149E-3,1.26273,28.8346E-3,152.625E-3
1.27600,28.6302E-3,193.074E-3,996.513E-3,1.27028,28.7304E-3,151.993E-3
1.27740,28.7682E-3,193.425E-3,1.00488,1.27784,28.6285E-3,151.369E-3
1.27880,28.9069E-3,193.778E-3,1.01325,1.28540,28.5288E-3,150.753E-3
1.28020,29.0462E-3,194.132E-3,1.02163,1.29297,28.4313E-3,150.144E-3
1.28160,29.1862E-3,194.486E-3,1.03000,1.30053,28.3360E-3,149.544E-3
1.28300,29.3269E-3,194.842E-3,1.03839,1.30810,28.2428E-3,148.951E-3
1.28440,29.4683E-3,195.198E-3,1.04677,1.31566,28.1516E-3,148.365E-3
1.28580,29.6103E-3,195.556E-3,1.05516,1.32323,28.0623E-3,147.787E-3
1.28720,29.7530E-3,195.915E-3,1.06355,1.33080,27.9751E-3,147.216E-3
1.28860,29.8964E-3,196.275E-3,1.07195,1.33837,27.8898E-3,146.652E-3
1.29000,30.0405E-3,196.635E-3,1.08035,1.34595,27.8063E-3,146.095E-3
1.29140,30.1853E-3,196.997E-3,1.08875,1.35352,27.7247E-3,145.544E-3
1.29280,30.3307E-3,197.360E-3,1.09716,1.36109,27.6448E-3,145.001E-3
1.29420,30.4769E-3,197.723E-3,1.10557,1.36867,27.5668E-3,144.464E-3
1.29560,30.6237E-3,198.088E-3,1.11398,1.37625,27.4904E-3,143.934E-3
1.29700,30.7712E-3,198.454E-3,1.12239,1.38382,27.4158E-3,143.410E-3
1.29840,30.9194E-3,198.821E-3,1.13081,1.39140,27.3427E-3,142.892E-3
1.29980,31.0684E-3,199.189E-3,1.13923,1.39898,27.2714E-3,142.381E-3
1.30120,31.2180E-3,199.557E-3,1.14765,1.40656,27.2016E-3,141.876E-3
1.30260,31.3683E-3,199.927E-3,1.15608,1.41414,27.1333E-3,141.377E-3
1.30400,31.5193E-3,200.298E-3,1.16451,1.42172,27.0666E-3,140.884E-3
1.30540,31.6710E-3,200.670E-3,1.17294,1.42931,27.0014E-3,140.397E-3
1.30680,31.8234E-3,201.043E-3,1.18137,1.43689,26.9376E-3,139.915E-3
1.30820,31.9765E-3,201.417E-3,1.18981,1.44447,26.8753E-3,139.439E-3
1.30960,32.1304E-3,201.791E-3,1.19825,1.45206,26.8144E-3,138.969E-3
1.31100,32.2849E-3,202.167E-3,1.20669,1.45964,26.7549E-3,138.505E-3
1.31240,32.4402E-3,202.544E-3,1.21514,1.46723,26.6967E-3,138.045E-3
1.31380,32.5962E-3,202.922E-3,1.22359,1.47482,26.6399E-3,137.592E-3
1.31520,32.7529E-3,203.301E-3,1.23203,1.48240,26.5844E-3,137.143E-3
1.31660,32.9103E-3,203.681E-3,1.24049,1.48999,26.5301E-3,136.700E-3
1.31800,33.0684E-3,204.062E-3,1.24894,1.49758,26.4772E-3,136.262E-3
1.31940,33.2272E-3,204.444E-3,1.25740,1.50516,26.4254E-3,135.829E-3
1.32080,33.3868E-3,204.827E-3,1.26586,1.51275,26.3749E-3,135.400E-3
1.32220,33.5471E-3,205.211E-3,1.27432,1.52034,26.3256E-3,134.977E-3
1.32360,33.7082E-3,205.596E-3,1.28278,1.52793,26.2774E-3,134.559E-3
1.32500,33.8699E-3,205.982E-3,1.29124,1.53552,26.2305E-3,134.145E-3
1.32640,34.0324E-3,206.369E-3,1.29971,1.54310,26.1846E-3,133.736E-3
1.32780,34.1956E-3,206.757E-3,1.30818,1.55069,26.1399E-3,133.332E-3
1.32920,34.3596E-3,207.146E-3,1.31665,1.55828,26.0962E-3,132.933E-3
1.33060,34.5243E-3,207.536E-3,1.32512,1.56587,26.0536E-3,132.538E-3
1.33200,34.6897E-3,207.928E-3,1.33360,1.57346,26.0121E-3,132.147E-3
1.33340,34.8559E-3,208.320E-3,1.34207,1.58105,25.9717E-3,131.761E-3
1.33480,35.0228E-3,208.713E-3,1.35055,1.58863,25.9322E-3,131.379E-3
1.33620,35.1905E-3,209.107E-3,1.35903,1.59622,25.8938E-3,131.001E-3
1.33760,35.3589E-3,209.502E-3,1.36751,1.60381,25.8564E-3,130.628E-3
1.33900,35.5281E-3,209.898E-3,1.37600,1.61140,25.8199E-3,130.259E-3
1.34040,35.6980E-3,210.296E-3,1.38448,1.61899,25.7844E-3,129.893E-3
1.34180,35.8687E-3,210.694E-3,1.39297,1.62657,25.7498E-3,129.532E-3
1.34320,36.0401E-3,211.093E-3,1.40146,1.63416,25.7162E-3,129.175E-3
1.34460,36.2123E-3,211.493E-3,1.40995,1.64175,25.6835E-3,128.822E-3
1.34600,36.3853E-3,211.895E-3,1.41844,1.64933,25.6516E-3,128.473E-3
1.34740,36.5590E-3,212.297E-3,1.42693,1.65692,25.6207E-3,128.127E-3
1.34880,36.7334E-3,212.700E-3,1.43543,1.66451,25.5906E-3,127.786E-3
1.35020,36.9087E-3,213.105E-3,1.44392,1.67209,25.5614E-3,127.448E-3
1.35160,37.0847E-3,213.510E-3,1.45242,1.67968,25.5331E-3,127.114E-3
1.35300,37.2615E-3,213.917E-3,1.46092,1.68726,25.5056E-3,126.783E-3
1.35440,37.4390E-3,214.324E-3,1.46941,1.69484,25.4789E-3,126.456E-3
1.35580,37.6173E-3,214.732E-3,1.47791,1.70243,25.4530E-3,126.133E-3
1.35720,37.7964E-3,215.142E-3,1.48642,1.71001,25.4279E-3,125.813E-3
1.35860,37.9763E-3,215.552E-3,1.49492,1.71759,25.4036E-3,125.497E-3
1.36000,38.1570E-3,215.964E-3,1.50342,1.72517,25.3800E-3,125.184E-3
1.36140,38.3384E-3,216.376E-3,1.51193,1.73275,25.3573E-3,124.874E-3
1.36280,38.5206E-3,216.790E-3,1.52043,1.74033,25.3353E-3,124.568E-3
1.36420,38.7036E-3,217.204E-3,1.52894,1.74791,25.3140E-3,124.265E-3
1.36560,38.8874E-3,217.620E-3,1.53745,1.75549,25.2935E-3,123.965E-3
1.36700,39.0720E-3,218.037E-3,1.54596,1.76307,25.2736E-3,123.669E-3
1.36840,39.2574E-3,218.454E-3,1.55447,1.77065,25.2545E-3,123.375E-3
1.36980,39.4435E-3,218.873E-3,1.56298,1.77822,25.2361E-3,123.085E-3
1.37120,39.6305E-3,219.292E-3,1.57149,1.78580,25.2184E-3,122.798E-3
1.37260,39.8183E-3,219.713E-3,1.58000,1.79337,25.2014E-3,122.514E-3
1.37400,40.0068E-3,220.135E-3,1.58852,1.80095,25.1850E-3,122.233E-3
1.37540,40.1962E-3,220.558E-3,1.59703,1.80852,25.1693E-3,121.955E-3
1.37680,40.3864E-3,220.981E-3,1.60555,1.81609,25.1543E-3,121.680E-3
1.37820,40.5773E-3,221.406E-3,1.61406,1.82366,25.1399E-3,121.407E-3
1.37960,40.7691E-3,221.832E-3,1.62258,1.83123,25.1261E-3,121.138E-3
1.38100,40.9617E-3,222.259E-3,1.63109,1.83880,25.1130E-3,120.872E-3
1.38240,41.1551E-3,222.687E-3,1.63961,1.84637,25.1005E-3,120.608E-3
1.38380,41.3493E-3,223.115E-3,1.64813,1.85393,25.0887E-3,120.347E-3
1.38520,41.5444E-3,223.545E-3,1.65665,1.86150,25.0774E-3,120.089E-3
1.38660,41.7402E-3,223.976E-3,1.66517,1.86906,25.0667E-3,119.833E-3
1.38800,41.9369E-3,224.408E-3,1.67369,1.87663,25.0566E-3,119.581E-3
1.38940,42.1344E-3,224.841E-3,1.68221,1.88419,25.0471E-3,119.331E-3
1.39080,42.3327E-3,225.275E-3,1.69073,1.89175,25.0382E-3,119.083E-3
1.39220,42.5319E-3,225.710E-3,1.69925,1.89931,25.0298E-3,118.838E-3
1.39360,42.7318E-3,226.146E-3,1.70777,1.90687,25.0221E-3,118.596E-3
1.39500,42.9327E-3,226.583E-3,1.71629,1.91442,25.0148E-3,118.356E-3
1.39640,43.1343E-3,227.021E-3,1.72481,1.92198,25.0081E-3,118.119E-3
1.39780,43.3368E-3,227.460E-3,1.73333,1.92953,25.0020E-3,117.884E-3
1.39920,43.5401E-3,227.900E-3,1.74185,1.93708,24.9964E-3,117.651E-3
1.40060,43.7442E-3,228.342E-3,1.75038,1.94464,24.9913E-3,117.421E-3
1.40200,43.9492E-3,228.784E-3,1.75890,1.95219,24.9868E-3,117.194E-3
1.40340,44.1551E-3,229.227E-3,1.76742,1.95974,24.9828E-3,116.968E-3
1.40480,44.3617E-3,229.671E-3,1.77594,1.96728,24.9793E-3,116.745E-3
1.40620,44.5693E-3,230.116E-3,1.78447,1.97483,24.9762E-3,116.525E-3
1.40760,44.7777E-3,230.563E-3,1.79299,1.98237,24.9737E-3,116.306E-3
1.40900,44.9869E-3,231.010E-3,1.80151,1.98992,24.9717E-3,116.090E-3
1.41040,45.1970E-3,231.458E-3,1.81003,1.99746,24.9702E-3,115.876E-3
1.41180,45.4079E-3,231.907E-3,1.81856,2.00500,24.9692E-3,115.665E-3
1.41320,45.6197E-3,232.358E-3,1.82708,2.01254,24.9686E-3,115.455E-3
1.41460,45.8324E-3,232.809E-3,1.83560,2.02007,24.9686E-3,115.248E-3
1.41600,46.0459E-3,233.262E-3,1.84413,2.02761,24.9689E-3,115.043E-3
1.41740,46.2603E-3,233.715E-3,1.85265,2.03514,24.9698E-3,114.840E-3
1.41880,46.4755E-3,234.169E-3,1.86117,2.04267,24.9711E-3,114.639E-3
1.42020,46.6916E-3,234.625E-3,1.86969,2.05020,24.9729E-3,114.440E-3
1.42160,46.9086E-3,235.081E-3,1.87821,2.05773,24.9751E-3,114.243E-3
1.42300,47.1265E-3,235.539E-3,1.88674,2.06526,24.9778E-3,114.048E-3
1.42440,47.3452E-3,235.998E-3,1.89526,2.07279,24.9809E-3,113.855E-3
1.42580,47.5648E-3,236.457E-3,1.90378,2.08031,24.9844E-3,113.664E-3
1.42720,47.7853E-3,236.918E-3,1.91230,2.08783,24.9884E-3,113.475E-3
1.42860,48.0067E-3,237.379E-3,1.92082,2.09535,24.9928E-3,113.289E-3
1.43000,48.2289E-3,237.842E-3,1.92934,2.10287,24.9976E-3,113.103E-3
1.43140,48.4521E-3,238.306E-3,1.93786,2.11039,25.0029E-3,112.920E-3
1.43280,48.6761E-3,238.770E-3,1.94638,2.11790,25.0085E-3,112.739E-3
1.43420,48.9010E-3,239.236E-3,1.95490,2.12541,25.0146E-3,112.560E-3
1.43560,49.1268E-3,239.703E-3,1.96342,2.13293,25.0211E-3,112.382E-3
1.43700,49.3535E-3,240.170E-3,1.97193,2.14044,25.0280E-3,112.206E-3
1.43840,49.5811E-3,240.639E-3,1.98045,2.14794,25.0353E-3,112.032E-3
1.43980,49.8096E-3,241.109E-3,1.98897,2.15545,25.0429E-3,111.860E-3
1.44120,50.0390E-3,241.580E-3,1.99748,2.16295,25.0510E-3,111.690E-3
1.44260,50.2692E-3,242.052E-3,2.00600,2.17045,25.0595E-3,111.521E-3
1.44400,50.5004E-3,242.525E-3,2.01451,2.17795,25.0683E-3,111.354E-3
1.44540,50.7325E-3,242.998E-3,2.02303,2.18545,25.0775E-3,111.189E-3
1.44680,50.9656E-3,243.473E-3,2.03154,2.19295,25.0871E-3,111.026E-3
1.44820,51.1995E-3,243.949E-3,2.04006,2.20044,25.0971E-3,110.864E-3
1.44960,51.4343E-3,244.426E-3,2.04857,2.20793,25.1074E-3,110.704E-3
1.45100,51.6701E-3,244.904E-3,2.05708,2.21542,25.1182E-3,110.545E-3
1.45240,51.9067E-3,245.383E-3,2.06559,2.22291,25.1292E-3,110.388E-3
1.45380,52.1443E-3,245.863E-3,2.07410,2.23040,25.1407E-3,110.233E-3
1.45520,52.3828E-3,246.344E-3,2.08261,2.23788,25.1525E-3,110.079E-3
1.45660,52.6222E-3,246.826E-3,2.09112,2.24536,25.1646E-3,109.927E-3
1.45800,52.8626E-3,247.309E-3,2.09963,2.25284,25.1771E-3,109.777E-3
1.45940,53.1038E-3,247.793E-3,2.10813,2.26032,25.1900E-3,109.628E-3
1.46080,53.3461E-3,248.278E-3,2.11664,2.26779,25.2032E-3,109.480E-3
1.46220,53.5892E-3,248.765E-3,2.12514,2.27527,25.2167E-3,109.334E-3
1.46360,53.8333E-3,249.252E-3,2.13365,2.28274,25.2306E-3,109.190E-3
1.46500,54.0783E-3,249.740E-3,2.14215,2.29021,25.2449E-3,109.047E-3
1.46640,54.3242E-3,250.229E-3,2.15065,2.29767,25.2594E-3,108.905E-3
1.46780,54.5711E-3,250.719E-3,2.15915,2.30514,25.2743E-3,108.765E-3
1.46920,54.8189E-3,251.210E-3,2.16765,2.31260,25.2895E-3,108.627E-3
1.47060,55.0677E-3,251.703E-3,2.17615,2.32006,25.3051E-3,108.490E-3
1.47200,55.3174E-3,252.196E-3,2.18465,2.32752,25.3210E-3,108.354E-3
1.47340,55.5681E-3,252.690E-3,2.19315,2.33498,25.3371E-3,108.220E-3
1.47480,55.8197E-3,253.185E-3,2.20164,2.34243,25.3537E-3,108.087E-3
1.47620,56.0723E-3,253.682E-3,2.21014,2.34988,25.3705E-3,107.955E-3
1.47760,56.3258E-3,254.179E-3,2.21863,2.35733,25.3876E-3,107.825E-3
1.47900,56.5803E-3,254.677E-3,2.22712,2.36477,25.4051E-3,107.696E-3
1.48040,56.8357E-3,255.176E-3,2.23561,2.37222,25.4229E-3,107.569E-3
1.48180,57.0921E-3,255.677E-3,2.24410,2.37966,25.4409E-3,107.443E-3
1.48320,57.3495E-3,256.178E-3,2.25259,2.38710,25.4593E-3,107.318E-3
1.48460,57.6078E-3,256.680E-3,2.26108,2.39454,25.4780E-3,107.194E-3
1.48600,57.8671E-3,257.184E-3,2.26956,2.40197,25.4970E-3,107.072E-3
1.48740,58.1273E-3,257.688E-3,2.27805,2.40940,25.5163E-3,106.951E-3
1.48880,58.3886E-3,258.193E-3,2.28653,2.41683,25.5359E-3,106.831E-3
1.49020,58.6508E-3,258.700E-3,2.29502,2.42426,25.5557E-3,106.713E-3
1.49160,58.9140E-3,259.207E-3,2.30350,2.43169,25.5759E-3,106.596E-3
1.49300,59.1781E-3,259.716E-3,2.31198,2.43911,25.5964E-3,106.480E-3
1.49440,59.4433E-3,260.225E-3,2.32045,2.44653,25.6171E-3,106.365E-3
1.49580,59.7094E-3,260.735E-3,2.32893,2.45395,25.6381E-3,106.251E-3
1.49720,59.9765E-3,261.247E-3,2.33740,2.46136,25.6594E-3,106.139E-3
1.49860,60.2446E-3,261.759E-3,2.34588,2.46878,25.6810E-3,106.028E-3
1.50000,60.5137E-3,262.273E-3,2.35435,2.47619,25.7029E-3,105.918E-3
