Ic,Input_noise
1.0,3.4067140476679998e-09
1.00231,3.4031606459971943e-09
1.00462,3.3996198969892605e-09
1.00693,3.3960917274608207e-09
1.00925,3.392560872581768e-09
1.01158,3.389027422059459e-09
1.01391,3.3855065490464286e-09
1.01625,3.3819831503018065e-09
1.01859,3.3784722908635392e-09
1.02094,3.374958974514335e-09
1.02329,3.3714581589703445e-09
1.02565,3.367954954258992e-09
1.02802,3.3644494466925077e-09
1.03039,3.36095643407865e-09
1.03276,3.3574758441078173e-09
1.03514,3.3539929971978728e-09
1.03753,3.350507977838952e-09
1.03992,3.3470353736881216e-09
1.04232,3.3435606607015745e-09
1.04472,3.3400983225197477e-09
1.04713,3.3366339381015238e-09
1.04954,3.333181887844789e-09
1.05196,3.3297278529503907e-09
1.05439,3.326271914676224e-09
1.05682,3.3228282996091043e-09
1.05925,3.319396936440574e-09
1.0617,3.3159496633655734e-09
1.06414,3.312528696211977e-09
1.0666,3.3090919776567387e-09
1.06905,3.305681422934752e-09
1.07152,3.3022552736176566e-09
1.07399,3.2988413496030494e-09
1.07647,3.2954258323861872e-09
1.07895,3.2920224972689246e-09
1.08143,3.2886312737711935e-09
1.08393,3.2852248892713424e-09
1.08643,3.2818306704409964e-09
1.08893,3.2784485468116922e-09
1.09144,3.2750649921425187e-09
1.09396,3.271680080720312e-09
1.09648,3.2683072465950903e-09
1.09901,3.2649331071033043e-09
1.10154,3.2615710003774117e-09
1.10408,3.2582076388111792e-09
1.10662,3.254856265354044e-09
1.10917,3.2515036867345915e-09
1.11173,3.2481499743376816e-09
1.11429,3.244808229344088e-09
1.11686,3.2414653985534495e-09
1.11944,3.238121552060335e-09
1.12202,3.2347896506403197e-09
1.1246,3.23146962513254e-09
1.1272,3.2281358077714755e-09
1.1298,3.2248139118408884e-09
1.1324,3.221503868256254e-09
1.13501,3.2181929455353226e-09
1.13763,3.214881211008449e-09
1.14025,3.2115813039979146e-09
1.14288,3.208280628319527e-09
1.14551,3.204991732982367e-09
1.14815,3.201702111362128e-09
1.1508,3.1984118288351783e-09
1.15345,3.195133299917265e-09
1.15611,3.1918541509313747e-09
1.15878,3.188574446050108e-09
1.16145,3.1853064666259404e-09
1.16413,3.182037970629309e-09
1.16681,3.178781151573397e-09
1.1695,3.1755238545640577e-09
1.1722,3.172266141895779e-09
1.1749,3.1690200762842073e-09
1.17761,3.165773632165558e-09
1.18032,3.1625387859830355e-09
1.18304,3.159303597770669e-09
1.18577,3.1560681279923652e-09
1.1885,3.1528442246326757e-09
1.19124,3.1496200747648844e-09
1.19399,3.1463957377223618e-09
1.19674,3.1431829343300344e-09
1.1995,3.1399699774305745e-09
1.20226,3.136768503986639e-09
1.20504,3.1335553727265634e-09
1.20781,3.1303652532733414e-09
1.2106,3.1271635907028866e-09
1.21339,3.1239733928919296e-09
1.21619,3.120783220285619e-09
1.21899,3.1176044612597742e-09
1.2218,3.1144257578193816e-09
1.22462,3.1112471653844132e-09
1.22744,3.108079950024778e-09
1.23027,3.1049128747641525e-09
1.2331,3.1017571250248106e-09
1.23595,3.098590452667978e-09
1.2388,3.0954351336666963e-09
1.24165,3.0922911021865103e-09
1.24451,3.0891473202907547e-09
1.24738,3.0860038407158752e-09
1.25026,3.0828607157680763e-09
1.25314,3.079728852307247e-09
1.25603,3.0765973688711685e-09
1.25893,3.073466316759821e-09
1.26183,3.07034648555011e-09
1.26474,3.0672271098854315e-09
1.26765,3.0641189020220104e-09
1.27057,3.061011173424364e-09
1.2735,3.0579039738423107e-09
1.27644,3.0547973526112477e-09
1.27938,3.0517018685789885e-09
1.28233,3.0486069848425213e-09
1.28529,3.045512749778208e-09
1.28825,3.0424296086416403e-09
1.29122,3.0393471370238008e-09
1.2942,3.0362653823575582e-09
1.29718,3.0331946775216793e-09
1.30017,3.0301247094114663e-09
1.30317,3.0270555245317222e-09
1.30617,3.0239973445916536e-09
1.30918,3.0209399666089977e-09
1.3122,3.017883436175805e-09
1.31522,3.0148378650306816e-09
1.31826,3.011783128694041e-09
1.3213,3.0087393687538896e-09
1.32434,3.005706521512352e-09
1.32739,3.002674600836752e-09
1.33045,2.999643650538708e-09
1.33352,2.9966137140483376e-09
1.3366,2.993584834415541e-09
1.33968,2.990566835357696e-09
1.34276,2.9875596537697977e-09
1.34586,2.9845438047476756e-09
1.34896,2.9815387874160894e-09
1.35207,2.9785348974673607e-09
1.35519,2.975532176251068e-09
1.35831,2.9725402370302e-09
1.36144,2.969549479293759e-09
1.36458,2.966559943563039e-09
1.36773,2.9635716699961934e-09
1.37088,2.960594133853978e-09
1.37404,2.9576178712054654e-09
1.37721,2.954642921399941e-09
1.38038,2.9516786575776335e-09
1.38357,2.9487064164539533e-09
1.38676,2.9457448712669137e-09
1.38995,2.9427939599229822e-09
1.39316,2.9398352193214595e-09
1.39637,2.9368871217001045e-09
1.39959,2.9339404706357033e-09
1.40281,2.931004405003182e-09
1.40605,2.928060725167352e-09
1.40929,2.9251276386001338e-09
1.41254,2.9221960798356425e-09
1.41579,2.9192750564310364e-09
1.41906,2.9163466285667643e-09
1.42233,2.9134287426424782e-09
1.42561,2.910512462338939e-09
1.42889,2.9076066657424814e-09
1.43219,2.9046936692271518e-09
1.43549,2.9017911617853035e-09
1.4388,2.8988903344475253e-09
1.44212,2.895991221087223e-09
1.44544,2.8931025404013323e-09
1.44877,2.8902155778877605e-09
1.45211,2.887330366718641e-09
1.45546,2.884446939747239e-09
1.45881,2.8815738903015873e-09
1.46218,2.8786940981259307e-09
1.46555,2.8758246860871004e-09
1.46893,2.872957125250248e-09
1.47231,2.8700998852810657e-09
1.47571,2.867236090729263e-09
1.47911,2.8643826185790866e-09
1.48252,2.8615310615966913e-09
1.48594,2.8586814503629432e-09
1.48936,2.855842102352494e-09
1.49279,2.8530047005870515e-09
1.49624,2.850161047390909e-09
1.49968,2.8473358552426696e-09
1.50314,2.8445044706450794e-09
1.50661,2.8416751502581194e-09
1.51008,2.83885603240744e-09
1.51356,2.8360389774368424e-09
1.51705,2.8332240137762496e-09
1.52055,2.830411169566423e-09
1.52405,2.8276084659136466e-09
1.52757,2.824799914993645e-09
1.53109,2.822001501964904e-09
1.53462,2.8192052608317787e-09
1.53815,2.8164190971264794e-09
1.5417,2.8136272519730316e-09
1.54525,2.8108454806928566e-09
1.54882,2.808058137533808e-09
1.55239,2.805280863927478e-09
1.55597,2.80250586391927e-09
1.55955,2.7997408725606394e-09
1.56315,2.7969704683345963e-09
1.56675,2.7942100676073496e-09
1.57036,2.7914519859237316e-09
1.57398,2.7886962480384687e-09
1.57761,2.7859428784412927e-09
1.58125,2.783191901358404e-09
1.58489,2.780450857465462e-09
1.58855,2.777704709843215e-09
1.59221,2.7749684884022213e-09
1.59588,2.772234699870181e-09
1.59956,2.7695033674301644e-09
1.60325,2.7667745140105426e-09
1.60694,2.7640555175002407e-09
1.61065,2.761331663271836e-09
1.61436,2.75861765754142e-09
1.61808,2.7559061672693196e-09
1.62181,2.753197214382216e-09
1.62555,2.7504908205607888e-09
1.6293,2.7477870072411597e-09
1.63305,2.7450929667100383e-09
1.63682,2.742394351760023e-09
1.64059,2.7397054995522526e-09
1.64437,2.7370192597125685e-09
1.64816,2.7343356527230692e-09
1.65196,2.731654698829837e-09
1.65577,2.7289764180443622e-09
1.65959,2.726300830144974e-09
1.66341,2.7236349208462864e-09
1.66725,2.720964751881364e-09
1.67109,2.718304249655182e-09
1.67494,2.7156464671036805e-09
1.6788,2.7129914231045965e-09
1.68267,2.7103391363108517e-09
1.68655,2.7076896251519552e-09
1.69044,2.7050429078354163e-09
1.69434,2.702399002348142e-09
1.69824,2.699764668903494e-09
1.70216,2.6971264157057377e-09
1.70608,2.6944977207482084e-09
1.71002,2.6918651894970374e-09
1.71396,2.6892422021437812e-09
1.71791,2.6866220819416457e-09
1.72187,2.6840048456120163e-09
1.72584,2.681390509666544e-09
1.72982,2.678779090408523e-09
1.7338,2.6761771296579815e-09
1.7378,2.6735715681819816e-09
1.74181,2.670968971146008e-09
1.74582,2.6683758090242987e-09
1.74985,2.6657791636778736e-09
1.75388,2.6631919369459865e-09
1.75792,2.6606076889561554e-09
1.76198,2.6580200727520965e-09
1.76604,2.655441849880191e-09
1.77011,2.6528666498457853e-09
1.77419,2.650294486983995e-09
1.77828,2.647725375437455e-09
1.78238,2.6451593291576527e-09
1.78649,2.642596361906253e-09
1.79061,2.640036487256414e-09
1.79473,2.6374858980922937e-09
1.79887,2.6349322261682735e-09
1.80302,2.6323816865244057e-09
1.80717,2.6298404044271403e-09
1.81134,2.6272961454390165e-09
1.81552,2.6247550567596546e-09
1.8197,2.6222231967381488e-09
1.8239,2.6196884633785632e-09
1.8281,2.6171629389484875e-09
1.83231,2.6146405893761428e-09
1.83654,2.612115467764347e-09
1.84077,2.609599524807242e-09
1.84502,2.6070808760885535e-09
1.84927,2.6045713853148437e-09
1.85353,2.602065126589719e-09
1.8578,2.5995621108712873e-09
1.86209,2.597056519030169e-09
1.86638,2.59456004271841e-09
1.87068,2.592066841215281e-09
1.87499,2.5895769248177774e-09
1.87932,2.5870845580890227e-09
1.88365,2.5846012630357584e-09
1.88799,2.5821212829368726e-09
1.89234,2.5796446274479135e-09
1.89671,2.5771656436595477e-09
1.90108,2.5746956863241473e-09
1.90546,2.572229081552817e-09
1.90985,2.5697658383790246e-09
1.91426,2.56730038526514e-09
1.91867,2.5648439120810423e-09
1.92309,2.562390826611675e-09
1.92752,2.5599411372874827e-09
1.93197,2.5574893527961573e-09
1.93642,2.5550465004771876e-09
1.94089,2.5526016090456863e-09
1.94536,2.5501656254069906e-09
1.94984,2.547733077727928e-09
1.95434,2.545298573413639e-09
1.95884,2.5428729398512913e-09
1.96336,2.5404454035658367e-09
1.96789,2.538021371641212e-09
1.97242,2.5356061727007056e-09
1.97697,2.5331891503218044e-09
1.98153,2.530775652342069e-09
1.98609,2.52837094899412e-09
1.99067,2.5259644996398646e-09
1.99526,2.523561593520343e-09
1.99986,2.5211622366285384e-09
2.00447,2.5187664348283037e-09
2.00909,2.5163741938554482e-09
2.01372,2.513985519318815e-09
2.01837,2.5115952857961058e-09
2.02302,2.5092137791686944e-09
2.02768,2.5068358549838057e-09
2.03236,2.5044564434187107e-09
2.03704,2.50208571783838e-09
2.04174,2.4997135516509294e-09
2.04644,2.4973500438802716e-09
2.05116,2.494985141523505e-09
2.05589,2.492623886842641e-09
2.06063,2.4902662840313105e-09
2.06538,2.487912337168428e-09
2.07014,2.4855620502192046e-09
2.07491,2.483215427036157e-09
2.0797,2.480867578754561e-09
2.08449,2.4785283120790095e-09
2.0893,2.4761878630848856e-09
2.09411,2.4738559667310976e-09
2.09894,2.4715229301359444e-09
2.10378,2.469193613205463e-09
2.10863,2.466868018831695e-09
2.11349,2.4645461498026274e-09
2.11836,2.462228008803148e-09
2.12324,2.4599135984159975e-09
2.12814,2.4575982044703914e-09
2.13304,2.4552912798861916e-09
2.13796,2.4529834107783435e-09
2.14289,2.4506793157859395e-09
2.14783,2.448378996799085e-09
2.15278,2.4460824556121287e-09
2.15774,2.443789693924578e-09
2.16272,2.4414961161940684e-09
2.1677,2.4392109350403453e-09
2.1727,2.4369249743036196e-09
2.17771,2.434642832267298e-09
2.18273,2.432364509977307e-09
2.18776,2.4300900083908993e-09
2.1928,2.4278193283775304e-09
2.19786,2.4255479901301454e-09
2.20293,2.4232805077565136e-09
2.208,2.421021329476183e-09
2.21309,2.418761543727546e-09
2.2182,2.4165011996630956e-09
2.22331,2.41424914415512e-09
2.22844,2.411996562845095e-09
2.23357,2.409752237690184e-09
2.23872,2.4075074186750694e-09
2.24388,2.4052664884147007e-09
2.24905,2.4030294464973814e-09
2.25424,2.4007919892483814e-09
2.25944,2.398558450852637e-09
2.26464,2.396333102144039e-09
2.26986,2.3941073832389825e-09
2.2751,2.3918813401831006e-09
2.28034,2.3896634682372204e-09
2.2856,2.3874453009921417e-09
2.29087,2.38523107745972e-09
2.29615,2.3830207962070846e-09
2.30144,2.3808144557339258e-09
2.30675,2.3786079066418054e-09
2.31206,2.37640945817141e-09
2.31739,2.3742108280801092e-09
2.32274,2.372012059960382e-09
2.32809,2.369821371454002e-09
2.33346,2.367630570867351e-09
2.33884,2.3654437581853955e-09
2.34423,2.3632609310379472e-09
2.34963,2.3610820869956017e-09
2.35505,2.358903210889758e-09
2.36048,2.3567283423365173e-09
2.36592,2.354557478555351e-09
2.37137,2.352390616710121e-09
2.37684,2.3502237999171005e-09
2.38232,2.348061008285912e-09
2.38781,2.345902238641732e-09
2.39332,2.3437435772483033e-09
2.39883,2.341592856214592e-09
2.40436,2.3394422654710533e-09
2.40991,2.3372918444732784e-09
2.41546,2.335149338840074e-09
2.42103,2.3330070240507667e-09
2.42661,2.3308687637352764e-09
2.4322,2.328734553977247e-09
2.43781,2.326600593965389e-09
2.44343,2.3244707044836074e-09
2.44906,2.322344881310294e-09
2.45471,2.320219365133144e-09
2.46037,2.3180979343418853e-09
2.46604,2.3159805844188077e-09
2.47172,2.313867310806162e-09
2.47742,2.311754408887812e-09
2.48313,2.3096456012911177e-09
2.48886,2.3075372103906524e-09
2.49459,2.3054365903949032e-09
2.50035,2.303332758508632e-09
2.50611,2.3012366873256603e-09
2.51189,2.299141093543887e-09
2.51768,2.297049617558079e-09
2.52348,2.2949622539828283e-09
2.5293,2.2928754183838974e-09
2.53513,2.2907927107133696e-09
2.54097,2.288714125327179e-09
2.54683,2.286636117002844e-09
2.5527,2.284562245687269e-09
2.55859,2.2824889920279916e-09
2.56448,2.280423389972537e-09
2.5704,2.2783549319598836e-09
2.57632,2.276294113304403e-09
2.58226,2.2742339654993806e-09
2.58821,2.272177969761123e-09
2.59418,2.270122683386222e-09
2.60016,2.2680715616838233e-09
2.60615,2.2660245980794457e-09
2.61216,2.263978387589201e-09
2.61818,2.2619363470768366e-09
2.62422,2.2598950964393466e-09
2.63027,2.257858027093494e-09
2.63633,2.2558251320501147e-09
2.64241,2.253793068269605e-09
2.6485,2.2517651894095926e-09
2.65461,2.2497381768764757e-09
2.66073,2.2477153593366183e-09
2.66686,2.2456967294093127e-09
2.67301,2.243679004914485e-09
2.67917,2.2416654774387336e-09
2.68534,2.239656139408186e-09
2.69153,2.2376477446575214e-09
2.69774,2.235640321527277e-09
2.70396,2.2336371127142975e-09
2.71019,2.231638110296627e-09
2.71644,2.229640115469091e-09
2.7227,2.227646334776339e-09
2.72898,2.225653592841011e-09
2.73527,2.2236650722833223e-09
2.74157,2.2216807648433544e-09
2.74789,2.219697530036085e-09
2.75423,2.2177153943884574e-09
2.76058,2.2157374931968142e-09
2.76694,2.213763817886292e-09
2.77332,2.2117912738464696e-09
2.77971,2.209822961386785e-09
2.78612,2.2078558085864857e-09
2.79254,2.205892892603991e-09
2.79898,2.2039311640500687e-09
2.80543,2.2019736770980993e-09
2.8119,2.2000174047327933e-09
2.81838,2.1980653783078297e-09
2.82488,2.1961145930248686e-09
2.83139,2.1941680575825784e-09
2.83792,2.192222789243171e-09
2.84446,2.1902817742143283e-09
2.85102,2.188342051663025e-09
2.85759,2.186406585469304e-09
2.86418,2.184472436549735e-09
2.87078,2.182542546619379e-09
2.8774,2.1806139981898645e-09
2.88403,2.1786897109732233e-09
2.89068,2.1767667889222483e-09
2.89734,2.174848129907184e-09
2.90402,2.1729308591687484e-09
2.91072,2.1710149987180494e-09
2.91743,2.1691034138970695e-09
2.92415,2.167196094538567e-09
2.93089,2.165290208017858e-09
2.93765,2.1633857756547372e-09
2.94442,2.1614856200513585e-09
2.95121,2.1595869397323454e-09
2.95801,2.1576925361598078e-09
2.96483,2.15579962848033e-09
2.97167,2.1539082371273586e-09
2.97852,2.1520211320831866e-09
2.98538,2.15013830263853e-09
2.99226,2.1482570087501345e-09
2.99916,2.1463772701982874e-09
3.00608,2.144499106556794e-09
3.01301,2.1426252361449036e-09
3.01995,2.1407556479509167e-09
3.02691,2.1388876520784976e-09
3.03389,2.1370212674691505e-09
3.04089,2.135156512863363e-09
3.04789,2.133298704911369e-09
3.05492,2.1314398851340418e-09
3.06196,2.1295853600860747e-09
3.06902,2.1277324988342854e-09
3.0761,2.1258813193117954e-09
3.08319,2.1240344392984016e-09
3.0903,2.122189256884254e-09
3.09742,2.120348370197066e-09
3.10456,2.1185091965371396e-09
3.11172,2.1166717530557657e-09
3.11889,2.1148386086231503e-09
3.12608,2.1130072090445957e-09
3.13329,2.111177570996521e-09
3.14051,2.109352234408941e-09
3.14775,2.1075286732919676e-09
3.155,2.1057094084957826e-09
3.16228,2.103889437407071e-09
3.16957,2.102073775860823e-09
3.17687,2.100262411651801e-09
3.1842,2.098450397732907e-09
3.19154,2.0966426936711885e-09
3.1989,2.094836838092528e-09
3.20627,2.093035285990807e-09
3.21366,2.091235594206886e-09
3.22107,2.0894377776080706e-09
3.22849,2.087644263497587e-09
3.23594,2.0858502321471013e-09
3.2434,2.084060514165139e-09
3.25087,2.082275096850048e-09
3.25837,2.0804892140854952e-09
3.26588,2.0787076422211255e-09
3.27341,2.076928009464107e-09
3.28095,2.0751526796331518e-09
3.28852,2.0733769571671573e-09
3.2961,2.0716055469573206e-09
3.3037,2.069836112141808e-09
3.31131,2.0680709809735433e-09
3.31894,2.066307833919998e-09
3.3266,2.0645443860209712e-09
3.33426,2.062787543504077e-09
3.34195,2.061030425417562e-09
3.34965,2.059277614106044e-09
3.35738,2.0575245690776883e-09
3.36512,2.05577583817926e-09
3.37287,2.054031407978126e-09
3.38065,2.052286788605329e-09
3.38844,2.05054647672226e-09
3.39625,2.048808237321921e-09
3.40408,2.047072081900564e-09
3.41193,2.0453380218047747e-09
3.41979,2.043608264807004e-09
3.42768,2.0418784205599773e-09
3.43558,2.0401528849342314e-09
3.4435,2.038429472196634e-09
3.45144,2.0367081930437232e-09
3.45939,2.0349912136912716e-09
3.46737,2.033274225123769e-09
3.47536,2.03156154090178e-09
3.48337,2.0298510155717605e-09
3.4914,2.0281426592031408e-09
3.49945,2.026436481726144e-09
3.50752,2.024732492932742e-09
3.5156,2.0230328020974375e-09
3.52371,2.021333211602583e-09
3.53183,2.0196379222388012e-09
3.53997,2.0179448437165608e-09
3.54813,2.0162539852325075e-09
3.55631,2.014565355850579e-09
3.56451,2.012878964502945e-09
3.57273,2.01119481999094e-09
3.58096,2.0095149682735525e-09
3.58922,2.0078353356484e-09
3.59749,2.0061599974983544e-09
3.60579,2.0044849105262435e-09
3.6141,2.00281411930843e-09
3.62243,2.0011456099767152e-09
3.63078,1.9994793905226017e-09
3.63915,1.9978154688139648e-09
3.64754,1.9961538525959645e-09
3.65595,1.994494549491948e-09
3.66438,1.992837567004353e-09
3.67282,1.991184866997579e-09
3.68129,1.989532540403268e-09
3.68978,1.987882556242545e-09
3.69828,1.9862368540094443e-09
3.70681,1.9845915683936726e-09
3.71535,1.9829505638955104e-09
3.72392,1.9813100041130022e-09
3.7325,1.9796737242835206e-09
3.74111,1.9780379167080484e-09
3.74973,1.9764063875730447e-09
3.75837,1.9747772397027855e-09
3.76704,1.9731486043690418e-09
3.77572,1.9715242445857376e-09
3.78443,1.9699004235095265e-09
3.79315,1.96828087562962e-09
3.80189,1.9666637388653824e-09
3.81066,1.965047179073213e-09
3.81944,1.963434888354772e-09
3.82825,1.961823199456556e-09
3.83707,1.9602157764762254e-09
3.84592,1.9586089796478416e-09
3.85478,1.9570064452717977e-09
3.86367,1.9554045608700763e-09
3.87258,1.9538051434635874e-09
3.8815,1.9522099827275095e-09
3.89045,1.950615506750923e-09
3.89942,1.9490235117882727e-09
3.90841,1.9474340023090046e-09
3.91742,1.9458469826863808e-09
3.92645,1.9442624571982767e-09
3.9355,1.9426804300279784e-09
3.94457,1.9411009052649725e-09
3.95367,1.9395221553007146e-09
3.96278,1.9379476538014884e-09
3.97192,1.936373947880082e-09
3.98107,1.9348044847984674e-09
3.99025,1.9332358376131653e-09
3.99945,1.9316697283125388e-09
4.00867,1.9301061602784004e-09
4.01791,1.9285451368052057e-09
4.02717,1.926986661100812e-09
4.03645,1.92543073628723e-09
4.04576,1.9238756982802498e-09
4.05509,1.9223232297917376e-09
4.06443,1.9207749881188034e-09
4.0738,1.919227660700771e-09
4.08319,1.9176829109685895e-09
4.09261,1.916139105724531e-09
4.10204,1.9145995251398235e-09
4.1115,1.9130609062695376e-09
4.12098,1.9115248871034493e-09
4.13048,1.9099914698044653e-09
4.14,1.9084606564582036e-09
4.14954,1.906932449073702e-09
4.15911,1.9054052568026247e-09
4.16869,1.9038822731099446e-09
4.1783,1.90236032021975e-09
4.18794,1.9008394178525383e-09
4.19759,1.899322722957024e-09
4.20727,1.8978070935664667e-09
4.21697,1.8962941057354085e-09
4.22669,1.8947837607471142e-09
4.23643,1.893276059814996e-09
4.2462,1.8917694649534574e-09
4.25598,1.890267061345693e-09
4.2658,1.8887642501028245e-09
4.27563,1.887265631925153e-09
4.28549,1.8857681584966392e-09
4.29536,1.884274868012115e-09
4.30527,1.8827812308459575e-09
4.31519,1.881291777774402e-09
4.32514,1.8798035062967837e-09
4.33511,1.878317921094535e-09
4.3451,1.876835022455179e-09
4.35512,1.8753533346912207e-09
4.36516,1.8738743451203404e-09
4.37522,1.8723980537812383e-09
4.38531,1.870923001544204e-09
4.39542,1.8694506585553816e-09
4.40555,1.867981024611479e-09
4.4157,1.866514099452168e-09
4.42588,1.8650484457667285e-09
4.43609,1.8635840796158456e-09
4.44631,1.8621238689833682e-09
4.45656,1.8606649557170675e-09
4.46684,1.859207355467439e-09
4.47713,1.8577539032960675e-09
4.48745,1.8563017734016627e-09
4.4978,1.8548509810322717e-09
4.50817,1.853402934980114e-09
4.51856,1.8519576341898525e-09
4.52898,1.8505136944641903e-09
4.53942,1.8490725082995329e-09
4.54988,1.8476340744293854e-09
4.56037,1.84619702423245e-09
4.57088,1.8447627340945384e-09
4.58142,1.8433298456655558e-09
4.59198,1.8418997246719347e-09
4.60257,1.8404710229627649e-09
4.61318,1.839045095683384e-09
4.62381,1.8376219410568629e-09
4.63447,1.8362002261220906e-09
4.64515,1.834781290331523e-09
4.65586,1.833363810739409e-09
4.66659,1.8319491164160471e-09
4.67735,1.8305358943600308e-09
4.68813,1.8291254633366054e-09
4.69894,1.8277165202179627e-09
4.70977,1.8263103735410813e-09
4.72063,1.8249057299812762e-09
4.73151,1.8235038879237216e-09
4.74242,1.8221035637766605e-09
4.75335,1.8207060458495925e-09
4.76431,1.8193100602137776e-09
4.77529,1.8179168851788358e-09
4.7863,1.816525256409419e-09
4.79733,1.8151364422907208e-09
4.80839,1.8137491880114553e-09
4.81948,1.8123635050152192e-09
4.83059,1.8109806469122546e-09
4.84172,1.8096006105696444e-09
4.85289,1.8082209272238905e-09
4.86407,1.806845306253995e-09
4.87528,1.8054712834723029e-09
4.88652,1.80409886963987e-09
4.89779,1.8027280753833447e-09
4.90908,1.8013601205179536e-09
4.9204,1.7999937967892903e-09
4.93174,1.7986303145257187e-09
4.94311,1.797268474595601e-09
4.9545,1.795909477913556e-09
4.96592,1.79455213440337e-09
4.97737,1.7931964539133934e-09
4.98884,1.7918436233458714e-09
5.00035,1.7904912934026003e-09
5.01187,1.7891429915695787e-09
5.02343,1.7877952092618655e-09
5.03501,1.786450287581009e-09
5.04661,1.7851082222889415e-09
5.05825,1.783766708552872e-09
5.06991,1.7824280603539482e-09
5.08159,1.781092273281308e-09
5.09331,1.7797570687823745e-09
5.10505,1.7784247340212036e-09
5.11682,1.777094136096844e-09
5.12861,1.7757664074181483e-09
5.14044,1.7744393040133278e-09
5.15229,1.773115077737534e-09
5.16416,1.7717937237808992e-09
5.17607,1.7704730237893706e-09
5.188,1.7691552034937884e-09
5.19996,1.7678391596803226e-09
5.21195,1.7665249000637145e-09
5.22396,1.7652135220442864e-09
5.236,1.7639039349106839e-09
5.24807,1.7625961460880095e-09
5.26017,1.7612901628915266e-09
5.2723,1.7599859925274338e-09
5.28445,1.758684711038363e-09
5.29663,1.7573852482190076e-09
5.30884,1.7560876109969282e-09
5.32108,1.7547918061936247e-09
5.33335,1.7534978405253016e-09
5.34564,1.7522067690785795e-09
5.35797,1.7509164973605038e-09
5.37032,1.7496291247071717e-09
5.3827,1.7483436089896573e-09
5.39511,1.747059956452389e-09
5.40754,1.7457792016199382e-09
5.42001,1.7444992897982412e-09
5.4325,1.7432222797496928e-09
5.44503,1.7419461324781873e-09
5.45758,1.7406728907108581e-09
5.47016,1.7394015396936396e-09
5.48277,1.738132085023319e-09
5.49541,1.7368645322009236e-09
5.50808,1.7355988866324486e-09
5.52077,1.734336146769106e-09
5.5335,1.7330743277054927e-09
5.54626,1.7318144315649433e-09
5.55904,1.730557445031824e-09
5.57186,1.7293014059429222e-09
5.5847,1.728048278680349e-09
5.59758,1.7267961161035851e-09
5.61048,1.7255468672677612e-09
5.62341,1.7242995627341008e-09
5.63638,1.723053247981243e-09
5.64937,1.7218098492909179e-09
5.66239,1.7205684082380876e-09
5.67545,1.7193279811510878e-09
5.68853,1.718090471793742e-09
5.70164,1.7168549326362512e-09
5.71479,1.7156204307391812e-09
5.72796,1.7143888476022753e-09
5.74116,1.7131592464731867e-09
5.7544,1.711930705027987e-09
5.76766,1.710705082754453e-09
5.78096,1.7094805346356581e-09
5.79429,1.708257990265737e-09
5.80764,1.7070383648611772e-09
5.82103,1.705819834614508e-09
5.83445,1.7046033181412451e-09
5.8479,1.7033888186234672e-09
5.86138,1.7021763391668794e-09
5.87489,1.7009658828014629e-09
5.88844,1.699756561729928e-09
5.90201,1.6985501637987322e-09
5.91562,1.6973449137478578e-09
5.92925,1.696142585425378e-09
5.94292,1.6949414172243475e-09
5.95662,1.6937422955341636e-09
5.97035,1.6925452228334203e-09
5.98412,1.691349334747534e-09
5.99791,1.690156370552178e-09
6.01174,1.6889646022994773e-09
6.0256,1.687774898933418e-09
6.03949,1.6865872625474146e-09
6.05341,1.6854016951675899e-09
6.06736,1.6842181987533787e-09
6.08135,1.6830359317648588e-09
6.09537,1.6818557460335928e-09
6.10942,1.6806776432841468e-09
6.1235,1.6795016251769328e-09
6.13762,1.6783268629465948e-09
6.15177,1.677154194962129e-09
6.16595,1.6759836226569548e-09
6.18016,1.6748151474028226e-09
6.19441,1.6736479530248073e-09
6.20869,1.6724828646349e-09
6.223,1.6713198833855978e-09
6.23735,1.6701582024168538e-09
6.25173,1.6689986370220051e-09
6.26614,1.6678411881400991e-09
6.28058,1.6666858566527761e-09
6.29506,1.6655318479741603e-09
6.30957,1.6643799644936972e-09
6.32412,1.663229417678606e-09
6.3387,1.6620810035231254e-09
6.35331,1.6609347225564653e-09
6.36796,1.6597897952616448e-09
6.38263,1.6586477850922712e-09
6.39735,1.6575063615506345e-09
6.4121,1.6563670848674973e-09
6.42688,1.6552299552354177e-09
6.44169,1.654094972796064e-09
6.45654,1.6529613757693064e-09
6.47143,1.6518291731369426e-09
6.48634,1.6506998856017107e-09
6.5013,1.6495712452772457e-09
6.51628,1.6484455197446021e-09
6.53131,1.6473204587043143e-09
6.54636,1.6461983118888592e-09
6.56145,1.6450775876931685e-09
6.57658,1.643958294425182e-09
6.59174,1.6428411757222278e-09
6.60693,1.6417262310241752e-09
6.62217,1.6406120003477827e-09
6.63743,1.6395006806879546e-09
6.65273,1.6383908147789477e-09
6.66807,1.6372824103646774e-09
6.68344,1.6361761933940964e-09
6.69885,1.6350714474499848e-09
6.71429,1.6339688926758202e-09
6.72977,1.6328678181413988e-09
6.74528,1.6317689382299996e-09
6.76083,1.6306715474582078e-09
6.77642,1.6295756529275652e-09
6.79204,1.6284819604487196e-09
6.80769,1.6273904686873416e-09
6.82339,1.6262997896005141e-09
6.83912,1.6252113193387004e-09
6.85488,1.6241250563898362e-09
6.87068,1.6230403140096546e-09
6.88652,1.6219570986894774e-09
6.9024,1.6208754168237379e-09
6.91831,1.6197959518571484e-09
6.93426,1.6187180275189103e-09
6.95024,1.6176423217777046e-09
6.96627,1.6165674943674335e-09
6.98232,1.6154955588358385e-09
6.99842,1.6144245134963154e-09
7.01455,1.6133556946533433e-09
7.03072,1.6122884414777872e-09
7.04693,1.6112227596071838e-09
7.06318,1.6101586545887651e-09
7.07946,1.609096782849488e-09
7.09578,1.6080364936596152e-09
7.11214,1.6069777923273782e-09
7.12853,1.605921327380995e-09
7.14496,1.6048664555760512e-09
7.16143,1.603813181987316e-09
7.17794,1.6027615116037273e-09
7.19449,1.601711449329037e-09
7.21107,1.6006636307124653e-09
7.2277,1.5996167965410648e-09
7.24436,1.5985722104584751e-09
7.26106,1.5975292463315445e-09
7.2778,1.5964879086750805e-09
7.29458,1.5954482019224767e-09
7.31139,1.594410746372694e-09
7.32825,1.5933743119733606e-09
7.34514,1.5923401323975e-09
7.36207,1.5913075958398415e-09
7.37904,1.5902767063631154e-09
7.39605,1.5892474679523183e-09
7.4131,1.588219884515331e-09
7.43019,1.5871939598835334e-09
7.44732,1.5861696978124156e-09
7.46449,1.5851471019821892e-09
7.4817,1.5841261759983913e-09
7.49894,1.5831075130948239e-09
7.51623,1.5820899349924467e-09
7.53356,1.5810740371199368e-09
7.55092,1.5800604055231114e-09
7.56833,1.5790478756712403e-09
7.58578,1.5780370357821266e-09
7.60326,1.5770284647979719e-09
7.62079,1.5760210117834726e-09
7.63836,1.5750152578300587e-09
7.65597,1.5740112058293295e-09
7.67361,1.5730094253817692e-09
7.6913,1.572008783444088e-09
7.70903,1.5710098517358597e-09
7.72681,1.5700120728117606e-09
7.74462,1.5690165715829907e-09
7.76247,1.5680227882452397e-09
7.78037,1.5670301717906265e-09
7.7983,1.5660398336438553e-09
7.81628,1.5650506714127227e-09
7.8343,1.5640632407417902e-09
7.85236,1.5630775437788135e-09
7.87046,1.56209358260967e-09
7.8886,1.5611113592589054e-09
7.90679,1.5601303374419433e-09
7.92501,1.5591515976947132e-09
7.94328,1.5581740674845524e-09
7.96159,1.5571982868194107e-09
7.97995,1.5562237276495701e-09
7.99834,1.5552514532232263e-09
8.01678,1.5542804077125277e-09
8.03526,1.5533111223720658e-09
8.05378,1.5523435986492963e-09
8.07235,1.5513773186259795e-09
8.09096,1.5504128070763844e-09
8.10961,1.5494500652574714e-09
8.12831,1.5484885812324993e-09
8.14704,1.547529384469647e-09
8.16582,1.5465714518107445e-09
8.18465,1.5456147903738964e-09
8.20352,1.5446599122010277e-09
8.22243,1.543706818183168e-09
8.24138,1.5427555091603453e-09
8.26038,1.5418054869062416e-09
8.27942,1.5408572551488109e-09
8.29851,1.5399103195049495e-09
8.31764,1.5389651795836191e-09
8.33681,1.5380218359295664e-09
8.35603,1.5370797998834295e-09
8.37529,1.536139564948087e-09
8.3946,1.535200646237531e-09
8.41395,1.5342635332167466e-09
8.43335,1.5333277447457728e-09
8.45279,1.5323937662834907e-09
8.47227,1.5314615979791615e-09
8.4918,1.5305307642714006e-09
8.51138,1.5296012709130856e-09
8.531,1.5286735954466265e-09
8.55067,1.5277472678064637e-09
8.57038,1.5268227616233717e-09
8.59014,1.5258996104697182e-09
8.60994,1.5249782840958307e-09
8.62979,1.5240583196852555e-09
8.64968,1.523140183138905e-09
8.66962,1.5222234152248736e-09
8.6896,1.5213084780255313e-09
8.70964,1.5203944606827284e-09
8.72971,1.5194827336782728e-09
8.74984,1.5185719363077218e-09
8.77001,1.5176629782700553e-09
8.79023,1.5167554109095257e-09
8.81049,1.515849685012317e-09
8.8308,1.5149453554038028e-09
8.85116,1.5140424265779304e-09
8.87156,1.5131413437738864e-09
8.89201,1.5122416669803196e-09
8.91251,1.5113434004812112e-09
8.93305,1.510446984035191e-09
8.95365,1.5095515489312093e-09
8.97429,1.5086579685980026e-09
8.99498,1.5077658114907674e-09
9.01571,1.5068755101551033e-09
9.03649,1.5059866364018659e-09
9.05733,1.5050987688522443e-09
9.07821,1.5042127633170462e-09
9.09913,1.503328618347642e-09
9.12011,1.5024454922797826e-09
9.14113,1.5015642305263433e-09
9.1622,1.5006844147779518e-09
9.18333,1.499805633382043e-09
9.2045,1.498928721456525e-09
9.22571,1.4980536772747406e-09
9.24698,1.4971796789193696e-09
9.2683,1.4963071429185307e-09
9.28966,1.495436479136766e-09
9.31108,1.4945668753545587e-09
9.33254,1.4936991464802793e-09
9.35406,1.4928324866990934e-09
9.37562,1.4919677042819245e-09
9.39723,1.4911043984608577e-09
9.4189,1.4902421748512862e-09
9.44061,1.4893818318659623e-09
9.46237,1.488522973394072e-09
9.48418,1.4876656019535065e-09
9.50605,1.4868093292608695e-09
9.52796,1.4859549407654058e-09
9.54993,1.4851016588830743e-09
9.57194,1.4842502626573415e-09
9.59401,1.4833999806487387e-09
9.61612,1.4825515855457555e-09
9.63829,1.4817043120068888e-09
9.66051,1.480858546550373e-09
9.68278,1.480014291147577e-09
9.7051,1.479171547713729e-09
9.72747,1.4783303181084137e-09
9.7499,1.477490230353568e-09
9.77237,1.476652035269694e-09
9.7949,1.4758149884819242e-09
9.81748,1.474979465396894e-09
9.84011,1.4741454675856062e-09
9.86279,1.473312996566407e-09
9.88553,1.472481688972499e-09
9.90832,1.471651913993884e-09
9.93116,1.4708236729762423e-09
9.95405,1.4699969672145632e-09
9.977,1.4691714389726092e-09
10.0,1.4683474513235568e-09
10.0231,1.46752322495998e-09
10.0462,1.4667023290194447e-09
10.0693,1.4658847429737845e-09
10.0925,1.465066928494331e-09
10.1158,1.4642489079038562e-09
10.1391,1.4634341928881404e-09
10.1625,1.4626192875943727e-09
10.1859,1.4618076752992541e-09
10.2094,1.4609958882611622e-09
10.2329,1.4601873815778944e-09
10.2565,1.4593787153930625e-09
10.2802,1.4585699110723107e-09
10.3039,1.457764381759962e-09
10.3276,1.4569621072379635e-09
10.3514,1.4561597028059023e-09
10.3753,1.4553571893204717e-09
10.3992,1.4545579248770036e-09
10.4232,1.4537585654879738e-09
10.4472,1.4529624420336748e-09
10.4713,1.4521662374671932e-09
10.4954,1.4513732556775983e-09
10.5196,1.450580206338794e-09
10.5439,1.4497871094015563e-09
10.5682,1.4489972285752826e-09
10.5925,1.44821054398718e-09
10.617,1.4474206004295927e-09
10.6414,1.4466370705444123e-09
10.666,1.4458503204722663e-09
10.6905,1.4450699445162262e-09
10.7152,1.4442863866851682e-09
10.7399,1.4435060105644256e-09
10.7647,1.4427256562584432e-09
10.7895,1.4419484698847632e-09
10.8143,1.4411744318551903e-09
10.8393,1.44039731840188e-09
10.8643,1.4396233648059679e-09
10.8893,1.438852551500572e-09
10.9144,1.4380817945535242e-09
10.9396,1.4373111119756724e-09
10.9648,1.436543561248713e-09
10.9901,1.4357760956836063e-09
11.0154,1.435011747896451e-09
11.0408,1.4342474958358087e-09
11.0662,1.433486347462711e-09
11.0917,1.4327253051563654e-09
11.1173,1.4319643861247126e-09
11.1429,1.4312065616368757e-09
11.1686,1.4304488703034666e-09
11.1944,1.4296913289736006e-09
11.2202,1.4289368726222684e-09
11.246,1.428185482129671e-09
11.272,1.4274313492746949e-09
11.298,1.4266802914986911e-09
11.324,1.4259322897211977e-09
11.3501,1.4251844656113357e-09
11.3763,1.424436835258079e-09
11.4025,1.4236922507232493e-09
11.4288,1.422947868530527e-09
11.4551,1.4222065174928247e-09
11.4815,1.4214653771867283e-09
11.508,1.4207244631644153e-09
11.5345,1.4199865696458387e-09
11.5611,1.4192489103861667e-09
11.5878,1.4185115006057979e-09
11.6145,1.4177771003170562e-09
11.6413,1.4170429570775918e-09
11.6681,1.4163118083636689e-09
11.695,1.415580924087731e-09
11.722,1.4148503189568745e-09
11.749,1.4141226969184014e-09
11.7761,1.4133953610232374e-09
11.8032,1.4126709931315365e-09
11.8304,1.411946918208757e-09
11.8577,1.411223150463264e-09
11.885,1.4105023388957916e-09
11.9124,1.4097818409550935e-09
11.9399,1.4090616705404634e-09
11.9674,1.4083444441672973e-09
11.995,1.4076275514023845e-09
12.0226,1.4069135873644815e-09
12.0504,1.4061973918852529e-09
12.0781,1.4054866913068383e-09
12.106,1.4047737860069548e-09
12.1339,1.4040637996544916e-09
12.1619,1.4033541849270144e-09
12.1899,1.4026474736145293e-09
12.218,1.4019411391522184e-09
12.2462,1.4012351943773719e-09
12.2744,1.4005321399829205e-09
12.3027,1.3998294801646936e-09
12.331,1.3991296951372145e-09
12.3595,1.3984278518704678e-09
12.388,1.3977288879551542e-09
12.4165,1.3970327854480448e-09
12.4451,1.3963370990546989e-09
12.4738,1.3956418408896494e-09
12.5026,1.394947022948593e-09
12.5314,1.3942550548317578e-09
12.5603,1.39356353086791e-09
12.5893,1.39287246278195e-09
12.6183,1.3921842305110083e-09
12.6474,1.3914964577432997e-09
12.6765,1.390811504886048e-09
12.7057,1.3901270150361861e-09
12.735,1.3894429995054118e-09
12.7644,1.3887594694916055e-09
12.7938,1.3880787466924871e-09
12.8233,1.3873985124518468e-09
12.8529,1.3867187777111475e-09
12.8825,1.386041835553483e-09
12.9122,1.3853653956570496e-09
12.942,1.3846894687116046e-09
12.9718,1.384016319529911e-09
13.0017,1.3833436857878555e-09
13.0317,1.3826715779281565e-09
13.0617,1.3820022328347643e-09
13.0918,1.3813334158472e-09
13.122,1.3806651371657666e-09
13.1522,1.3799996060842963e-09
13.1826,1.3793324251169995e-09
13.213,1.3786679935573654e-09
13.2434,1.378006294215206e-09
13.2739,1.3773451467956575e-09
13.3045,1.3766845610277815e-09
13.3352,1.3760245465371589e-09
13.366,1.375365112846334e-09
13.3968,1.3747083971608928e-09
13.4276,1.3740543824877702e-09
13.4586,1.3733988312927565e-09
13.4896,1.3727459821967052e-09
13.5207,1.372093725331337e-09
13.5519,1.371442069772208e-09
13.5831,1.3707931002258846e-09
13.6144,1.3701447327008634e-09
13.6458,1.3694969760557378e-09
13.6773,1.3688498390513618e-09
13.7088,1.368205372044561e-09
13.7404,1.367561525035686e-09
13.7721,1.366918306574469e-09
13.8038,1.3662777416435016e-09
13.8357,1.3656357972000471e-09
13.8676,1.3649965062995837e-09
13.8995,1.3643598523140644e-09
13.9316,1.3637218518549969e-09
13.9637,1.3630864881258742e-09
13.9959,1.3624517775223979e-09
14.0281,1.361819686950274e-09
14.0605,1.361186298262399e-09
14.0929,1.3605555290986017e-09
14.1254,1.3599254282684829e-09
14.1579,1.3592979302053614e-09
14.1906,1.358669180980348e-09
14.2233,1.3580430337055115e-09
14.2561,1.357417569097131e-09
14.2889,1.3567946896334567e-09
14.3219,1.3561706045905015e-09
14.3549,1.3555491035783495e-09
14.388,1.3549282987176352e-09
14.4212,1.3543081971294288e-09
14.4544,1.353690662034056e-09
14.4877,1.3530738288123987e-09
14.5211,1.3524577044063512e-09
14.5546,1.3518422956736699e-09
14.5881,1.3512294350247552e-09
14.6218,1.3506154702982796e-09
14.6555,1.3500040518684876e-09
14.6893,1.349393360700709e-09
14.7231,1.3487851988732584e-09
14.7571,1.348175974251351e-09
14.7911,1.3475692769250622e-09
14.8252,1.3469633176886464e-09
14.8594,1.3463581028149437e-09
14.8936,1.3457553971310865e-09
14.9279,1.345153433518912e-09
14.9624,1.3445504740086855e-09
14.9968,1.3439517568743259e-09
15.0314,1.343352055829938e-09
15.0661,1.3427531208342013e-09
15.1008,1.3421566729797785e-09
15.1356,1.3415609884401966e-09
15.1705,1.3409660729393479e-09
15.2055,1.3403719321259951e-09
15.2405,1.33978025855033e-09
15.2757,1.3391876767374121e-09
15.3109,1.3385975591116825e-09
15.3462,1.3380082241229663e-09
15.3815,1.3374213362349242e-09
15.417,1.3368335756013416e-09
15.4525,1.3362482588140882e-09
15.4882,1.335662093468075e-09
15.5239,1.3350783685245996e-09
15.5597,1.334495443709242e-09
15.5955,1.3339149421530586e-09
15.6315,1.3333336257756802e-09
15.6675,1.332754729026449e-09
15.7036,1.3321766386340406e-09
15.7398,1.3315993593919007e-09
15.7761,1.3310228960255764e-09
15.8125,1.330447253193165e-09
15.8489,1.3298740070505096e-09
15.8855,1.3293000124347606e-09
15.9221,1.3287284104410004e-09
15.9588,1.3281576339678087e-09
15.9956,1.3275876874132416e-09
16.0325,1.3270185751105235e-09
16.0694,1.3264518340041183e-09
16.1065,1.3258843965479407e-09
16.1436,1.325319325898656e-09
16.1808,1.3247550935285524e-09
16.2181,1.3241917035228457e-09
16.2555,1.3236291599044851e-09
16.293,1.323067466634589e-09
16.3305,1.3225081160955606e-09
16.3682,1.3219481289396584e-09
16.4059,1.3213904797516223e-09
16.4437,1.3208336838354367e-09
16.4816,1.3202777449180102e-09
16.5196,1.319722666666921e-09
16.5577,1.3191684526908459e-09
16.5959,1.3186151065399842e-09
16.6341,1.3180640711876916e-09
16.6725,1.3175124650828234e-09
16.7109,1.3169631646025181e-09
16.7494,1.3164147336534206e-09
16.788,1.3158671755669139e-09
16.8267,1.315320493618328e-09
16.8655,1.3147746910273602e-09
16.9044,1.3142297709584899e-09
16.9434,1.313685736521395e-09
16.9824,1.3131439769867188e-09
17.0216,1.3126017171176887e-09
17.0608,1.3120617265442451e-09
17.1002,1.3115212531229255e-09
17.1396,1.3109830432654916e-09
17.1791,1.3104457251897855e-09
17.2187,1.3099093016989438e-09
17.2584,1.3093737755444461e-09
17.2982,1.3088391494265167e-09
17.338,1.3083067608481505e-09
17.378,1.307773937104438e-09
17.4181,1.307242021216046e-09
17.4582,1.3067123338245278e-09
17.4985,1.3061822355630346e-09
17.5388,1.3056543596419184e-09
17.5792,1.305127390335441e-09
17.6198,1.304600033828699e-09
17.6604,1.30407489024214e-09
17.7011,1.3035506602111546e-09
17.7419,1.303027345961823e-09
17.7828,1.3025049496735428e-09
17.8238,1.3019834734794114e-09
17.8649,1.3014629194666105e-09
17.9061,1.300943289676785e-09
17.9473,1.300425839413424e-09
17.9887,1.2999080587489817e-09
18.0302,1.299391208183834e-09
18.0717,1.298876527167339e-09
18.1134,1.2983615371437988e-09
18.1552,1.2978474826993635e-09
18.197,1.2973355876186008e-09
18.239,1.2968234043486456e-09
18.281,1.2963133735525085e-09
18.3231,1.2958042748470383e-09
18.3654,1.2952949082135357e-09
18.4077,1.2947876835751702e-09
18.4502,1.294280204205103e-09
18.4927,1.2937748597304807e-09
18.5353,1.2932704550294088e-09
18.578,1.292766991525656e-09
18.6209,1.292263298965906e-09
18.6638,1.291761726897663e-09
18.7068,1.291261100042634e-09
18.7499,1.2907614196687964e-09
18.7932,1.2902615349690944e-09
18.8365,1.2897637560573411e-09
18.8799,1.2892669271838522e-09
18.9234,1.2887710494663608e-09
18.9671,1.2882749912330248e-09
19.0108,1.2877810238034082e-09
19.0546,1.287288010644526e-09
19.0985,1.2867959527293059e-09
19.1426,1.2863037372132563e-09
19.1867,1.2858135972544602e-09
19.2309,1.2853244152278843e-09
19.2752,1.2848361919669797e-09
19.3197,1.2843478331500027e-09
19.3642,1.2838615343994884e-09
19.4089,1.283375110792164e-09
19.4536,1.2828907394050668e-09
19.4984,1.2824073304084932e-09
19.5434,1.2819238122184513e-09
19.5884,1.2814423343925124e-09
19.6336,1.2809607575567704e-09
19.6789,1.2804801544113405e-09
19.7242,1.2800015796296224e-09
19.7697,1.2795229207330937e-09
19.8153,1.2790452368072362e-09
19.8609,1.2785695691366503e-09
19.9067,1.278093831803684e-09
19.9526,1.277619070450825e-09
19.9986,1.2771452853496026e-09
20.0447,1.2766724767426864e-09
20.0909,1.2762006448441806e-09
20.1372,1.2757297898399197e-09
20.1837,1.2752589013662516e-09
20.2302,1.2747900048665036e-09
20.2768,1.2743220856336814e-09
20.3236,1.2738541459871638e-09
20.3704,1.2733881857044288e-09
20.4174,1.2729222134841026e-09
20.4644,1.2724582121694276e-09
20.5116,1.2719942072167006e-09
20.5589,1.2715311878504545e-09
20.6063,1.2710691539364992e-09
20.6538,1.2706081053157278e-09
20.7014,1.27014804180439e-09
20.7491,1.2696889631943617e-09
20.797,1.269229912932282e-09
20.8449,1.2687728074514597e-09
20.893,1.268315737850566e-09
20.9411,1.2678606043109165e-09
20.9894,1.2674055140203996e-09
21.0378,1.2669514148143176e-09
21.0863,1.2664983062696918e-09
21.1349,1.2660461879415112e-09
21.1836,1.2655950593629894e-09
21.2324,1.2651449200458149e-09
21.2814,1.2646948529238765e-09
21.3304,1.2642466944623799e-09
21.3796,1.2637986148536135e-09
21.4289,1.2633515300313847e-09
21.4783,1.2629054393529335e-09
21.5278,1.2624603421556983e-09
21.5774,1.2620162377575555e-09
21.6272,1.2615722357794692e-09
21.677,1.2611301186287545e-09
21.727,1.2606881099578144e-09
21.7771,1.2602470986364498e-09
21.8273,1.2598070838387323e-09
21.8776,1.2593680647208205e-09
21.928,1.258930040421186e-09
21.9786,1.258492146496344e-09
22.0293,1.258055252951079e-09
22.08,1.2576202150603334e-09
22.1309,1.2571853157319578e-09
22.182,1.2567505648886157e-09
22.2331,1.2563176630756688e-09
22.2844,1.2558849148979343e-09
22.3357,1.2554540064278825e-09
22.3872,1.2550232566164207e-09
22.4388,1.2545935061124838e-09
22.4905,1.254164753779936e-09
22.5424,1.2537361744459864e-09
22.5944,1.2533085979782461e-09
22.6464,1.252882840170486e-09
22.6986,1.2524572622642568e-09
22.751,1.2520318734369935e-09
22.8034,1.2516082960308672e-09
22.856,1.2511849120227924e-09
22.9087,1.2507625301545064e-09
22.9615,1.2503411490733565e-09
23.0144,1.2499207674143588e-09
23.0675,1.2495005941993098e-09
23.1206,1.2490822106007235e-09
23.1739,1.2486640393507858e-09
23.2274,1.248246089042656e-09
23.2809,1.2478299206264248e-09
23.3346,1.247413976818082e-09
23.3884,1.2469990356308868e-09
23.4423,1.24658509551798e-09
23.4963,1.2461721549222992e-09
23.5505,1.2457594524566682e-09
23.6048,1.2453477528416549e-09
23.6592,1.2449370544459789e-09
23.7137,1.2445273556290834e-09
23.7684,1.2441179078046478e-09
23.8232,1.2437094626213158e-09
23.8781,1.2433020183676072e-09
23.9332,1.2428948359132417e-09
23.9883,1.242489391495178e-09
24.0436,1.2420842116771995e-09
24.0991,1.2416793040776135e-09
24.1546,1.2412761260167136e-09
24.2103,1.2408732227659513e-09
24.2661,1.2404713204771075e-09
24.322,1.240070417290606e-09
24.3781,1.2396697987506782e-09
24.4343,1.2392701816596688e-09
24.4906,1.2388715640958706e-09
24.5471,1.2384732406412427e-09
24.6037,1.2380759188638426e-09
24.6604,1.2376795967822307e-09
24.7172,1.2372842724096475e-09
24.7742,1.2368892522177401e-09
24.8313,1.2364952316555359e-09
24.8886,1.2361015230490916e-09
24.9459,1.2357094985406984e-09
25.0035,1.2353171079493862e-09
25.0611,1.234926397264183e-09
25.1189,1.2345360077181852e-09
25.1768,1.2341466169393765e-09
25.2348,1.2337582227775143e-09
25.293,1.2333701577277803e-09
25.3513,1.232983090677357e-09
25.4097,1.2325970194259565e-09
25.4683,1.232211284929951e-09
25.527,1.2318265474459066e-09
25.5859,1.2314421535027264e-09
25.6448,1.2310594060823874e-09
25.704,1.2306763575973698e-09
25.7632,1.2302949510491231e-09
25.8226,1.2299138955771012e-09
25.8821,1.2295338344987968e-09
25.9418,1.2291541308204608e-09
26.0016,1.228775422297511e-09
26.0615,1.2283977065513628e-09
26.1216,1.2280203546756204e-09
26.1818,1.2276439961867068e-09
26.2422,1.2272680075034941e-09
26.3027,1.2268930126957238e-09
26.3633,1.2265190093061863e-09
26.4241,1.2261453816772907e-09
26.485,1.2257727458114815e-09
26.5461,1.2254004912680938e-09
26.6073,1.225029228716732e-09
26.6686,1.2246589556274452e-09
26.7301,1.2242890693214337e-09
26.7917,1.2239201725703353e-09
26.8534,1.223552262810794e-09
26.9153,1.223184745027351e-09
26.9774,1.2228176242900638e-09
27.0396,1.2224514929763074e-09
27.1019,1.2220863484563465e-09
27.1644,1.2217216057684496e-09
27.227,1.2213578496226168e-09
27.2898,1.2209945000216613e-09
27.3527,1.220632136607838e-09
27.4157,1.2202707566921499e-09
27.4789,1.219909787662746e-09
27.5423,1.2195492341850294e-09
27.6058,1.2191896658954861e-09
27.6694,1.2188310800471022e-09
27.7332,1.218472913714899e-09
27.7971,1.218115729156209e-09
27.8612,1.217758968228707e-09
27.9254,1.2174031883129832e-09
27.9898,1.21704783601042e-09
28.0543,1.216693463865829e-09
28.119,1.2163395231855529e-09
28.1838,1.2159865617193681e-09
28.2488,1.2156340354400313e-09
28.3139,1.215282487342802e-09
28.3792,1.2149313780285072e-09
28.4446,1.214581245778183e-09
28.5102,1.2142315557825907e-09
28.5759,1.2138828416486044e-09
28.6418,1.2135345731189905e-09
28.7078,1.213187279166295e-09
28.774,1.2128404340475688e-09
28.8403,1.212494562140629e-09
28.9068,1.2121491421793046e-09
28.9734,1.211804693986046e-09
29.0402,1.2114607007341676e-09
29.1072,1.2111171660976529e-09
29.1743,1.2107746031233595e-09
29.2415,1.2104330087901843e-09
29.3089,1.2100918750426921e-09
29.3765,1.2097512054059138e-09
29.4442,1.209411504046252e-09
29.5121,1.2090722693771405e-09
29.5801,1.2087340011807855e-09
29.6483,1.2083962021481735e-09
29.7167,1.2080588756128756e-09
29.7852,1.2077225148368297e-09
29.8538,1.20738711671024e-09
29.9226,1.2070521923740267e-09
29.9916,1.2067177450228045e-09
30.0608,1.2063837778057301e-09
30.1301,1.2060507733122337e-09
30.1995,1.205718728383163e-09
30.2691,1.205387164512682e-09
30.3389,1.205056084716426e-09
30.4089,1.2047254919660412e-09
30.4789,1.2043963276215138e-09
30.5492,1.2040671808269496e-09
30.6196,1.203738990869628e-09
30.6902,1.2034112913755197e-09
30.761,1.2030840851455158e-09
30.8319,1.202757834097581e-09
30.903,1.2024320778131424e-09
30.9742,1.2021072741857408e-09
31.0456,1.2017829667339193e-09
31.1172,1.2014591580944204e-09
31.1889,1.2011363001769812e-09
31.2608,1.2008139423316086e-09
31.3329,1.2004920870952935e-09
31.4051,1.2001711804701594e-09
31.4775,1.1998507775658257e-09
31.55,1.199531320497011e-09
31.6228,1.1992119304084e-09
31.6957,1.19889348712332e-09
31.7687,1.1985759872992118e-09
31.842,1.1982585633848298e-09
31.9154,1.1979420837599014e-09
31.989,1.1976261166881285e-09
32.0627,1.1973110908994365e-09
32.1366,1.1969965783569806e-09
32.2107,1.1966825812219848e-09
32.2849,1.1963695226149715e-09
32.3594,1.1960565608052774e-09
32.434,1.1957445380267321e-09
32.5087,1.1954334508648836e-09
32.5837,1.195122468428715e-09
32.6588,1.1948124219865592e-09
32.7341,1.194502897945497e-09
32.8095,1.194194306605672e-09
32.8852,1.1938858313095565e-09
32.961,1.1935782889148792e-09
33.037,1.1932712728726726e-09
33.1131,1.192965186325663e-09
33.1894,1.1926596262146432e-09
33.266,1.192354196426384e-09
33.3426,1.192050092283917e-09
33.4195,1.1917461218733739e-09
33.4965,1.1914430774260115e-09
33.5738,1.1911401734415515e-09
33.6512,1.190838195236742e-09
33.7287,1.1905371392974672e-09
33.8065,1.1902362302580669e-09
33.8844,1.189936243195552e-09
33.9625,1.189636792000967e-09
34.0408,1.1893378781491017e-09
34.1193,1.1890395030841337e-09
34.1979,1.1887420458405961e-09
34.2768,1.1884447509183534e-09
34.3558,1.1881483732855437e-09
34.435,1.1878525366654403e-09
34.5144,1.1875572423726275e-09
34.5939,1.1872628611771717e-09
34.6737,1.1869686537587264e-09
34.7536,1.1866753587218613e-09
34.8337,1.1863826078008339e-09
34.914,1.1860904021863154e-09
34.9945,1.1857987430409934e-09
35.0752,1.1855076314998147e-09
35.156,1.1852174270515758e-09
35.2371,1.1849274124533106e-09
35.3183,1.1846383039751174e-09
35.3997,1.1843497442811233e-09
35.4813,1.1840617343902022e-09
35.5631,1.1837742752948612e-09
35.6451,1.183487367961476e-09
35.7273,1.1832010133305225e-09
35.8096,1.1829155584073119e-09
35.8922,1.1826303103922075e-09
35.9749,1.1823459608366735e-09
36.0579,1.1820618229192908e-09
36.141,1.181778582138235e-09
36.2243,1.1814958962194685e-09
36.3078,1.1812137659471295e-09
36.3915,1.1809321920812274e-09
36.4754,1.1806511753578648e-09
36.5595,1.1803707164894618e-09
36.6438,1.1800908161649762e-09
36.7282,1.1798118049106618e-09
36.8129,1.1795330222095882e-09
36.8978,1.1792547999867867e-09
36.9828,1.1789774644042482e-09
37.0681,1.1787003634870324e-09
37.1535,1.178424147510517e-09
37.2392,1.1781481701341147e-09
37.325,1.177873075934922e-09
37.4111,1.17759822415967e-09
37.4973,1.177324253735771e-09
37.5837,1.177050845203958e-09
37.6704,1.1767776846298907e-09
37.7572,1.1765054025585574e-09
37.8443,1.1762333719992975e-09
37.9315,1.1759622179676808e-09
38.0189,1.1756916278205494e-09
38.1066,1.1754212943233995e-09
38.1944,1.1751518342884074e-09
38.2825,1.1748826341993196e-09
38.3707,1.1746143054573982e-09
38.4592,1.1743462398569906e-09
38.5478,1.1740790434353524e-09
38.6367,1.1738121132522386e-09
38.7258,1.1735457517340403e-09
38.815,1.1732802560414248e-09
38.9045,1.1730150310495823e-09
38.9942,1.172750375186845e-09
39.0841,1.1724862885703455e-09
39.1742,1.1722227712996817e-09
39.2645,1.1719598234571033e-09
39.355,1.1716974451076976e-09
39.4457,1.1714356362995733e-09
39.5367,1.1711741103016108e-09
39.6278,1.1709134419067901e-09
39.7192,1.170653058832294e-09
39.8107,1.1703935308220748e-09
39.9025,1.1701342905554576e-09
39.9945,1.1698756222259017e-09
40.0867,1.169617525751474e-09
40.1791,1.1693600010347703e-09
40.2717,1.169103047963088e-09
40.3645,1.1688466664085991e-09
40.4576,1.1685905817667146e-09
40.5509,1.1683350707439328e-09
40.6443,1.168080405215675e-09
40.738,1.1678260396610584e-09
40.8319,1.1675722471233345e-09
40.9261,1.1673187588654681e-09
41.0204,1.1670661128304173e-09
41.115,1.166813772913321e-09
41.2098,1.1665620073327102e-09
41.3048,1.1663108157875923e-09
41.4,1.1660601979638205e-09
41.4954,1.1658101535342534e-09
41.5911,1.1655604217781437e-09
41.6869,1.1653115242443824e-09
41.783,1.165062940937182e-09
41.8794,1.164814674871816e-09
41.9759,1.164567240714174e-09
42.0727,1.1643201252188577e-09
42.1697,1.1640735849142965e-09
42.2669,1.1638276193447355e-09
42.3643,1.1635822280429503e-09
42.462,1.1633371602435666e-09
42.5598,1.1630929171271678e-09
42.658,1.1628487506108373e-09
42.7563,1.1626054077351958e-09
42.8549,1.1623623928493717e-09
42.9536,1.1621201983326613e-09
43.0527,1.1618780890752345e-09
43.1519,1.1616367990308735e-09
43.2514,1.1613958411235615e-09
43.3511,1.1611554585071828e-09
43.451,1.1609156505543244e-09
43.5512,1.1606761781583547e-09
43.6516,1.1604372812352053e-09
43.7522,1.1601989591147347e-09
43.8531,1.1599609757751568e-09
43.9542,1.1597235679367094e-09
44.0555,1.1594867348880675e-09
44.157,1.159250475909288e-09
44.2588,1.1590145590354875e-09
44.3609,1.1587789865760859e-09
44.4631,1.1585442192226827e-09
44.5656,1.158309796770232e-09
44.6684,1.158075721450441e-09
44.7713,1.1578424478622788e-09
44.8745,1.1576095217921942e-09
44.978,1.1573769453959996e-09
45.0817,1.1571449440281139e-09
45.1856,1.1569135168343157e-09
45.2898,1.156682441679862e-09
45.3942,1.1564519409147315e-09
45.4988,1.1562220136504018e-09
45.6037,1.1559924406236453e-09
45.7088,1.1557634412201021e-09
45.8142,1.1555347980665389e-09
45.9198,1.155306728589941e-09
46.0257,1.1550790172915e-09
46.1318,1.1548518796565417e-09
46.2381,1.154625314712914e-09
46.3447,1.1543991097500112e-09
46.4515,1.1541734773792012e-09
46.5586,1.1539482067248206e-09
46.6659,1.1537235084994542e-09
46.7735,1.1534991736471181e-09
46.8813,1.1532754109982455e-09
46.9894,1.1530520133013526e-09
47.0977,1.1528291875212532e-09
47.2063,1.1526067281958692e-09
47.3151,1.1523848404408266e-09
47.4242,1.1521633205684416e-09
47.5335,1.1519423718614844e-09
47.6431,1.1517217923917402e-09
47.7529,1.1515017836253528e-09
47.863,1.151282145378737e-09
47.9733,1.151063077317537e-09
48.0839,1.1508443809880457e-09
48.1948,1.1506260578405315e-09
48.3059,1.1504083048638032e-09
48.4172,1.1501911208698925e-09
48.5289,1.149974116976369e-09
48.6407,1.1497578760868507e-09
48.7528,1.149542010147889e-09
48.8652,1.149326520486725e-09
48.9779,1.1491114084056735e-09
49.0908,1.1488968647923897e-09
49.204,1.1486826996166215e-09
49.3174,1.1484691020587473e-09
49.4311,1.148255883733263e-09
49.545,1.1480432321286995e-09
49.6592,1.1478309604901348e-09
49.7737,1.147619069980668e-09
49.8884,1.1474077455739362e-09
50.0035,1.1471966199068007e-09
50.1187,1.1469862431514996e-09
50.2343,1.1467760673193805e-09
50.3501,1.146566457101534e-09
50.4661,1.1463574111414358e-09
50.5825,1.1461485700399802e-09
50.6991,1.145940293638482e-09
50.8159,1.1457325805548058e-09
50.9331,1.145525076084596e-09
51.0505,1.145318135283108e-09
51.1682,1.1451115816397613e-09
51.2861,1.1449055903968731e-09
51.4044,1.1446998130135546e-09
51.5229,1.1444945982574819e-09
51.6416,1.1442899446877419e-09
51.7607,1.1440855083196905e-09
51.88,1.1438816332800573e-09
51.9996,1.1436781483443932e-09
52.1195,1.1434750542994143e-09
52.2396,1.143272520176767e-09
52.36,1.1430703769715477e-09
52.4807,1.1428686254206856e-09
52.6017,1.1426672662417448e-09
52.723,1.1424663001331e-09
52.8445,1.1422658923536787e-09
52.9663,1.1420658775291009e-09
53.0884,1.1418662563103555e-09
53.2108,1.1416670293299027e-09
53.3335,1.1414681972018434e-09
53.4564,1.1412699214957942e-09
53.5797,1.141071880130018e-09
53.7032,1.1408743949063347e-09
53.827,1.14067730540238e-09
53.9511,1.1404806121519468e-09
54.0754,1.1402844731168674e-09
54.2001,1.1400885732087632e-09
54.325,1.1398932271103765e-09
54.4503,1.1396981224851202e-09
54.5758,1.1395035712081407e-09
54.7016,1.1393094176646646e-09
54.8277,1.1391156622789837e-09
54.9541,1.138922305459108e-09
55.0808,1.138729347596924e-09
55.2077,1.1385369403535081e-09
55.335,1.1383447808488083e-09
55.4626,1.1381530213851727e-09
55.5904,1.137961811576313e-09
55.7186,1.1377708525050875e-09
55.847,1.137580442384427e-09
55.9758,1.1373902849108476e-09
56.1048,1.1372006756348218e-09
56.2341,1.1370114668529239e-09
56.3638,1.136822513450718e-09
56.4937,1.136634107029196e-09
56.6239,1.136446101798599e-09
56.7545,1.1362583545248168e-09
56.8853,1.136071152911375e-09
57.0164,1.1358843530581268e-09
57.1479,1.1356978135875345e-09
57.2796,1.1355118183571858e-09
57.4116,1.135326225332699e-09
57.544,1.1351408949695623e-09
57.6766,1.134956107330468e-09
57.8096,1.134771583791363e-09
57.9429,1.134587464094862e-09
58.0764,1.134403885510504e-09
58.2103,1.1342205730663518e-09
58.3445,1.1340376646180456e-09
58.479,1.1338551601909662e-09
58.6138,1.1336730597983233e-09
58.7489,1.1334913634412891e-09
58.8844,1.133309937512652e-09
59.0201,1.1331290497752702e-09
59.1562,1.1329484335895914e-09
59.2925,1.1327683543248749e-09
59.4292,1.1325885476786283e-09
59.5662,1.1324091459886178e-09
59.7035,1.1322301491676327e-09
59.8412,1.1320514276152075e-09
59.9791,1.131873240801437e-09
60.1174,1.1316953301717736e-09
60.256,1.1315178250904877e-09
60.3949,1.1313407254091293e-09
60.5341,1.1311640309689461e-09
60.6736,1.1309877416010061e-09
60.8135,1.130811731594476e-09
60.9537,1.1306361274066726e-09
61.0942,1.1304609288312675e-09
61.235,1.130286135652266e-09
61.3762,1.1301116243271515e-09
61.5177,1.1299375190329965e-09
61.6595,1.129763819518031e-09
61.8016,1.1295905255213194e-09
61.9441,1.1294175156322613e-09
62.0869,1.1292449117885246e-09
62.23,1.129072713694978e-09
62.3735,1.128900801514715e-09
62.5173,1.1287292955304508e-09
62.6614,1.12855819541404e-09
62.8058,1.1283875008290266e-09
62.9506,1.1282170940081342e-09
63.0957,1.1280470930645318e-09
63.2412,1.1278773812492598e-09
63.387,1.1277080756019179e-09
63.5331,1.127539175731783e-09
63.6796,1.127370566404856e-09
63.8263,1.12720247739689e-09
63.9735,1.1270345653122708e-09
64.121,1.1268670593880104e-09
64.2688,1.1266999591823018e-09
64.4169,1.126533264246315e-09
64.5654,1.1263668623184245e-09
64.7143,1.1262007544275416e-09
64.8634,1.1260351632089857e-09
65.013,1.125869755733357e-09
65.1628,1.1257048639439832e-09
65.3131,1.1255401578429426e-09
65.4636,1.1253759664028328e-09
65.6145,1.1252120709020028e-09
65.7658,1.1250484722586276e-09
65.9174,1.124885278779741e-09
66.0693,1.1247224899119875e-09
66.2217,1.1245598921885185e-09
66.3743,1.1243978058268183e-09
66.5273,1.1242360178119802e-09
66.6807,1.124074528970163e-09
66.8344,1.1239134446804596e-09
66.9885,1.1237526602314032e-09
67.1429,1.1235922800436827e-09
67.2977,1.1234322003141632e-09
67.4528,1.12327252451387e-09
67.6083,1.1231131497402705e-09
67.7642,1.1229540767155025e-09
67.9204,1.12279540749917e-09
68.0769,1.1226371414254818e-09
68.2339,1.1224790769168057e-09
68.3912,1.1223214159950796e-09
68.5488,1.1221641579688176e-09
68.7068,1.1220072030252713e-09
68.8652,1.1218505517890765e-09
69.024,1.1216942048690851e-09
69.1831,1.121538260656237e-09
69.3426,1.1213826210584895e-09
69.5024,1.1212273835717592e-09
69.6627,1.1210723544602628e-09
69.8232,1.1209178237553225e-09
69.9842,1.1207635024965428e-09
70.1455,1.1206095829045787e-09
70.3072,1.1204559694172832e-09
70.4693,1.1203026625239073e-09
70.6318,1.1201496626992515e-09
70.7946,1.119997063928381e-09
70.9578,1.1198447722986645e-09
71.1214,1.1196927882476846e-09
71.2853,1.119541204478089e-09
71.4496,1.1193899282974901e-09
71.6143,1.119238960107342e-09
71.7794,1.119088300295541e-09
71.9449,1.1189379492365558e-09
72.1107,1.1187879975308539e-09
72.277,1.1186382646450847e-09
72.4436,1.118488930993752e-09
72.6106,1.118339906664785e-09
72.778,1.1181911919726026e-09
72.9458,1.1180427872189431e-09
73.1139,1.117894780543057e-09
73.2825,1.1177469961293544e-09
73.4514,1.1175996095538445e-09
73.6207,1.1174525332238029e-09
73.7904,1.117305767384492e-09
73.9605,1.1171593122692136e-09
74.131,1.1170131680994302e-09
74.3019,1.1168673350848854e-09
74.4732,1.1167218134237236e-09
74.6449,1.1165766033026082e-09
74.817,1.1164317048968403e-09
74.9894,1.1162872020014671e-09
75.1623,1.1161429271338761e-09
75.3356,1.1159989644421766e-09
75.5092,1.1158553965728368e-09
75.6833,1.1157120582465363e-09
75.8578,1.1155690324585658e-09
76.0326,1.1154264007225404e-09
76.2079,1.1152839999340244e-09
76.3836,1.115141911951248e-09
76.5597,1.1150001368422188e-09
76.7361,1.1148587546342025e-09
76.913,1.114717605079005e-09
77.0903,1.1145767685429521e-09
77.2681,1.114436166152196e-09
77.4462,1.114295956082019e-09
77.6247,1.11415605908516e-09
77.8037,1.1140163973123342e-09
77.983,1.1138771267992103e-09
78.1628,1.1137380921740435e-09
78.343,1.1135993712527444e-09
78.5236,1.1134609639933936e-09
78.7046,1.113322870345152e-09
78.886,1.1131850902483626e-09
79.0679,1.1130475481897473e-09
79.2501,1.112910395319378e-09
79.4328,1.1127734809963222e-09
79.6159,1.1126368805670012e-09
79.7995,1.112500519820323e-09
79.9834,1.1123645471812883e-09
80.1678,1.112228814646716e-09
80.3526,1.1120933961853264e-09
80.5378,1.1119582916536401e-09
80.7235,1.1118234284387292e-09
80.9096,1.1116888794915528e-09
81.0961,1.1115546446410878e-09
81.2831,1.1114206522155688e-09
81.4704,1.111287045335379e-09
81.6582,1.1111536811378236e-09
81.8465,1.1110205603735653e-09
82.0352,1.1108877539997572e-09
82.2243,1.1107552617930992e-09
82.4138,1.110623083523387e-09
82.6038,1.1104911496702512e-09
82.7942,1.1103595298933626e-09
82.9851,1.1102281552736447e-09
83.1764,1.1100970948289257e-09
83.3681,1.1099663482872588e-09
83.5603,1.1098358476241004e-09
83.7529,1.109705660907624e-09
83.946,1.1095757207019942e-09
84.1395,1.1094460944482207e-09
84.3335,1.1093167152942627e-09
84.5279,1.1091876500597124e-09
84.7227,1.109058898417494e-09
84.918,1.108930394384001e-09
85.1138,1.1088021385028212e-09
85.31,1.1086741963679448e-09
85.5067,1.108546502849361e-09
85.7038,1.1084191229366529e-09
85.9014,1.1082919920642305e-09
86.0994,1.1081651746228642e-09
86.2979,1.1080386066066115e-09
86.4968,1.1079123518129846e-09
86.6962,1.1077863467909435e-09
86.896,1.107660654750259e-09
87.0964,1.107535150303596e-09
87.2971,1.1074100213313839e-09
87.4984,1.1072850807830272e-09
87.7001,1.1071604531917178e-09
87.9023,1.1070360767395382e-09
88.1049,1.106912012901536e-09
88.308,1.1067882003963054e-09
88.5116,1.1066646395807249e-09
88.7156,1.1065413910804786e-09
88.9201,1.1064183944085884e-09
89.1251,1.10629564989127e-09
89.3305,1.1061732173166358e-09
89.5365,1.1060509777757071e-09
89.7429,1.1059290502432612e-09
89.9498,1.1058073755318229e-09
90.1571,1.1056860123294754e-09
90.3649,1.1055649019630811e-09
90.5733,1.1054439867992367e-09
90.7821,1.1053233831251047e-09
90.9913,1.1052030903977963e-09
91.2011,1.1050829938415125e-09
91.4113,1.1049632081613186e-09
91.622,1.104843676194185e-09
91.8333,1.1047243417898366e-09
92.045,1.1046053180893462e-09
92.2571,1.1044866045136871e-09
92.4698,1.1043680892924458e-09
92.683,1.1042498286825487e-09
92.8966,1.1041318779311796e-09
93.1108,1.1040141267398918e-09
93.3254,1.1038966851884864e-09
93.5406,1.1037794439492687e-09
93.7562,1.1036625120989496e-09
93.9723,1.1035458351430031e-09
94.189,1.1034293595518863e-09
94.4061,1.1033131929147669e-09
94.6237,1.103197281442775e-09
94.8418,1.1030816252091708e-09
95.0605,1.1029661716064787e-09
95.2796,1.1028510262719299e-09
95.4993,1.1027360841435555e-09
95.7194,1.1026214498958268e-09
95.9401,1.1025070193923503e-09
96.1612,1.1023928963536367e-09
96.3829,1.1022789775608159e-09
96.6051,1.1021653147507705e-09
96.8278,1.102051907920241e-09
97.051,1.1019387570582675e-09
97.2747,1.1018258621462782e-09
97.499,1.1017131730307852e-09
97.7237,1.1016007901581904e-09
97.949,1.101488613456048e-09
98.1748,1.1013766930005318e-09
98.4011,1.1012650287332542e-09
98.6279,1.1011536205887376e-09
98.8553,1.1010424197034677e-09
99.0832,1.100931475227556e-09
99.3116,1.1008207870717508e-09
99.5405,1.1007103551400514e-09
99.77,1.1006001314100508e-09
100.0,1.100490164122958e-09
100.231,1.1003802157119286e-09
100.462,1.100270762015261e-09
100.693,1.1001617996998753e-09
100.925,1.1000528569333921e-09
101.158,1.0999439367441871e-09
101.391,1.0998355064471927e-09
101.625,1.0997271005094144e-09
101.859,1.0996191820384537e-09
102.094,1.0995112896656127e-09
102.329,1.0994038823300868e-09
102.565,1.0992965027892917e-09
102.802,1.0991891539216922e-09
103.039,1.0990822884676729e-09
103.276,1.0989759031677016e-09
103.514,1.0988695489265839e-09
103.753,1.0987632285443552e-09
103.992,1.0986573866464404e-09
104.232,1.0985515801379114e-09
104.472,1.0984462496392724e-09
104.713,1.098340956021626e-09
104.954,1.0982361359380577e-09
105.196,1.0981313541888904e-09
105.439,1.0980266134339497e-09
105.682,1.0979223444271556e-09
105.925,1.097818543987166e-09
106.17,1.0977143603895017e-09
106.414,1.0976110690667567e-09
106.66,1.0975073997342853e-09
106.905,1.0974046163585014e-09
107.152,1.097301460049583e-09
107.399,1.0971987685939586e-09
107.647,1.0970961259038208e-09
107.895,1.0969939455306203e-09
108.143,1.0968922243565453e-09
108.393,1.0967901444836515e-09
108.643,1.0966885249696299e-09
108.893,1.0965873627060031e-09
109.144,1.0964862526877229e-09
109.396,1.0963851972784981e-09
109.648,1.0962845971220477e-09
109.901,1.096184052631757e-09
110.154,1.096083960839962e-09
110.408,1.0959839257405491e-09
110.662,1.0958843407890886e-09
110.917,1.0957848135259389e-09
111.173,1.0956853461936456e-09
111.429,1.0955863269308273e-09
111.686,1.0954873685286303e-09
111.944,1.0953884731750497e-09
112.202,1.0952900237583139e-09
112.46,1.0951920172678091e-09
112.72,1.0950936961008196e-09
112.98,1.0949958186977775e-09
113.24,1.0948983820599474e-09
113.501,1.0948010109844272e-09
113.763,1.0947037075458099e-09
114.025,1.094606842673423e-09
114.288,1.0945100461878337e-09
114.551,1.094413685673952e-09
114.815,1.0943173942712403e-09
115.08,1.0942211739744019e-09
115.345,1.09412538739762e-09
115.611,1.0940296725929188e-09
115.878,1.0939340315053865e-09
116.145,1.093838821842085e-09
116.413,1.0937436865055988e-09
116.681,1.0936489799755556e-09
116.95,1.0935543483588935e-09
117.22,1.0934597935250173e-09
117.49,1.0933656651571394e-09
117.761,1.093271614104536e-09
118.032,1.093177986896032e-09
118.304,1.0930844375136157e-09
118.577,1.0929909677535687e-09
118.85,1.0928979194570675e-09
119.124,1.0928049512420823e-09
119.399,1.092712064859341e-09
119.674,1.0926195975234134e-09
119.95,1.0925272124287083e-09
120.226,1.09243524374748e-09
120.504,1.0923430267297107e-09
120.781,1.092251555958883e-09
121.06,1.0921598401954578e-09
121.339,1.0920685385544982e-09
121.619,1.0919773232012436e-09
121.899,1.0918865193206933e-09
122.18,1.0917958020231066e-09
122.462,1.0917051729046244e-09
122.744,1.0916149527480148e-09
123.027,1.091524821020737e-09
123.31,1.0914350956112837e-09
123.595,1.0913451439573282e-09
123.88,1.0912555988277778e-09
124.165,1.0911664574720986e-09
124.451,1.091077406497901e-09
124.738,1.0909884473974606e-09
125.026,1.090899581645282e-09
125.314,1.0908111171705794e-09
125.603,1.0907227461674394e-09
125.893,1.0906344700715094e-09
126.183,1.0905465926400803e-09
126.474,1.0904588101995195e-09
126.765,1.0903714237647996e-09
127.057,1.0902841323911296e-09
127.35,1.0901969374557958e-09
127.644,1.0901098403192208e-09
127.938,1.0900231365675113e-09
128.233,1.0899365306227222e-09
128.529,1.0898500238088756e-09
128.825,1.08976390770707e-09
129.122,1.0896778907085059e-09
129.42,1.0895919741015989e-09
129.718,1.0895064455169822e-09
130.017,1.089421017261669e-09
130.317,1.0893356905892557e-09
130.617,1.0892507492338777e-09
130.918,1.089165909365578e-09
131.22,1.0890811722039057e-09
131.522,1.0889968176398946e-09
131.826,1.08891228822548e-09
132.13,1.088828141258521e-09
132.434,1.088744374148592e-09
132.739,1.0886607106397712e-09
133.045,1.0885771518857827e-09
133.352,1.0884936990253163e-09
133.66,1.0884103531821155e-09
133.968,1.0883273842337166e-09
134.276,1.0882447896286577e-09
134.586,1.0881620341337808e-09
134.896,1.088079652743427e-09
135.207,1.087997378976576e-09
135.519,1.0879152138952027e-09
135.831,1.087833420112301e-09
136.144,1.087751734728715e-09
136.458,1.0876701587766017e-09
136.773,1.0875886932740844e-09
137.088,1.0875075960928715e-09
137.404,1.087426609029929e-09
137.721,1.0873457330745259e-09
138.038,1.0872652226028308e-09
138.357,1.0871845706272497e-09
138.676,1.0871042837610123e-09
138.995,1.0870243595298047e-09
139.316,1.0869442977785102e-09
139.637,1.0868645982649677e-09
139.959,1.0867850119310308e-09
140.281,1.086705785172358e-09
140.605,1.0866264267945382e-09
140.929,1.0865474275551042e-09
141.254,1.0864685428468043e-09
141.579,1.0863900146156511e-09
141.906,1.08631136046951e-09
142.233,1.0862330623260109e-09
142.561,1.0861548799503196e-09
142.889,1.0860770509187143e-09
143.219,1.085999101484929e-09
143.549,1.0859215048850185e-09
143.88,1.0858440251790878e-09
144.212,1.0857666631609819e-09
144.544,1.0856896510505923e-09
144.877,1.0856127560839738e-09
145.211,1.0855359790312555e-09
145.546,1.0854593206508304e-09
145.881,1.0853830089688472e-09
146.218,1.0853065891311272e-09
146.555,1.0852305154006084e-09
146.893,1.0851545612219728e-09
147.231,1.0850789505010657e-09
147.571,1.0850032365414375e-09
147.911,1.0849278654186049e-09
148.252,1.084852614630401e-09
148.594,1.084777484856725e-09
148.936,1.0847026949543739e-09
149.279,1.0846280254176123e-09
149.624,1.0845532606867377e-09
149.968,1.0844790500655583e-09
150.314,1.084404745535904e-09
150.661,1.0843305639432725e-09
151.008,1.0842567182327954e-09
151.356,1.0841829947573427e-09
151.705,1.0841093941240314e-09
152.055,1.0840359169297177e-09
152.405,1.0839627722715645e-09
152.757,1.0838895427593493e-09
153.109,1.0838166450449597e-09
153.462,1.083743871185718e-09
153.815,1.0836714264998305e-09
154.17,1.0835989010865798e-09
154.525,1.083526704086662e-09
154.882,1.0834544292877707e-09
155.239,1.0833824821182808e-09
155.597,1.083310660188761e-09
155.955,1.0832391632693384e-09
156.315,1.0831675924403153e-09
156.675,1.0830963458182161e-09
157.036,1.0830252246382657e-09
157.398,1.0829542293854477e-09
157.761,1.0828833605356432e-09
158.125,1.082812618555704e-09
158.489,1.0827421969302732e-09
158.855,1.0826717091789377e-09
159.221,1.082601540928999e-09
159.588,1.082531499595847e-09
159.956,1.0824615856129308e-09
160.325,1.0823917994050828e-09
160.694,1.0823223292272157e-09
161.065,1.0822527989575571e-09
161.436,1.0821835838297417e-09
161.808,1.0821144964066977e-09
162.181,1.0820455370816933e-09
162.555,1.0819767062397793e-09
162.93,1.081908004257859e-09
163.305,1.0818396134660625e-09
163.682,1.0817711694768183e-09
164.059,1.0817030357488876e-09
164.437,1.0816350306762284e-09
164.816,1.0815671546062755e-09
165.196,1.0814994078787014e-09
165.577,1.0814317908254836e-09
165.959,1.0813643037709735e-09
166.341,1.0812971224996966e-09
166.725,1.0812298955889994e-09
167.109,1.0811629734885137e-09
167.494,1.0810961810350257e-09
167.88,1.0810295185257347e-09
168.267,1.0809629862505806e-09
168.655,1.080896584492312e-09
169.044,1.0808303135265485e-09
169.434,1.0807641736218464e-09
169.824,1.0806983334771023e-09
170.216,1.0806324557075673e-09
170.608,1.0805668766794413e-09
171.002,1.0805012620491702e-09
171.396,1.0804359451274756e-09
171.791,1.0803707592383992e-09
172.187,1.0803057046124853e-09
172.584,1.08024078147369e-09
172.982,1.0801759900394425e-09
173.38,1.080111492207464e-09
173.78,1.0800469640749429e-09
174.181,1.0799825682638762e-09
174.582,1.0799184644626885e-09
174.985,1.0798543331396978e-09
175.388,1.0797904927511315e-09
175.792,1.0797267839832985e-09
176.198,1.0796630503898524e-09
176.604,1.0795996060978077e-09
177.011,1.0795362939356093e-09
177.419,1.0794731140621188e-09
177.828,1.0794100666303536e-09
178.238,1.0793471517875461e-09
178.649,1.079284369675199e-09
179.061,1.0792217204291443e-09
179.473,1.079159355207537e-09
179.887,1.0790969713934847e-09
180.302,1.0790347208227737e-09
180.717,1.0789727525907062e-09
181.134,1.0789107681657355e-09
181.552,1.0788489173120785e-09
181.97,1.0787873470896415e-09
182.39,1.0787257629987233e-09
182.81,1.078664458390859e-09
183.231,1.0786032863948275e-09
183.654,1.0785421027826998e-09
184.077,1.0784811969173743e-09
184.502,1.0784202808971356e-09
184.927,1.078359641454371e-09
185.353,1.0782991349972112e-09
185.78,1.0782387615868604e-09
186.209,1.0781783808516851e-09
186.638,1.078118274336494e-09
187.068,1.0780583010203428e-09
187.499,1.0779984609455977e-09
187.932,1.0779386162544773e-09
188.365,1.0778790433970087e-09
188.799,1.0778196038779151e-09
189.234,1.0777602977215292e-09
189.671,1.0777009895393907e-09
190.108,1.0776419507783426e-09
190.546,1.0775830454240874e-09
190.985,1.0775242734837061e-09
191.426,1.0774655019941083e-09
191.867,1.0774069974893341e-09
192.309,1.0773486263919526e-09
192.752,1.0772903886925556e-09
193.197,1.0772321538100537e-09
193.642,1.0771741834548382e-09
194.089,1.0771162170585941e-09
194.536,1.0770585139516165e-09
194.984,1.077000944131007e-09
195.434,1.076943379934064e-09
195.884,1.0768860771631648e-09
196.336,1.076828781093159e-09
196.789,1.0767716193021925e-09
197.242,1.0767147170611024e-09
197.697,1.076657823088966e-09
198.153,1.0766010632218717e-09
198.609,1.0765445610204738e-09
199.067,1.076488068600855e-09
199.526,1.0764317100812758e-09
199.986,1.0763754853858427e-09
200.447,1.0763193944353913e-09
200.909,1.0762634371475262e-09
201.372,1.0762076134366627e-09
201.837,1.0761518034654417e-09
202.302,1.0760962471829788e-09
202.768,1.0760408241994883e-09
203.236,1.0759854162930858e-09
203.704,1.0759302601468638e-09
204.174,1.0758751199412799e-09
204.644,1.0758202302068306e-09
205.116,1.0757653572549272e-09
205.589,1.0757106180187009e-09
206.063,1.0756560123754348e-09
206.538,1.0756015401996871e-09
207.014,1.075547201363329e-09
207.491,1.0754929957355809e-09
207.97,1.0754388103182557e-09
208.449,1.0753848712174457e-09
208.93,1.0753309530737406e-09
209.411,1.075277279936157e-09
209.894,1.0752236284826836e-09
210.378,1.0751701104013898e-09
210.863,1.0751167255367839e-09
211.349,1.0750634737310442e-09
211.836,1.0750103548240535e-09
212.324,1.0749573686534317e-09
212.814,1.0749044072157072e-09
213.304,1.0748516865114193e-09
213.796,1.0747989911798055e-09
214.289,1.0747464288816227e-09
214.783,1.0746939994367044e-09
215.278,1.0746417026628574e-09
215.774,1.0745895383758908e-09
216.272,1.07453740193606e-09
216.77,1.0744855025368162e-09
217.27,1.0744336315517294e-09
217.771,1.0743818932356854e-09
218.273,1.0743302873881764e-09
218.776,1.0742788138069201e-09
219.28,1.0742274722878881e-09
219.786,1.0741761614511068e-09
220.293,1.0741249831832034e-09
220.8,1.0740740375241256e-09
221.309,1.0740231232891326e-09
221.82,1.0739722416269993e-09
222.331,1.0739215914610003e-09
222.844,1.0738709743248283e-09
223.357,1.0738205873311047e-09
223.872,1.0737702338095173e-09
224.388,1.0737200119716956e-09
224.905,1.07366992158341e-09
225.424,1.0736198661826178e-09
225.944,1.0735699426339937e-09
226.464,1.0735202460456454e-09
226.986,1.0734705850326708e-09
227.51,1.0734209606490602e-09
228.034,1.073371562051029e-09
228.56,1.073322200440243e-09
229.087,1.0732729700474092e-09
229.615,1.073223870614675e-09
230.144,1.073174901883149e-09
230.675,1.073125971655229e-09
231.206,1.0730772639630643e-09
231.739,1.0730285950837092e-09
232.274,1.072979965997299e-09
232.809,1.0729315582233526e-09
233.346,1.0728831905229232e-09
233.884,1.0728349533068787e-09
234.423,1.0727868462967347e-09
234.963,1.0727388692132421e-09
235.505,1.0726909335354011e-09
236.048,1.0726431280259585e-09
236.592,1.072595452397501e-09
237.137,1.0725479063619715e-09
237.684,1.0725004029847999e-09
238.232,1.0724530294105736e-09
238.781,1.0724057853435113e-09
239.332,1.0723585850192636e-09
239.883,1.0723115994655388e-09
240.436,1.0722646578342092e-09
240.991,1.0722177609832824e-09
241.546,1.0721710776048953e-09
242.103,1.0721244391619345e-09
242.661,1.0720779296502463e-09
243.22,1.0720315487589281e-09
243.781,1.0719852137711562e-09
244.343,1.0719390075305663e-09
244.906,1.0718929297196953e-09
245.471,1.0718468987355324e-09
246.037,1.0718009962850341e-09
246.604,1.0717552220444923e-09
247.172,1.0717095756900577e-09
247.742,1.071663977082235e-09
248.313,1.0716185064383802e-09
248.886,1.0715730843386117e-09
249.459,1.071527868993106e-09
250.035,1.0714826238767385e-09
250.611,1.0714375848440852e-09
251.189,1.0713925951703287e-09
251.768,1.0713477328863994e-09
252.348,1.0713029976517614e-09
252.93,1.071258312522186e-09
253.513,1.0712137544580753e-09
254.097,1.07116932311391e-09
254.683,1.0711249425820542e-09
255.27,1.0710806887670914e-09
255.859,1.071036486443333e-09
256.448,1.0709924853522216e-09
257.04,1.0709484615355912e-09
257.632,1.070904638242002e-09
258.226,1.07086086706159e-09
258.821,1.0708172218302563e-09
259.418,1.070773629336209e-09
260.016,1.0707301627369892e-09
260.615,1.0706868216694373e-09
261.216,1.0706435339086023e-09
261.818,1.0706003716083156e-09
262.422,1.0705572631927245e-09
263.027,1.0705142801526263e-09
263.633,1.070471422117134e-09
264.241,1.0704286184755111e-09
264.85,1.0703859397376063e-09
265.461,1.0703433159274389e-09
266.073,1.0703008169068955e-09
266.686,1.0702584422981148e-09
267.301,1.070216123068855e-09
267.917,1.0701739281224321e-09
268.534,1.0701318570781258e-09
269.153,1.0700898418344598e-09
269.774,1.0700478829370095e-09
270.396,1.0700060480289526e-09
271.019,1.069964336722899e-09
271.644,1.0699226821367425e-09
272.27,1.0698811509854798e-09
272.898,1.069839676988497e-09
273.527,1.0697983262477644e-09
274.157,1.0697570983706254e-09
274.789,1.0697159279706335e-09
275.423,1.0696748155447364e-09
276.058,1.0696338259858704e-09
276.694,1.0695929588957732e-09
277.332,1.0695521500591845e-09
277.971,1.0695114634786825e-09
278.612,1.06947083551665e-09
279.254,1.0694303295876727e-09
279.898,1.0693898826266786e-09
280.543,1.0693495574656211e-09
281.19,1.0693092916069057e-09
281.838,1.0692691473051797e-09
282.488,1.069229062625291e-09
283.139,1.0691890992498696e-09
283.792,1.069149195801204e-09
284.446,1.0691094133951609e-09
285.102,1.0690696912064983e-09
285.759,1.069030089789537e-09
286.418,1.0689905488665678e-09
287.078,1.0689511284355467e-09
287.74,1.0689117687613913e-09
288.403,1.0688725292908394e-09
289.068,1.068833350826563e-09
289.734,1.0687942922691898e-09
290.402,1.0687552949543075e-09
291.072,1.0687163592610425e-09
291.743,1.068677543278322e-09
292.415,1.0686388465835511e-09
293.089,1.0686002115641614e-09
293.765,1.0685616385818102e-09
294.442,1.0685231846630556e-09
295.121,1.0684847929700336e-09
295.801,1.068446520005371e-09
296.483,1.0684083094431405e-09
297.167,1.0683701616224786e-09
297.852,1.0683321322673564e-09
298.538,1.068294220947733e-09
299.226,1.0682563723479637e-09
299.916,1.0682185867910316e-09
300.608,1.068180864594484e-09
301.301,1.068143260209622e-09
301.995,1.0681057732022274e-09
302.691,1.0680683494925449e-09
303.389,1.0680309893826794e-09
304.089,1.0679936931694956e-09
304.789,1.0679565669770262e-09
305.492,1.0679194516184225e-09
306.196,1.067882452971543e-09
306.902,1.0678455184021452e-09
307.61,1.0678086481872954e-09
308.319,1.0677718943195906e-09
309.03,1.0677352048733524e-09
309.742,1.067698631363534e-09
310.456,1.0676621223325827e-09
311.172,1.0676256780386242e-09
311.889,1.0675893492868976e-09
312.608,1.0675530853125453e-09
313.329,1.067516886362168e-09
314.051,1.067480802541034e-09
314.775,1.0674447837677922e-09
315.5,1.0674088796875672e-09
316.228,1.0673729914860694e-09
316.957,1.067337217985585e-09
317.687,1.0673015587375317e-09
318.42,1.0672659162659719e-09
319.154,1.0672303880394514e-09
319.89,1.0671949255351083e-09
320.627,1.0671595768157716e-09
321.366,1.0671242937963547e-09
322.107,1.0670890766803622e-09
322.849,1.0670539728686333e-09
323.594,1.0670188879373558e-09
324.34,1.0669839162670696e-09
325.087,1.0669490574039649e-09
325.837,1.0669142182035308e-09
326.588,1.066879491753345e-09
327.341,1.0668448316744828e-09
328.095,1.0668102838571988e-09
328.852,1.066775756834916e-09
329.61,1.066741341997878e-09
330.37,1.066706993797666e-09
331.131,1.0666727572826818e-09
331.894,1.0666385873156766e-09
332.66,1.066604439576405e-09
333.426,1.0665704476507617e-09
334.195,1.066536478255929e-09
334.965,1.0665026198866898e-09
335.738,1.0664687847420448e-09
336.512,1.066435060504861e-09
337.287,1.0664014467146959e-09
338.065,1.06636785676071e-09
338.844,1.0663343771245356e-09
339.625,1.0663009646618407e-09
340.408,1.0662676194982933e-09
341.193,1.0662343417560666e-09
341.979,1.0662011736560156e-09
342.768,1.0661680309168323e-09
343.558,1.0661349976642945e-09
344.35,1.0661020319072601e-09
345.144,1.0660691337533906e-09
345.939,1.0660363444571657e-09
346.737,1.0660035816314676e-09
347.536,1.0659709274883167e-09
348.337,1.0659383409746398e-09
349.14,1.065905822184299e-09
349.945,1.0658733712079952e-09
350.752,1.0658409881332988e-09
351.56,1.0658087128979629e-09
352.371,1.0657764656947847e-09
353.183,1.0657443261284768e-09
353.997,1.0657122544234973e-09
354.813,1.0656802506545994e-09
355.631,1.0656483148935788e-09
356.451,1.0656164472093019e-09
357.273,1.0655846476677365e-09
358.096,1.0655529547529513e-09
358.922,1.0655212915077642e-09
359.749,1.0654897346578315e-09
360.579,1.0654582079419466e-09
361.41,1.0654267873817526e-09
362.243,1.0653954349577818e-09
363.078,1.065364150718822e-09
363.915,1.0653329347109823e-09
364.754,1.0653017869777219e-09
365.595,1.065270707559877e-09
366.438,1.0652396964956895e-09
367.282,1.0652087903557649e-09
368.129,1.0651779159365e-09
368.978,1.0651471099710707e-09
369.828,1.0651164085243657e-09
370.681,1.065085739383916e-09
371.535,1.065055174483522e-09
372.392,1.0650246422640056e-09
373.25,1.0649942139992011e-09
374.111,1.0649638187773976e-09
374.973,1.0649335272184765e-09
375.837,1.0649033039530264e-09
376.704,1.0648731142510949e-09
377.572,1.064843027763005e-09
378.443,1.0648129751702973e-09
379.315,1.0647830254841985e-09
380.189,1.0647531441246228e-09
381.066,1.0647232971365969e-09
381.944,1.0646935525838774e-09
382.825,1.0646638427056917e-09
383.707,1.0646342349413029e-09
384.592,1.0646046621432588e-09
385.478,1.0645751911320983e-09
386.367,1.0645457553681314e-09
387.258,1.064516388174385e-09
388.15,1.0644871222669628e-09
389.045,1.0644578920076463e-09
389.942,1.064428730258924e-09
390.841,1.0643996369968768e-09
391.742,1.0643706121957178e-09
392.645,1.064341655827816e-09
393.55,1.0643127678637175e-09
394.457,1.0642839482721682e-09
395.367,1.06425516546297e-09
396.278,1.0642264826597473e-09
397.192,1.0641978368545378e-09
398.107,1.0641692906908904e-09
399.025,1.0641407817313971e-09
399.945,1.0641123412019903e-09
400.867,1.0640839690574407e-09
401.791,1.0640556652509025e-09
402.717,1.0640274297339306e-09
403.645,1.0639992624565048e-09
404.576,1.0639711332221018e-09
405.509,1.063943072397936e-09
406.443,1.0639151097974962e-09
407.38,1.063887185486121e-09
408.319,1.0638593294114593e-09
409.261,1.0638315120499386e-09
410.204,1.0638037923988835e-09
411.15,1.0637761116026993e-09
412.098,1.0637484990568724e-09
413.048,1.0637209546929348e-09
414.0,1.0636934784410775e-09
414.954,1.0636660702301698e-09
415.911,1.0636387014546344e-09
416.869,1.0636114292373006e-09
417.83,1.0635841965660528e-09
418.794,1.0635570037521308e-09
419.759,1.0635299071323755e-09
420.727,1.0635028504660916e-09
421.697,1.0634758618135435e-09
422.669,1.063448941090027e-09
423.643,1.0634220882096987e-09
424.62,1.0633952757046146e-09
425.598,1.0633685583736597e-09
426.58,1.0633418543583505e-09
427.563,1.0633152453341618e-09
428.549,1.0632886770682685e-09
429.536,1.0632622033571075e-09
430.527,1.063235743820649e-09
431.519,1.0632093786441153e-09
432.514,1.0631830545717172e-09
433.511,1.0631567981406315e-09
434.51,1.0631306092483338e-09
435.512,1.0631044617557415e-09
436.516,1.063078381832023e-09
437.522,1.063052369370215e-09
438.531,1.0630263985822092e-09
439.542,1.06300049527426e-09
440.555,1.0629746593351488e-09
441.57,1.0629488906528514e-09
442.588,1.0629231639004576e-09
443.609,1.062897479310007e-09
444.631,1.062871887077632e-09
445.656,1.0628463370026386e-09
446.684,1.0628208293084177e-09
447.713,1.0627954135005044e-09
448.745,1.062770040058023e-09
449.78,1.0627447091959359e-09
450.817,1.0627194454321044e-09
451.856,1.0626942486406574e-09
452.898,1.0626690946101639e-09
453.942,1.0626440075185488e-09
454.988,1.0626189872364955e-09
456.037,1.0625940098779204e-09
457.088,1.0625690992856087e-09
458.142,1.0625442317874603e-09
459.198,1.0625194310049373e-09
460.257,1.0624946734780586e-09
461.318,1.0624699826089966e-09
462.381,1.062445358259956e-09
463.447,1.0624207772863342e-09
464.515,1.0623962627659684e-09
465.586,1.0623717917616598e-09
466.659,1.062347387137073e-09
467.735,1.0623230261605907e-09
468.813,1.0622987314836885e-09
469.894,1.0622744805785212e-09
470.977,1.0622502958863452e-09
472.063,1.0622261550812873e-09
473.151,1.0622020803963433e-09
474.242,1.0621780497058233e-09
475.335,1.062154085036405e-09
476.431,1.062130164460807e-09
477.529,1.0621063098013181e-09
478.63,1.0620824993272996e-09
479.733,1.062058754658568e-09
480.839,1.0620350542593745e-09
481.948,1.0620113982668457e-09
483.059,1.0619878079999306e-09
484.172,1.0619642832992694e-09
485.289,1.0619407820222814e-09
486.407,1.0619173672715365e-09
487.528,1.0618939969978273e-09
488.652,1.061870671324879e-09
489.779,1.061847390373656e-09
490.908,1.0618241747782515e-09
492.04,1.061801003950547e-09
493.174,1.0617778983332151e-09
494.311,1.0617548375229293e-09
495.45,1.061731841772765e-09
496.592,1.0617088908625129e-09
497.737,1.061685984898014e-09
498.884,1.0616631438506485e-09
500.035,1.0616403279939471e-09
501.187,1.0616175967590288e-09
502.343,1.0615948909109288e-09
503.501,1.0615722498283257e-09
504.661,1.061549673335368e-09
505.825,1.0615271225979137e-09
506.991,1.0615046364519383e-09
508.159,1.061482214719123e-09
509.331,1.0614598190908588e-09
510.505,1.0614374878679262e-09
511.682,1.0614152019785132e-09
512.861,1.0613929803059458e-09
514.044,1.0613707852309971e-09
515.229,1.0613486543519015e-09
516.416,1.0613265874846838e-09
517.607,1.0613045475193485e-09
518.8,1.061282571536008e-09
519.996,1.061260641054111e-09
521.195,1.0612387561388067e-09
522.396,1.0612169349806242e-09
523.6,1.0611951593470091e-09
524.807,1.0611734292977908e-09
526.017,1.0611517448906989e-09
527.23,1.0611301061813853e-09
528.445,1.061108530940163e-09
529.663,1.0610870013397433e-09
530.884,1.0610655174307378e-09
532.108,1.0610440792617587e-09
533.335,1.0610226868794366e-09
534.564,1.0610013576436358e-09
535.797,1.0609800568874433e-09
537.032,1.0609588192035667e-09
538.27,1.0609376273167713e-09
539.511,1.0609164812651299e-09
540.754,1.0608953980075875e-09
542.001,1.0608743436555793e-09
543.25,1.0608533520104217e-09
544.503,1.0608323894895684e-09
545.758,1.0608114895824551e-09
547.016,1.0607906355490118e-09
548.277,1.0607698274156676e-09
549.541,1.0607490652071138e-09
550.808,1.060728348946321e-09
552.077,1.0607076948931263e-09
553.35,1.0606870705156677e-09
554.626,1.0606664921450835e-09
555.904,1.060645975814334e-09
557.186,1.060625489431379e-09
558.47,1.0606050649700347e-09
559.758,1.0605846706281845e-09
561.048,1.0605643380846662e-09
562.341,1.0605440514783157e-09
563.638,1.0605237952348724e-09
564.937,1.0605036005958407e-09
566.239,1.0604834519123153e-09
567.545,1.0604633338184214e-09
568.853,1.0604432771243705e-09
570.164,1.0604232663907203e-09
571.479,1.0604032864572267e-09
572.796,1.0603833677087835e-09
574.116,1.0603634949126437e-09
575.44,1.060343653111465e-09
576.766,1.0603238722707367e-09
578.096,1.0603041225462496e-09
579.429,1.0602844188795088e-09
580.764,1.0602647759388546e-09
582.103,1.060245164283824e-09
583.445,1.060225598647652e-09
584.79,1.060206079014691e-09
586.138,1.0601866053680295e-09
587.489,1.0601671776895077e-09
588.844,1.0601477816781157e-09
590.201,1.06012844594181e-09
591.562,1.0601091419603207e-09
592.925,1.0600898980777646e-09
594.292,1.0600706860317454e-09
595.662,1.0600515199472164e-09
597.035,1.0600323997967953e-09
598.412,1.0600133117216499e-09
599.791,1.0599942834160812e-09
601.174,1.0599752872514513e-09
602.56,1.0599563370253925e-09
603.949,1.0599374327041488e-09
605.341,1.0599185742529132e-09
606.736,1.0598997616358404e-09
608.135,1.0598809814227758e-09
609.537,1.0598622470916927e-09
610.942,1.0598435586028449e-09
612.35,1.0598249159155064e-09
613.762,1.059806305838228e-09
615.177,1.059787741598468e-09
616.595,1.0597692231517831e-09
618.016,1.059750750452808e-09
619.441,1.0597323105446165e-09
620.869,1.059713916408841e-09
622.3,1.0596955679965784e-09
623.735,1.0596772525238961e-09
625.173,1.0596589827908803e-09
626.614,1.059640758745225e-09
628.058,1.0596225803337972e-09
629.506,1.0596044350000394e-09
630.957,1.0595863353062226e-09
632.412,1.0595682688075863e-09
633.87,1.059550247948777e-09
635.331,1.0595322726710724e-09
636.796,1.0595143306959737e-09
638.263,1.0594964464572334e-09
639.735,1.0594785834038358e-09
641.21,1.0594607659106187e-09
642.688,1.0594429939136304e-09
644.169,1.0594252673482365e-09
645.654,1.0594075742618807e-09
647.143,1.0593899147518127e-09
648.634,1.0593723124703823e-09
650.13,1.0593547320128634e-09
651.628,1.0593372086456942e-09
653.131,1.0593197072849388e-09
654.636,1.0593022628722397e-09
656.145,1.059284852153043e-09
657.658,1.0592674752127924e-09
659.174,1.05925014354121e-09
660.693,1.0592328570630344e-09
662.217,1.0592155930982333e-09
663.743,1.0591983856319612e-09
665.273,1.0591812120336683e-09
666.807,1.0591640723790087e-09
668.344,1.0591469778382443e-09
669.885,1.0591299172850573e-09
671.429,1.0591129017852218e-09
672.977,1.0590959203116633e-09
674.528,1.059078983826661e-09
676.083,1.059062081401505e-09
677.642,1.0590452131008068e-09
679.204,1.059028389733089e-09
680.769,1.0590116112117631e-09
682.339,1.0589948561547111e-09
683.912,1.0589781459646166e-09
685.488,1.0589614805523019e-09
687.068,1.0589448493262508e-09
688.652,1.0589282523407723e-09
690.24,1.0589116896484926e-09
691.831,1.058895171658705e-09
693.426,1.0588786879674827e-09
695.024,1.05886224888682e-09
696.627,1.0588458338889776e-09
698.232,1.0588294736697565e-09
699.842,1.0588131376231448e-09
701.455,1.0587968460853547e-09
703.072,1.0587805889280458e-09
704.693,1.0587643661912467e-09
706.318,1.0587481779134552e-09
707.946,1.0587320340253035e-09
709.578,1.0587159245779774e-09
711.214,1.058699849606074e-09
712.853,1.0586838189010738e-09
714.496,1.0586678226468973e-09
716.143,1.0586518608743637e-09
717.794,1.0586359336128605e-09
719.449,1.05862004089036e-09
721.107,1.0586041922703909e-09
722.77,1.058588368660526e-09
724.436,1.0585725891152157e-09
726.106,1.0585568441205397e-09
727.78,1.0585411336981893e-09
729.458,1.0585254578685234e-09
731.139,1.0585098259284501e-09
732.825,1.058494219297468e-09
734.514,1.0584786565056602e-09
736.207,1.0584631282909038e-09
737.904,1.0584476346676776e-09
739.605,1.0584321756492093e-09
741.31,1.058416751247489e-09
743.019,1.0584013614732825e-09
744.732,1.0583860063361446e-09
746.449,1.0583706858444331e-09
748.17,1.058355400005321e-09
749.894,1.0583401576458123e-09
751.623,1.058324941088338e-09
753.356,1.0583097591981932e-09
755.092,1.0582946206782916e-09
756.833,1.058279508089526e-09
758.578,1.058264430172625e-09
760.326,1.0582493955081764e-09
762.079,1.0582343868923464e-09
763.836,1.0582194129430651e-09
765.597,1.0582044736563693e-09
767.361,1.0581895774524475e-09
769.13,1.058174707436274e-09
770.903,1.0581598720647564e-09
772.681,1.058145063019876e-09
774.462,1.0581302969505272e-09
776.247,1.0581155654984734e-09
778.037,1.058100860456418e-09
779.83,1.0580861982424604e-09
781.628,1.0580715624883245e-09
783.43,1.0580569613758928e-09
785.236,1.0580423948898487e-09
787.046,1.0580278630139631e-09
788.86,1.0580133657311056e-09
790.679,1.0579988950862177e-09
792.501,1.0579844669708199e-09
794.328,1.0579700655270942e-09
796.159,1.057955698670943e-09
797.995,1.0579413585877932e-09
799.834,1.057927060875711e-09
801.678,1.0579127899612428e-09
803.526,1.0578985536120361e-09
805.378,1.0578843518023436e-09
807.235,1.0578701768898968e-09
809.096,1.0578560365328806e-09
810.961,1.0578419307027181e-09
812.831,1.0578278518585454e-09
814.704,1.0578138150277488e-09
816.582,1.0577998051905428e-09
818.465,1.057785822417665e-09
820.352,1.0577718741530232e-09
822.243,1.0577579603626921e-09
824.138,1.0577440810120547e-09
826.038,1.0577302287918845e-09
827.942,1.0577164110067678e-09
829.851,1.057702620412169e-09
831.764,1.0576888642437806e-09
833.681,1.057675142462728e-09
835.603,1.0576614479206885e-09
837.529,1.0576477877514704e-09
839.46,1.0576341548700437e-09
841.395,1.0576205563429532e-09
843.335,1.057606985147915e-09
845.279,1.057593448284848e-09
847.227,1.0575799457092779e-09
849.18,1.0575664704922346e-09
851.138,1.0575530226827303e-09
853.1,1.0575396091493442e-09
855.067,1.057526223054772e-09
857.038,1.0575128712028533e-09
859.014,1.05749954681688e-09
860.994,1.0574862566365717e-09
862.979,1.0574729939452869e-09
864.968,1.0574597654192402e-09
866.962,1.0574465644013313e-09
868.96,1.0574333975048802e-09
870.964,1.057420251587011e-09
872.971,1.0574071463183205e-09
874.984,1.057394062099369e-09
877.001,1.0573810119638549e-09
879.023,1.0573679894298029e-09
881.049,1.0573550009250014e-09
883.08,1.0573420400249798e-09
885.116,1.0573291067592768e-09
887.156,1.0573162074649043e-09
889.201,1.057303335802505e-09
891.251,1.0572904917984326e-09
893.305,1.0572776817002241e-09
895.365,1.0572648930586868e-09
897.429,1.0572521383131524e-09
899.498,1.0572394112634065e-09
901.571,1.057226718039533e-09
903.649,1.0572140524963715e-09
905.733,1.057201408599892e-09
907.821,1.0571887985023533e-09
909.913,1.0571762221375492e-09
912.011,1.0571636674982302e-09
914.113,1.0571511465677706e-09
916.22,1.0571386533625402e-09
918.333,1.0571261820070657e-09
920.45,1.0571137443178305e-09
922.571,1.0571013402250297e-09
924.698,1.0570889580424542e-09
926.83,1.0570766036409473e-09
928.966,1.0570642827836535e-09
931.108,1.0570519839415e-09
933.254,1.0570397186045328e-09
935.406,1.057027475347274e-09
937.562,1.0570152655528648e-09
939.723,1.0570030835227888e-09
941.89,1.056990923661431e-09
944.061,1.056978797193451e-09
946.237,1.0569666984956574e-09
948.418,1.0569546275682543e-09
950.605,1.0569425789139927e-09
952.796,1.0569305635496787e-09
954.993,1.0569185705047305e-09
957.194,1.0569066106934776e-09
959.401,1.0568946732439695e-09
961.612,1.0568827689690245e-09
963.829,1.05687088709444e-09
966.051,1.0568590330098443e-09
968.278,1.0568472067075737e-09
970.51,1.0568354081791774e-09
972.747,1.0568236374154278e-09
974.99,1.0568118891806114e-09
977.237,1.0568001739393553e-09
979.49,1.0567884812524545e-09
981.748,1.0567768163330492e-09
984.011,1.056765179167833e-09
986.279,1.0567535697427783e-09
988.553,1.0567419829595033e-09
990.832,1.0567304239328066e-09
993.116,1.0567188926462249e-09
995.405,1.056707389082612e-09
997.7,1.056695908233073e-09
1000.0,1.0566844551159416e-09
