f,noise
1.0,3.93496758185146e-09
1.00231,3.930754470213316e-09
1.00462,3.926556244196959e-09
1.00693,3.922372817898229e-09
1.00925,3.918186091596154e-09
1.01158,3.913996171028884e-09
1.01391,3.9098210484481496e-09
1.01625,3.905642814249396e-09
1.01859,3.901479333482586e-09
1.02094,3.897312822464135e-09
1.02329,3.893161019971615e-09
1.02565,3.8890062673293565e-09
1.02802,3.884848666292981e-09
1.03039,3.8807057674903765e-09
1.03276,3.8765774860359644e-09
1.03514,3.872446410810153e-09
1.03753,3.868312641430612e-09
1.03992,3.864193481246598e-09
1.04232,3.860071702162706e-09
1.04472,3.8559644851296105e-09
1.04713,3.851854723259934e-09
1.04954,3.8477594760133e-09
1.05196,3.843661756818471e-09
1.05439,3.839561661501141e-09
1.05682,3.835476068518153e-09
1.05925,3.831404894152018e-09
1.0617,3.827314724988621e-09
1.06414,3.82325565001821e-09
1.0666,3.819177767195791e-09
1.06905,3.815130811747508e-09
1.07152,3.811065233399408e-09
1.07399,3.807014043579977e-09
1.07647,3.8029608445046894e-09
1.07895,3.798921983517425e-09
1.08143,3.794897377867274e-09
1.08393,3.790854660660372e-09
1.08643,3.78682626281627e-09
1.08893,3.7828121015956665e-09
1.09144,3.77879612321086e-09
1.09396,3.7747784153078395e-09
1.09648,3.770774923568887e-09
1.09901,3.766769763210067e-09
1.10154,3.762778767008672e-09
1.10408,3.758786162075188e-09
1.10662,3.7548076691432815e-09
1.10917,3.750827626370601e-09
1.11173,3.746846117997578e-09
1.11429,3.7428786978715685e-09
1.11686,3.738909869043456e-09
1.11944,3.7349397142397826e-09
1.12202,3.730983622019294e-09
1.1246,3.727041511168537e-09
1.1272,3.7230829039735586e-09
1.1298,3.7191383321549422e-09
1.1324,3.715207714586811e-09
1.13501,3.711275933076425e-09
1.13763,3.7073430671059564e-09
1.14025,3.7034241267812363e-09
1.14288,3.6995041532074904e-09
1.14551,3.695598050155557e-09
1.14815,3.6916909641803233e-09
1.1508,3.6877829724705664e-09
1.15345,3.6838888204394954e-09
1.15611,3.6799938111839945e-09
1.15878,3.6760980204801705e-09
1.16145,3.6722160369424287e-09
1.16413,3.668333318686193e-09
1.16681,3.6644643508909373e-09
1.1695,3.6605946942796005e-09
1.1722,3.656724422423666e-09
1.1749,3.6528678664775017e-09
1.17761,3.649010739465851e-09
1.18032,3.6451672709452468e-09
1.18304,3.6413232747451136e-09
1.18577,3.637478822287951e-09
1.1885,3.6336479918475365e-09
1.19124,3.629816746868693e-09
1.19399,3.6259851574469287e-09
1.19674,3.6221671520959632e-09
1.1995,3.6183488423874656e-09
1.20226,3.6145440580630806e-09
1.20504,3.6107252965306727e-09
1.20781,3.606933762415864e-09
1.2106,3.603128386625963e-09
1.21339,3.5993365150680517e-09
1.21619,3.5955445509522247e-09
1.21899,3.5917660312207186e-09
1.2218,3.587987455154222e-09
1.22462,3.5842088882538604e-09
1.22744,3.580443723392585e-09
1.23027,3.576678602407793e-09
1.2331,3.5729268231695087e-09
1.23595,3.569161935146767e-09
1.2388,3.565410422100976e-09
1.24165,3.5616722066950064e-09
1.24451,3.5579341652440176e-09
1.24738,3.5541963600980258e-09
1.25026,3.5504588531022774e-09
1.25314,3.546734613959276e-09
1.25603,3.5430107033332272e-09
1.25893,3.539287181887842e-09
1.26183,3.5355768811454645e-09
1.26474,3.531866998566529e-09
1.26765,3.5281702745712763e-09
1.27057,3.52447399713421e-09
1.2735,3.52077822509827e-09
1.27644,3.5170830168201207e-09
1.27938,3.5134009319615448e-09
1.28233,3.509719437168484e-09
1.28529,3.506038589671295e-09
1.28825,3.5023708152793916e-09
1.29122,3.4987037131998515e-09
1.2942,3.4950373395549157e-09
1.29718,3.4913839877269066e-09
1.30017,3.4877313880888915e-09
1.30317,3.484079595673053e-09
1.30617,3.4804407728504226e-09
1.30918,3.4768027797739863e-09
1.3122,3.4731656704037976e-09
1.31522,3.469541477505703e-09
1.31826,3.4659062529095e-09
1.3213,3.4622839654067366e-09
1.32434,3.4586745401495683e-09
1.32739,3.4550660928694774e-09
1.33045,3.4514586754350163e-09
1.33352,3.4478523392669525e-09
1.3366,3.4442471353397575e-09
1.33968,3.4406547569419036e-09
1.34276,3.437075129917626e-09
1.34586,3.4334850599687034e-09
1.34896,3.429907758617601e-09
1.35207,3.42633167379671e-09
1.35519,3.422756854482766e-09
1.35831,3.4191947458787938e-09
1.36144,3.415633918278949e-09
1.36458,3.4120744196867083e-09
1.36773,3.4085162976792346e-09
1.37088,3.404970834767126e-09
1.37404,3.401426762264282e-09
1.37721,3.3978841267973373e-09
1.38038,3.3943540904774455e-09
1.38357,3.390814427640621e-09
1.38676,3.3872873761562692e-09
1.38995,3.3837728630456576e-09
1.39316,3.380248898680368e-09
1.39637,3.3767374839332145e-09
1.39959,3.3732276655284007e-09
1.40281,3.3697303293546624e-09
1.40605,3.3662237964551824e-09
1.40929,3.3627297555012267e-09
1.41254,3.3592374076421253e-09
1.41579,3.3557574839138323e-09
1.41906,3.352268611750434e-09
1.42233,3.348792171953532e-09
1.42561,3.3453175179739124e-09
1.42889,3.3418552281609557e-09
1.43219,3.3383842320913556e-09
1.43549,3.334925606995645e-09
1.4388,3.3314688565185306e-09
1.44212,3.3280140208520437e-09
1.44544,3.324571490359732e-09
1.44877,3.321130880106191e-09
1.45211,3.3176922294589095e-09
1.45546,3.314255577410835e-09
1.45881,3.310831166450364e-09
1.46218,3.3073985906501533e-09
1.46555,3.3039782595017102e-09
1.46893,3.3005600069589493e-09
1.47231,3.2971539296364416e-09
1.47571,3.2937399103919124e-09
1.47911,3.2903380686633732e-09
1.48252,3.2869383819728225e-09
1.48594,3.283540886642058e-09
1.48936,3.2801554997432843e-09
1.49279,3.276772305277924e-09
1.49624,3.2733815280035186e-09
1.49968,3.270012635557004e-09
1.50314,3.2666362303816183e-09
1.50661,3.2632621578034143e-09
1.51008,3.2599001235262494e-09
1.51356,3.25654042076909e-09
1.51705,3.2531830833247836e-09
1.52055,3.249828144646385e-09
1.52405,3.2464851721219158e-09
1.52757,3.2431350958981045e-09
1.53109,3.2397969831782696e-09
1.53462,3.2364613321037053e-09
1.53815,3.2331375736766284e-09
1.5417,3.229806908226848e-09
1.54525,3.2264881317269255e-09
1.54882,3.223162578014078e-09
1.55239,3.219848908652043e-09
1.55597,3.2165378224581437e-09
1.55955,3.213238549234785e-09
1.56315,3.2099326874733984e-09
1.56675,3.206638633104439e-09
1.57036,3.2033472165456968e-09
1.57398,3.2000584672680783e-09
1.57761,3.19677241443098e-09
1.58125,3.193489086884004e-09
1.58489,3.19021748499751e-09
1.58855,3.1869396612399267e-09
1.59221,3.1836735553756792e-09
1.59588,3.180410223499478e-09
1.59956,3.1771496932337166e-09
1.60325,3.1738919919013243e-09
1.60694,3.1706459276994063e-09
1.61065,3.167393933580712e-09
1.61436,3.164153567171745e-09
1.61808,3.1609160737357945e-09
1.62181,3.1576814794171166e-09
1.62555,3.15444981007069e-09
1.6293,3.1512210912639025e-09
1.63305,3.1480039120553396e-09
1.63682,3.1447811392204055e-09
1.64059,3.1415698946352597e-09
1.64437,3.1383616392466082e-09
1.64816,3.135156397498994e-09
1.65196,3.131954193559369e-09
1.65577,3.1287550513187645e-09
1.65959,3.125558994393963e-09
1.66341,3.1223743679053165e-09
1.66725,3.1191845215558575e-09
1.67109,3.1160060921527392e-09
1.67494,3.1128307807424542e-09
1.6788,3.1096586098815238e-09
1.68267,3.106489601861991e-09
1.68655,3.1033237787130694e-09
1.69044,3.100161162202786e-09
1.69434,3.0970017738396274e-09
1.69824,3.0938536924009092e-09
1.70216,3.0907007949399115e-09
1.70608,3.0875591886241484e-09
1.71002,3.0844128654029614e-09
1.71396,3.0812778169112986e-09
1.71791,3.0781460634970198e-09
1.72187,3.075017625178601e-09
1.72584,3.071892521727703e-09
1.72982,3.0687707726707762e-09
1.7338,3.0656601987829994e-09
1.7378,3.0625451881462976e-09
1.74181,3.059433589120553e-09
1.74582,3.056333138184126e-09
1.74985,3.05322839013127e-09
1.75388,3.0501347714409706e-09
1.75792,3.047044582327189e-09
1.76198,3.043950232800412e-09
1.76604,3.04086698356338e-09
1.77011,3.037787216812907e-09
1.77419,3.0347109497577896e-09
1.77828,3.0316381993802138e-09
1.78238,3.02856898243731e-09
1.78649,3.025503315462705e-09
1.79061,3.0224412147680684e-09
1.79473,3.0193900887907732e-09
1.79887,3.016335142176598e-09
1.80302,3.0132838095513864e-09
1.80717,3.010243419431182e-09
1.81134,3.007199334622703e-09
1.81552,3.00415890956908e-09
1.8197,3.0011293936868725e-09
1.8239,2.9980963063399637e-09
1.8281,2.9950741053878092e-09
1.83231,2.99205557065745e-09
1.83654,2.9890335850332515e-09
1.84077,2.9860224508326015e-09
1.84502,2.983007944642657e-09
1.84927,2.980004265940261e-09
1.85353,2.9770043224410565e-09
1.8578,2.9740081273756093e-09
1.86209,2.971008714696955e-09
1.86638,2.9680200804559885e-09
1.87068,2.96503523307725e-09
1.87499,2.9620541850123048e-09
1.87932,2.9590700691821395e-09
1.88365,2.956096681039574e-09
1.88799,2.95312712833758e-09
1.89234,2.950161422771758e-09
1.89671,2.9471927948634488e-09
1.90108,2.944234842274049e-09
1.90546,2.9412807707145297e-09
1.90985,2.9383305911472173e-09
1.91426,2.9353776303368112e-09
1.91867,2.9324352909377864e-09
1.92309,2.9294968752591653e-09
1.92752,2.926562393552329e-09
1.93197,2.9236252674793424e-09
1.93642,2.9206987074492586e-09
1.94089,2.917769569923454e-09
1.94536,2.9148509701636317e-09
1.94984,2.9119363528765477e-09
1.95434,2.9090192565095393e-09
1.95884,2.9061126549341187e-09
1.96336,2.9032036386260685e-09
1.96789,2.9002986868447776e-09
1.97242,2.897404186020036e-09
1.97697,2.894507365118793e-09
1.98153,2.8916146333058904e-09
1.98609,2.888732307921489e-09
1.99067,2.8858477549344335e-09
1.99526,2.882967314178166e-09
1.99986,2.8800909930300174e-09
2.00447,2.877218798714926e-09
2.00909,2.8743507383067055e-09
2.01372,2.871486818729318e-09
2.01837,2.8686208945840596e-09
2.02302,2.8657652989945105e-09
2.02768,2.8629138640398672e-09
2.03236,2.8600605101291615e-09
2.03704,2.8572174372166526e-09
2.04174,2.85437250128653e-09
2.04644,2.8515378143001524e-09
2.05116,2.8487013193482226e-09
2.05589,2.8458690639757516e-09
2.06063,2.843041053436993e-09
2.06538,2.8402172928507014e-09
2.07014,2.8373977872013238e-09
2.07491,2.8345825413401783e-09
2.0797,2.8317656898989306e-09
2.08449,2.8289589987915013e-09
2.0893,2.8261507533373822e-09
2.09411,2.823352634505306e-09
2.09894,2.8205530117313164e-09
2.10378,2.8177577166801964e-09
2.10863,2.8149667530696594e-09
2.11349,2.8121801244944203e-09
2.11836,2.8093978344273187e-09
2.12324,2.8066198862204332e-09
2.12814,2.803840621371164e-09
2.13304,2.8010713868740864e-09
2.13796,2.79830088255335e-09
2.14289,2.795534772792793e-09
2.14783,2.792773060126886e-09
2.15278,2.790015746976837e-09
2.15774,2.7872628356516616e-09
2.16272,2.784508808159071e-09
2.1677,2.7817647268814955e-09
2.1727,2.779019573219527e-09
2.17771,2.776278869006504e-09
2.18273,2.7735426157796104e-09
2.18776,2.7708108149710734e-09
2.1928,2.768083467909187e-09
2.19786,2.765355193713509e-09
2.20293,2.7626314145013137e-09
2.208,2.7599174743251965e-09
2.21309,2.757202668061738e-09
2.2182,2.75448705425172e-09
2.22331,2.7517812619688383e-09
2.22844,2.7490747012688162e-09
2.23357,2.7463779243030134e-09
2.23872,2.743680417374177e-09
2.24388,2.740987446798632e-09
2.24905,2.7382990123905076e-09
2.25424,2.7356099419907313e-09
2.25944,2.732925444523955e-09
2.26464,2.7302506538307247e-09
2.26986,2.7275752815501868e-09
2.2751,2.7248993825639175e-09
2.28034,2.722233169242891e-09
2.2856,2.719566464024667e-09
2.29087,2.716904363031981e-09
2.29615,2.7142468648715804e-09
2.30144,2.711593968070166e-09
2.30675,2.7089406833493557e-09
2.31206,2.706297002564089e-09
2.31739,2.7036529664798556e-09
2.32274,2.701008627088314e-09
2.32809,2.6983738676444338e-09
2.33346,2.6957388362749586e-09
2.33884,2.693108464285333e-09
2.34423,2.6904827491732566e-09
2.34963,2.6878616883660364e-09
2.35505,2.685240451750551e-09
2.36048,2.682623899049617e-09
2.36592,2.6800120272752822e-09
2.37137,2.677404833373435e-09
2.37684,2.6747975563577966e-09
2.38232,2.672194985381858e-09
2.38781,2.6695971169908356e-09
2.39332,2.666999241378295e-09
2.39883,2.6644107845897023e-09
2.40436,2.6618223473454874e-09
2.40991,2.659233976762105e-09
2.41546,2.656654996288222e-09
2.42103,2.6540761081295794e-09
2.42661,2.6515019632777183e-09
2.4322,2.648932557399393e-09
2.43781,2.6463633146582494e-09
2.44343,2.643798835215165e-09
2.44906,2.641239114375443e-09
2.45471,2.6386796255450017e-09
2.46037,2.6361249185849688e-09
2.46604,2.6335749884499166e-09
2.47172,2.6310298300465397e-09
2.47742,2.6284849816897102e-09
2.48313,2.6259449270712462e-09
2.48886,2.623405236540461e-09
2.49459,2.62087476911166e-09
2.50035,2.6183402946409863e-09
2.50611,2.6158150317992375e-09
2.51189,2.613290206367248e-09
2.51768,2.6107702044410878e-09
2.52348,2.6082550199464367e-09
2.5293,2.605740333852712e-09
2.53513,2.6032304842500027e-09
2.54097,2.600725464757192e-09
2.54683,2.5982210028971915e-09
2.5527,2.595721389268396e-09
2.55859,2.593222382110658e-09
2.56448,2.590732460257366e-09
2.5704,2.5882389577460946e-09
2.57632,2.5857545266400658e-09
2.58226,2.583270766453878e-09
2.58821,2.5807918743068234e-09
2.59418,2.5783136994595383e-09
2.60016,2.5758404082670968e-09
2.60615,2.5733719932443965e-09
2.61216,2.5709043484511085e-09
2.61818,2.5684415945842553e-09
2.62422,2.5659796552574013e-09
2.63027,2.563522620944312e-09
2.63633,2.5610704836676165e-09
2.64241,2.558619211068455e-09
2.6485,2.556172848769346e-09
2.65461,2.5537273934539433e-09
2.66073,2.5512868610573087e-09
2.66686,2.548851243136968e-09
2.67301,2.5464165796399225e-09
2.67917,2.5439868424488066e-09
2.68534,2.5415620228912315e-09
2.69153,2.5391382037084085e-09
2.69774,2.536715418905136e-09
2.70396,2.5342975822742857e-09
2.71019,2.53188468473023e-09
2.71644,2.529472865297674e-09
2.7227,2.527065994807774e-09
2.72898,2.5246602401302624e-09
2.73527,2.52225944366335e-09
2.74157,2.5198635959192123e-09
2.74789,2.5174689052417543e-09
2.75423,2.515075403494222e-09
2.76058,2.5126868768264373e-09
2.76694,2.5103033153762322e-09
2.77332,2.5079209820236945e-09
2.77971,2.5055436213274003e-09
2.78612,2.503167523144168e-09
2.79254,2.500796404509289e-09
2.79898,2.498426582070297e-09
2.80543,2.4960617455343934e-09
2.8119,2.49369823815447e-09
2.81838,2.4913397225041e-09
2.82488,2.4889825682568532e-09
2.83139,2.486630411046379e-09
2.83792,2.4842796467829353e-09
2.84446,2.4819338843531875e-09
2.85102,2.4795895457207908e-09
2.85759,2.477250213217583e-09
2.86418,2.4749123346780483e-09
2.87078,2.472579466070549e-09
2.8774,2.470248080918563e-09
2.88403,2.4679217090175173e-09
2.89068,2.46559684939879e-09
2.89734,2.4632770058745855e-09
2.90402,2.4609587028038475e-09
2.91072,2.4586419667138877e-09
2.91743,2.456330262717794e-09
2.92415,2.4540235790564603e-09
2.93089,2.451718490224854e-09
2.93765,2.449415021932777e-09
2.94442,2.4471165884372e-09
2.95121,2.444819801303562e-09
2.95801,2.4425280496312078e-09
2.96483,2.440237969529488e-09
2.97167,2.4379495856601914e-09
2.97852,2.4356662496571198e-09
2.98538,2.4333879491142407e-09
2.99226,2.4311113687182766e-09
2.99916,2.4288365323582e-09
3.00608,2.426563463679058e-09
3.01301,2.4242954528174605e-09
3.01995,2.4220324870063323e-09
3.02691,2.4197713106350725e-09
3.03389,2.4175119466003494e-09
3.04089,2.4152544175612947e-09
3.04789,2.4130051605845206e-09
3.05492,2.4107545405753766e-09
3.06196,2.408508982579091e-09
3.06902,2.406265301200195e-09
3.0761,2.4040235181423088e-09
3.08319,2.401786803827112e-09
3.0903,2.3995520074273853e-09
3.09742,2.3973222759582652e-09
3.10456,2.3950944814746686e-09
3.11172,2.392868644754621e-09
3.11889,2.3906478779631925e-09
3.12608,2.388429087113223e-09
3.13329,2.386212292420559e-09
3.14051,2.3840005715736957e-09
3.14775,2.3817908641899866e-09
3.155,2.379586225225088e-09
3.16228,2.3773805923882837e-09
3.16957,2.375180044423931e-09
3.17687,2.3729845671370043e-09
3.1842,2.3707881644559028e-09
3.19154,2.368596848073279e-09
3.1989,2.366407634609335e-09
3.20627,2.36422350054131e-09
3.21366,2.362041484199804e-09
3.22107,2.3598616036578277e-09
3.22849,2.3576868023872004e-09
3.23594,2.3555112360770914e-09
3.2434,2.3533407627135463e-09
3.25087,2.351175367506298e-09
3.25837,2.349009270062377e-09
3.26588,2.3468482636817173e-09
3.27341,2.3446894717773018e-09
3.28095,2.342535762135165e-09
3.28852,2.3403814384938004e-09
3.2961,2.3382322089492695e-09
3.3037,2.3360852385698753e-09
3.31131,2.333943352729986e-09
3.31894,2.3318037371651684e-09
3.3266,2.329663618846971e-09
3.33426,2.327531379525408e-09
3.34195,2.3253986683117417e-09
3.34965,2.3232710471463674e-09
3.35738,2.3211430047289083e-09
3.36512,2.319020061848081e-09
3.37287,2.3169022028352004e-09
3.38065,2.3147839767868902e-09
3.38844,2.312670843425649e-09
3.39625,2.3105600893245542e-09
3.40408,2.3084517285599396e-09
3.41193,2.306345775030718e-09
3.41979,2.304244910381476e-09
3.42768,2.3021438024714404e-09
3.43558,2.3000477907518985e-09
3.4435,2.2979542206001494e-09
3.45144,2.2958631051436284e-09
3.45939,2.293777076428868e-09
3.46737,2.2916908993952646e-09
3.47536,2.2896098152501572e-09
3.48337,2.287531217452919e-09
3.4914,2.2854551183864075e-09
3.49945,2.2833815302683184e-09
3.50752,2.281310465152308e-09
3.5156,2.2792444871063647e-09
3.52371,2.2771784940753463e-09
3.53183,2.2751175926284095e-09
3.53997,2.2730592420932946e-09
3.54813,2.2710034538163557e-09
3.55631,2.2689502389864042e-09
3.56451,2.266899608635809e-09
3.57273,2.2648515736415918e-09
3.58096,2.2628086224561317e-09
3.58922,2.2607658010273465e-09
3.59749,2.2587280661439855e-09
3.60579,2.256690500078604e-09
3.6141,2.2546580228176336e-09
3.62243,2.252628184975979e-09
3.63078,2.250600996467994e-09
3.63915,2.2485764670611434e-09
3.64754,2.2465546063770634e-09
3.65595,2.244535423892625e-09
3.66438,2.2425189289409927e-09
3.67282,2.240507509496659e-09
3.68129,2.23849640823416e-09
3.68978,2.2364880216832826e-09
3.69828,2.2344847110808976e-09
3.70681,2.232481771407653e-09
3.71535,2.2304839074509703e-09
3.72392,2.2284864487512506e-09
3.7325,2.22649406511336e-09
3.74111,2.224502120395267e-09
3.74973,2.222515249669214e-09
3.75837,2.2205311430286814e-09
3.76704,2.2185475245845473e-09
3.77572,2.216568977786406e-09
3.78443,2.214590951222713e-09
3.79315,2.2126179942309e-09
3.80189,2.2106478388742956e-09
3.81066,2.2086782506315906e-09
3.81944,2.206713728143268e-09
3.82825,2.2047498032352914e-09
3.83707,2.2027909410501063e-09
3.84592,2.2008327062977716e-09
3.85478,2.1988795308665514e-09
3.86367,2.1969270121150577e-09
3.87258,2.194977364824201e-09
3.8815,2.193032771054471e-09
3.89045,2.191088876707007e-09
3.89942,2.1891478717163306e-09
3.90841,2.1872097618053826e-09
3.91742,2.1852745525824157e-09
3.92645,2.1833422495419338e-09
3.9355,2.1814128580656246e-09
3.94457,2.1794863834232897e-09
3.95367,2.1775607185913193e-09
3.96278,2.1756401008275845e-09
3.97192,2.1737203185015888e-09
3.98107,2.171805577260226e-09
3.99025,2.1698916965355657e-09
3.99945,2.167980777373555e-09
4.00867,2.16607282420036e-09
4.01791,2.1641678413378313e-09
4.02717,2.1622658330043916e-09
4.03645,2.1603668033159225e-09
4.04576,2.158468721323597e-09
4.05509,2.1565736410425543e-09
4.06443,2.1546835860458867e-09
4.0738,2.152794512757168e-09
4.08319,2.1509084520977357e-09
4.09261,2.1490234101224903e-09
4.10204,2.147143392361376e-09
4.1115,2.14526441468176e-09
4.12098,2.1433884775280334e-09
4.13048,2.141515583871524e-09
4.14,2.1396457365910756e-09
4.14954,2.1377789384738814e-09
4.15911,2.135913246327255e-09
4.16869,2.1340525617801894e-09
4.1783,2.1321930027686153e-09
4.18794,2.130334593311972e-09
4.19759,2.1284811912700186e-09
4.20727,2.126628957505496e-09
4.21697,2.1247798182388334e-09
4.22669,2.1229337753901643e-09
4.23643,2.121090830795883e-09
4.2462,2.1192491046428955e-09
4.25598,2.1174123687484162e-09
4.2658,2.1155750009816122e-09
4.27563,2.113742626410403e-09
4.28549,2.1119115181954775e-09
4.29536,2.1100853918023443e-09
4.30527,2.10825870817489e-09
4.31519,2.1064370085156113e-09
4.32514,2.104616620941226e-09
4.33511,2.1027993860852166e-09
4.3451,2.10098530467634e-09
4.35512,2.099172571634509e-09
4.36516,2.0973630067627446e-09
4.37522,2.0955566104919753e-09
4.38531,2.0937515976127388e-09
4.39542,2.0919497673245852e-09
4.40555,2.090151119768646e-09
4.4157,2.0883556550173975e-09
4.42588,2.0865616140505382e-09
4.43609,2.084769016532628e-09
4.44631,2.082981373691626e-09
4.45656,2.081195186874116e-09
4.46684,2.0794104752560204e-09
4.47713,2.0776307105408405e-09
4.48745,2.0758524329166164e-09
4.4978,2.0740756610797102e-09
4.50817,2.0723021205836255e-09
4.51856,2.0705318105482262e-09
4.52898,2.0687630357313226e-09
4.53942,2.0669975021174873e-09
4.54988,2.065235208573062e-09
4.56037,2.0634744785660268e-09
4.57088,2.0617169987309565e-09
4.58142,2.0599611048759083e-09
4.59198,2.0582084708311967e-09
4.60257,2.0564574446598255e-09
4.61318,2.0547096874803416e-09
4.62381,2.0529651975463705e-09
4.63447,2.0512223411744517e-09
4.64515,2.049482760626822e-09
4.65586,2.047744834257544e-09
4.66659,2.0460101918522765e-09
4.67735,2.044277223718631e-09
4.68813,2.042547547256821e-09
4.69894,2.040819564644338e-09
4.70977,2.039094880986722e-09
4.72063,2.0373719102479863e-09
4.73151,2.035652245329393e-09
4.74242,2.033934311898444e-09
4.75335,2.0322196907421393e-09
4.76431,2.0305068191487593e-09
4.77529,2.028797265880671e-09
4.7863,2.027089479764555e-09
4.79733,2.025385017627382e-09
4.80839,2.0236823397521927e-09
4.81948,2.021981460296836e-09
4.83059,2.0202839183172368e-09
4.84172,2.0185897104363013e-09
4.85289,2.0168958059861765e-09
4.86407,2.0152067594493646e-09
4.87528,2.0135195456645542e-09
4.88652,2.0118341779738063e-09
4.89779,2.0101506695588088e-09
4.90908,2.008470518813898e-09
4.9204,2.006792242045578e-09
4.93174,2.005117326230313e-09
4.94311,2.003444298656081e-09
4.9545,2.0017746349680202e-09
4.96592,2.0001068733558287e-09
4.97737,1.9984410260704283e-09
4.98884,1.996778551888059e-09
5.00035,1.9951165639463695e-09
5.01187,1.993459397785352e-09
5.02343,1.9918027414153965e-09
5.03501,1.9901494726168513e-09
5.04661,1.988499586679831e-09
5.05825,1.986850250296606e-09
5.06991,1.985204308584145e-09
5.08159,1.9835617566237938e-09
5.09331,1.9819197927680865e-09
5.10505,1.980281229829664e-09
5.11682,1.9786446748644726e-09
5.12861,1.977011521014548e-09
5.14044,1.975379008302002e-09
5.15229,1.973749906996444e-09
5.16416,1.972124211696876e-09
5.17607,1.97049919330113e-09
5.188,1.968877590594686e-09
5.19996,1.9672580464130672e-09
5.21195,1.9656405704529055e-09
5.22396,1.9640265136631456e-09
5.236,1.962414533952116e-09
5.24807,1.9608046406690775e-09
5.26017,1.959196843031757e-09
5.2723,1.9575911501272593e-09
5.28445,1.955988887152739e-09
5.29663,1.954388736745145e-09
5.30884,1.952790707657151e-09
5.32108,1.9511948085143384e-09
5.33335,1.949601047816095e-09
5.34564,1.9480107254835334e-09
5.35797,1.9464212617846457e-09
5.37032,1.944835243090293e-09
5.3827,1.943251385908395e-09
5.39511,1.9416696981720544e-09
5.40754,1.9400914549930323e-09
5.42001,1.9385141246658553e-09
5.4325,1.9369402446021475e-09
5.44503,1.9353673020443476e-09
5.45758,1.933797815050528e-09
5.47016,1.932230533167954e-09
5.48277,1.9306654635519065e-09
5.49541,1.9291026132426875e-09
5.50808,1.927541989166477e-09
5.52077,1.925984822890092e-09
5.5335,1.924428666963358e-09
5.54626,1.92287475738867e-09
5.55904,1.9213243115231626e-09
5.57186,1.9197749093843407e-09
5.5847,1.9182289744332233e-09
5.59758,1.916684104834508e-09
5.61048,1.9151427055352773e-09
5.62341,1.9136035808088237e-09
5.63638,1.9120655529521896e-09
5.64937,1.910530999398977e-09
5.66239,1.908998737730217e-09
5.67545,1.9074676033561037e-09
5.68853,1.9059399464997407e-09
5.70164,1.9044145979092975e-09
5.71479,1.9028904059687152e-09
5.72796,1.9013696939916594e-09
5.74116,1.8998513057536626e-09
5.7544,1.898334102473853e-09
5.76766,1.896820380855556e-09
5.78096,1.8953078624929058e-09
5.79429,1.8937976957577545e-09
5.80764,1.892291011635556e-09
5.82103,1.890785557369616e-09
5.83445,1.889282468056753e-09
5.8479,1.88778174794661e-09
5.86138,1.8862834011966827e-09
5.87489,1.8847874318730822e-09
5.88844,1.883292742959916e-09
5.90201,1.881801544514147e-09
5.91562,1.8803116425097495e-09
5.92925,1.8788252300658993e-09
5.94292,1.8773401296783587e-09
5.95662,1.875857437460946e-09
5.97035,1.8743771568146173e-09
5.98412,1.8728982190731147e-09
5.99791,1.8714227755139647e-09
6.01174,1.869948689374997e-09
6.0256,1.868477035656315e-09
6.03949,1.8670078172938827e-09
6.05341,1.8655410371422265e-09
6.06736,1.8640766979751535e-09
6.08135,1.862613758777436e-09
6.09537,1.8611532738307785e-09
6.10942,1.8596952456254126e-09
6.1235,1.8582396765738394e-09
6.13762,1.856785541136059e-09
6.15177,1.8553338772890158e-09
6.16595,1.8538846871709276e-09
6.18016,1.852437972845213e-09
6.19441,1.850992724028236e-09
6.20869,1.849549962636302e-09
6.223,1.8481096904676778e-09
6.23735,1.8466709085289076e-09
6.25173,1.8452346268382117e-09
6.26614,1.8438008469355542e-09
6.28058,1.8423695702911387e-09
6.29506,1.8409398127918616e-09
6.30957,1.8395125688147735e-09
6.32412,1.8380868615870778e-09
6.3387,1.8366636777326438e-09
6.35331,1.8352430182949719e-09
6.36796,1.8338239174357979e-09
6.38263,1.8324083133963765e-09
6.39735,1.8309933176279514e-09
6.4121,1.829580864463606e-09
6.42688,1.8281709545387671e-09
6.44169,1.8267635884268107e-09
6.45654,1.8253578218078576e-09
6.47143,1.823953665982339e-09
6.48634,1.8225530073261873e-09
6.5013,1.8211530332597127e-09
6.51628,1.8197565567951635e-09
6.53131,1.818360786698975e-09
6.54636,1.8169685143197067e-09
6.56145,1.815577889401738e-09
6.57658,1.8141889224329246e-09
6.59174,1.812802536515112e-09
6.60693,1.8114187313696079e-09
6.62217,1.8100356951361023e-09
6.63743,1.8086561551334831e-09
6.65273,1.8072783028022756e-09
6.66807,1.8059021479497183e-09
6.68344,1.804528592198139e-09
6.69885,1.803156746306864e-09
6.71429,1.8017875048462126e-09
6.72977,1.8004199852421254e-09
6.74528,1.7990550750667951e-09
6.76083,1.7976918983648569e-09
6.77642,1.7963304641678169e-09
6.79204,1.7949716496311833e-09
6.80769,1.7936154535341832e-09
6.82339,1.7922601514278864e-09
6.83912,1.7909074784187958e-09
6.85488,1.7895574330697013e-09
6.87068,1.7882091622040086e-09
6.88652,1.7868626741154161e-09
6.9024,1.7855179769806424e-09
6.91831,1.784175920765861e-09
6.93426,1.782835665031375e-09
6.95024,1.7814980530834742e-09
6.96627,1.7801614185733613e-09
6.98232,1.7788282658556964e-09
6.99842,1.7774961058064554e-09
7.01455,1.776166600756136e-09
7.03072,1.774838929050305e-09
7.04693,1.773513097949498e-09
7.06318,1.7721891146050307e-09
7.07946,1.7708677961152009e-09
7.09578,1.7695483331165847e-09
7.11214,1.7682307324708075e-09
7.12853,1.7669158016618845e-09
7.14496,1.7656027404382384e-09
7.16143,1.76429155537835e-09
7.17794,1.7629822529567628e-09
7.19449,1.7616748395448456e-09
7.21107,1.7603701068239245e-09
7.2277,1.7590664871058376e-09
7.24436,1.757765554274658e-09
7.26106,1.7564665289169512e-09
7.2778,1.7551694169321848e-09
7.29458,1.753874224121106e-09
7.31139,1.7525817235885678e-09
7.32825,1.7512903831721645e-09
7.34514,1.7500017402446354e-09
7.36207,1.7487150328494585e-09
7.37904,1.7474302663370937e-09
7.39605,1.7461474459636312e-09
7.4131,1.7448665768915234e-09
7.43019,1.743587664190309e-09
7.44732,1.7423107128373375e-09
7.46449,1.7410357277184893e-09
7.4817,1.7397627136288937e-09
7.49894,1.7384924106820802e-09
7.51623,1.7372233498321966e-09
7.53356,1.7359562738701219e-09
7.55092,1.7346919141424582e-09
7.56833,1.733428818373253e-09
7.58578,1.7321677205590997e-09
7.60326,1.7309093433803422e-09
7.62079,1.7296522511483602e-09
7.63836,1.72839716916628e-09
7.65597,1.72714410136052e-09
7.67361,1.725893759011292e-09
7.6913,1.7246447282654642e-09
7.70903,1.7233977229899891e-09
7.72681,1.7221520475368955e-09
7.74462,1.7209091066263767e-09
7.76247,1.7196682017305997e-09
7.78037,1.7184286450624162e-09
7.7983,1.7171918248748959e-09
7.81628,1.7159563647385906e-09
7.8343,1.7147229588959523e-09
7.85236,1.7134916103666747e-09
7.87046,1.7122623220948533e-09
7.8886,1.7110350969496336e-09
7.90679,1.7098092651302287e-09
7.92501,1.7085861771589178e-09
7.94328,1.7073644930838812e-09
7.96159,1.7061448880465908e-09
7.97995,1.7049267023107508e-09
7.99834,1.703711265271913e-09
8.01678,1.7024972573948456e-09
8.03526,1.7012853431233996e-09
8.05378,1.7000755246218912e-09
8.07235,1.6988671545407034e-09
8.09096,1.6976608894016777e-09
8.10961,1.696456731136313e-09
8.12831,1.695254039710478e-09
8.14704,1.6940541032170696e-09
8.16582,1.6928556420690038e-09
8.18465,1.6916586653675725e-09
8.20352,1.6904638140634577e-09
8.22243,1.6892710896403921e-09
8.24138,1.6880804935194206e-09
8.26038,1.6868914024408776e-09
8.27942,1.6857044471830164e-09
8.29851,1.6845190091902163e-09
8.31764,1.6833357141999475e-09
8.33681,1.6821545632715025e-09
8.35603,1.6809749448561194e-09
8.37529,1.6797974772167116e-09
8.3946,1.6786215534248816e-09
8.41395,1.677447786799772e-09
8.43335,1.6762755750006375e-09
8.45279,1.6751055264408813e-09
8.47227,1.6739376416945611e-09
8.4918,1.6727713252538754e-09
8.51138,1.6716065845574674e-09
8.531,1.6704440183218439e-09
8.55067,1.6692830377729925e-09
8.57038,1.6681242368347356e-09
8.59014,1.6669670311911393e-09
8.60994,1.6658120100106821e-09
8.62979,1.6646585934034394e-09
8.64968,1.6635073658197057e-09
8.66962,1.6623577517636305e-09
8.6896,1.6612103310043028e-09
8.70964,1.6600639614860622e-09
8.72971,1.6589203624081277e-09
8.74984,1.6577778273389623e-09
8.77001,1.6566374976904332e-09
8.79023,1.655498810936068e-09
8.81049,1.6543623329922641e-09
8.8308,1.6532275056025788e-09
8.85116,1.6520943346683306e-09
8.87156,1.6509633793006928e-09
8.89201,1.6498340875781859e-09
8.91251,1.6487064651452598e-09
8.93305,1.6475810643874906e-09
8.95365,1.6464567949576008e-09
8.97429,1.645334753767156e-09
8.99498,1.6442143992862449e-09
9.01571,1.6430962750460817e-09
9.03649,1.6419798436362157e-09
9.05733,1.6408645760089594e-09
9.07821,1.6397515474458085e-09
9.09913,1.6386407565529511e-09
9.12011,1.6375311461940355e-09
9.14113,1.6364237788798123e-09
9.1622,1.635318129333434e-09
9.18333,1.634213680456539e-09
9.2045,1.6331114821126703e-09
9.22571,1.6320115325640928e-09
9.24698,1.6309127989365263e-09
9.2683,1.6298158050875057e-09
9.28966,1.628721066684537e-09
9.31108,1.6276275627734e-09
9.33254,1.626536318379741e-09
9.35406,1.6254463204233386e-09
9.37562,1.6243585857694543e-09
9.39723,1.6232726106996885e-09
9.4189,1.6221878993456328e-09
9.44061,1.6211054564496515e-09
9.46237,1.6200247840203612e-09
9.48418,1.6189458855362282e-09
9.50605,1.6178682726347602e-09
9.52796,1.6167929341115167e-09
9.54993,1.6157188916098782e-09
9.57194,1.6146471260432575e-09
9.59401,1.613576666616392e-09
9.61612,1.6125084864215974e-09
9.63829,1.6114416221689122e-09
9.66051,1.6103765608086867e-09
9.68278,1.6093133051470783e-09
9.7051,1.6082518579210272e-09
9.72747,1.607192221798849e-09
9.7499,1.6061339284902974e-09
9.77237,1.6050779241638597e-09
9.7949,1.6040232713455746e-09
9.81748,1.602970443304246e-09
9.84011,1.6019194423525167e-09
9.86279,1.6008702707379709e-09
9.88553,1.5998224707787455e-09
9.90832,1.5987765080852906e-09
9.93116,1.5977323846922805e-09
9.95405,1.596690102571676e-09
9.977,1.595649210981062e-09
10.0,1.5946101679925314e-09
10.0231,1.5935707299499364e-09
10.0462,1.59253539826504e-09
10.0693,1.5915041480001443e-09
10.0925,1.590472516480788e-09
10.1158,1.589440531610369e-09
10.1391,1.5884126239525407e-09
10.1625,1.5873843832206397e-09
10.1859,1.586360204935231e-09
10.2094,1.5853357134869928e-09
10.2329,1.584315269630896e-09
10.2565,1.5832945321625023e-09
10.2802,1.5822735278209047e-09
10.3039,1.5812565655915182e-09
10.3276,1.5802436208911168e-09
10.3514,1.5792304205854887e-09
10.3753,1.5782169907931432e-09
10.3992,1.577207572545176e-09
10.4232,1.5761979429712199e-09
10.4472,1.5751923094978155e-09
10.4713,1.5741864825213569e-09
10.4954,1.5731846361339761e-09
10.5196,1.572182613733488e-09
10.5439,1.5711804403345642e-09
10.5682,1.5701822403977582e-09
10.5925,1.5691879897374245e-09
10.617,1.5681895297617723e-09
10.6414,1.567199086709341e-09
10.666,1.5662044830057278e-09
10.6905,1.5652178480701964e-09
10.7152,1.5642271005725302e-09
10.7399,1.5632402865984783e-09
10.7647,1.5622534107264924e-09
10.7895,1.5612704520768248e-09
10.8143,1.5602913867920207e-09
10.8393,1.5593083423967251e-09
10.8643,1.5583292063355805e-09
10.8893,1.5573539547709888e-09
10.9144,1.556378686220779e-09
10.9396,1.555403423331186e-09
10.9648,1.5544320355887452e-09
10.9901,1.5534606675890893e-09
11.0154,1.552493158048726e-09
11.0408,1.5515256820509833e-09
11.0662,1.550562047797087e-09
11.0917,1.5495984606076077e-09
11.1173,1.5486349421468988e-09
11.1429,1.5476752551944005e-09
11.1686,1.5467156499260075e-09
11.1944,1.545756147567763e-09
11.2202,1.544800465956881e-09
11.246,1.543848581772293e-09
11.272,1.5428931368792183e-09
11.298,1.5419415015536098e-09
11.324,1.5409936525162952e-09
11.3501,1.5400459428167086e-09
11.3763,1.539098392749741e-09
11.4025,1.5381546174313925e-09
11.4288,1.5372110131022752e-09
11.4551,1.5362711660622716e-09
11.4815,1.535331501124119e-09
11.508,1.5343920379249108e-09
11.5345,1.5334563198796654e-09
11.5611,1.5325208141745505e-09
11.5878,1.5315855400403853e-09
11.6145,1.5306539984727743e-09
11.6413,1.5297226985768703e-09
11.6681,1.5287951133942147e-09
11.695,1.527867779757716e-09
11.722,1.526940716268299e-09
11.749,1.5260173543696563e-09
11.7761,1.5250942720096642e-09
11.8032,1.5241748732215795e-09
11.8304,1.5232557631478124e-09
11.8577,1.5223369597767473e-09
11.885,1.5214218263547883e-09
11.9124,1.5205070083455119e-09
11.9399,1.519592523357995e-09
11.9674,1.5186816943043971e-09
11.995,1.5177712065274026e-09
12.0226,1.5168643563650932e-09
12.0504,1.5159545895387592e-09
12.0781,1.515051721060546e-09
12.106,1.5141459698106909e-09
12.1339,1.5132438454238625e-09
12.1619,1.5123421116371785e-09
12.1899,1.5114439861093362e-09
12.218,1.510546258370588e-09
12.2462,1.5096489447241613e-09
12.2744,1.5087552241769081e-09
12.3027,1.5078619244928072e-09
12.331,1.5069721992178196e-09
12.3595,1.5060797763641333e-09
12.388,1.505190934282293e-09
12.4165,1.5043056510022635e-09
12.4451,1.5034208170914891e-09
12.4738,1.5025364479627048e-09
12.5026,1.5016525588831162e-09
12.5314,1.5007722155705913e-09
12.5603,1.4998923578831772e-09
12.5893,1.4990130007543413e-09
12.6183,1.4981371729891776e-09
12.6474,1.4972618509797512e-09
12.6765,1.4963900392209952e-09
12.7057,1.4955187382612415e-09
12.735,1.4946479625234797e-09
12.7644,1.4937777262911068e-09
12.7938,1.4929109858641276e-09
12.8233,1.4920447894104258e-09
12.8529,1.4911791508968345e-09
12.8825,1.490316990983817e-09
12.9122,1.4894553931282464e-09
12.942,1.4885943709860274e-09
12.9718,1.4877368099964993e-09
13.0017,1.486879828496245e-09
13.0317,1.4860234398358278e-09
13.0617,1.4851704946486585e-09
13.0918,1.484318145744836e-09
13.122,1.4834664061751187e-09
13.1522,1.4826180921789068e-09
13.1826,1.4817675985925367e-09
13.213,1.4809205335041567e-09
13.2434,1.4800768758111382e-09
13.2739,1.479233846101627e-09
13.3045,1.4783914568430584e-09
13.3352,1.4775497203755397e-09
13.366,1.476708648912367e-09
13.3968,1.4758709687806962e-09
13.4276,1.4750366591081059e-09
13.4586,1.4742003142537332e-09
13.4896,1.4733673418755752e-09
13.5207,1.4725350504246861e-09
13.5519,1.4717034515600799e-09
13.5831,1.4708752060822465e-09
13.6144,1.470047654742096e-09
13.6458,1.4692208089293507e-09
13.6773,1.468394679913228e-09
13.7088,1.4675718856003101e-09
13.7404,1.4667498091861965e-09
13.7721,1.4659284616778222e-09
13.8038,1.4651104292841111e-09
13.8357,1.4642905617098526e-09
13.8676,1.4634740099194582e-09
13.8995,1.462660753459734e-09
13.9316,1.4618457040830129e-09
13.9637,1.4610339504552718e-09
13.9959,1.46022295872637e-09
14.0281,1.4594152425201828e-09
14.0605,1.458605795143119e-09
14.0929,1.457799623300922e-09
14.1254,1.456994233665046e-09
14.1579,1.4561920992531671e-09
14.1906,1.4553882936782523e-09
14.2233,1.4545877429487373e-09
14.2561,1.453787993639131e-09
14.2889,1.4529914787918226e-09
14.3219,1.4521933510902035e-09
14.3549,1.4513984570966386e-09
14.388,1.450604382675809e-09
14.4212,1.4498111370594981e-09
14.4544,1.449021104157648e-09
14.4877,1.4482318989452168e-09
14.5211,1.4474435304301785e-09
14.5546,1.4466560075162509e-09
14.5881,1.4458716755358627e-09
14.6218,1.445085860627817e-09
14.6555,1.444303235047603e-09
14.6893,1.4435214708471303e-09
14.7231,1.4427428753643799e-09
14.7571,1.4419628499284678e-09
14.7911,1.4411859912768087e-09
14.8252,1.440410008827899e-09
14.8594,1.4396349107561914e-09
14.8936,1.4388629577178599e-09
14.9279,1.4380918868092594e-09
14.9624,1.4373194716660738e-09
14.9968,1.4365524231691727e-09
15.0314,1.4357840460902047e-09
15.0661,1.4350165824471005e-09
15.1008,1.4342522380598267e-09
15.1356,1.4334888042999388e-09
15.1705,1.4327262886560121e-09
15.2055,1.4319646985231697e-09
15.2405,1.431206203914629e-09
15.2757,1.430446477805995e-09
15.3109,1.4296898440095593e-09
15.3462,1.4289341469302306e-09
15.3815,1.4281815213322625e-09
15.417,1.4274277100035445e-09
15.4525,1.4266769666818227e-09
15.4882,1.425925068604242e-09
15.5239,1.4251762348207155e-09
15.5597,1.4244283615448528e-09
15.5955,1.4236835316431188e-09
15.6315,1.4229375905688892e-09
15.6675,1.4221946889138515e-09
15.7036,1.4214527568013236e-09
15.7398,1.4207118005550557e-09
15.7761,1.4199718264140539e-09
15.8125,1.4192328405331168e-09
15.8489,1.4184968667576815e-09
15.8855,1.4177598672840835e-09
15.9221,1.4170258754034161e-09
15.9588,1.4162928792509607e-09
15.9956,1.4155608846547314e-09
16.0325,1.4148298973616979e-09
16.0694,1.4141018919182094e-09
16.1065,1.4133729281019097e-09
16.1436,1.4126469412091417e-09
16.1808,1.4119219678732627e-09
16.2181,1.4111980135290592e-09
16.2555,1.4104750835333736e-09
16.293,1.4097531831656286e-09
16.3305,1.4090342309094368e-09
16.3682,1.4083143974988737e-09
16.4059,1.4075975067933432e-09
16.4437,1.4068816505706662e-09
16.4816,1.406166833814844e-09
16.5196,1.4054530614354887e-09
16.5577,1.404740338268338e-09
16.5959,1.4040286690757692e-09
16.6341,1.40331991013389e-09
16.6725,1.402610355299839e-09
16.7109,1.4019037047801374e-09
16.7494,1.4011981115448108e-09
16.788,1.4004935800795394e-09
16.8267,1.399790114799588e-09
16.8655,1.3990877200503093e-09
16.9044,1.3983864001076487e-09
16.9434,1.3976861591786463e-09
16.9824,1.3969887858681079e-09
17.0216,1.396290707992858e-09
17.0608,1.3955954912397493e-09
17.1002,1.394899592540376e-09
17.1396,1.3942065483069363e-09
17.1791,1.3935145925555268e-09
17.2187,1.392823729105331e-09
17.2584,1.3921339617104508e-09
17.2982,1.3914452940603936e-09
17.338,1.3907594494675195e-09
17.378,1.39007298505754e-09
17.4181,1.389387631104755e-09
17.4582,1.3887050896425845e-09
17.4985,1.3880219598671107e-09
17.5388,1.3873416353725936e-09
17.5792,1.3866624208912289e-09
17.6198,1.3859826488161908e-09
17.6604,1.3853056709678054e-09
17.7011,1.3846298127319689e-09
17.7419,1.3839550771975798e-09
17.7828,1.3832814673945092e-09
17.8238,1.3826089862940688e-09
17.8649,1.3819376368094756e-09
17.9061,1.3812674217963166e-09
17.9473,1.3805999607676989e-09
17.9887,1.3799320163819404e-09
18.0302,1.3792652147188471e-09
18.0717,1.3786011552533421e-09
18.1134,1.3779366402917437e-09
18.1552,1.3772732758016124e-09
18.197,1.3766126414529651e-09
18.239,1.375951578745382e-09
18.281,1.3752932380112376e-09
18.3231,1.3746360444252885e-09
18.3654,1.3739784489171033e-09
18.4077,1.3733235629415995e-09
18.4502,1.3726682922771608e-09
18.4927,1.3720157227033484e-09
18.5353,1.3713643113433606e-09
18.578,1.3707140602666167e-09
18.6209,1.3700634580644437e-09
18.6638,1.3694155397986301e-09
18.7068,1.368768787700071e-09
18.7499,1.3681232036398867e-09
18.7932,1.367477300826575e-09
18.8365,1.3668340644014893e-09
18.8799,1.3661920013143511e-09
18.9234,1.365551113244775e-09
18.9671,1.364909937634157e-09
19.0108,1.3642714104931708e-09
19.0546,1.3636340631050845e-09
19.0985,1.3629978969646768e-09
19.1426,1.3623614733656966e-09
19.1867,1.3617276799700865e-09
19.2309,1.361095072013082e-09
19.2752,1.3604636508111674e-09
19.3197,1.3598320011337214e-09
19.3642,1.3592029630678979e-09
19.4089,1.3585737106098093e-09
19.4536,1.3579470603338565e-09
19.4984,1.3573216027026806e-09
19.5434,1.35669595131603e-09
19.5884,1.356072887849248e-09
19.6336,1.355449644057698e-09
19.6789,1.3548276082713733e-09
19.7242,1.3542081459508426e-09
19.7697,1.3535885229698389e-09
19.8153,1.3529701103859805e-09
19.8609,1.3523542566672084e-09
19.9067,1.3517382613912308e-09
19.9526,1.3511234785558806e-09
19.9986,1.3505099087589989e-09
20.0447,1.3498975525612422e-09
20.0909,1.3492864104864491e-09
20.1372,1.3486764830220026e-09
20.1837,1.3480664614652355e-09
20.2302,1.3474589699634959e-09
20.2768,1.3468526942966496e-09
20.3236,1.3462463418717259e-09
20.3704,1.3456425042322594e-09
20.4174,1.345038601101488e-09
20.4644,1.3444372025056973e-09
20.5116,1.343835749460702e-09
20.5589,1.3432355243115029e-09
20.6063,1.3426365271344992e-09
20.6538,1.342038757973775e-09
20.7014,1.3414422168414386e-09
20.7491,1.3408469037179562e-09
20.797,1.3402515782836641e-09
20.8449,1.3396587261415935e-09
20.893,1.3390658717560989e-09
20.9411,1.3384754800592282e-09
20.9894,1.3378850959785882e-09
21.0378,1.3372959492326503e-09
21.0863,1.3367080395253594e-09
21.1349,1.3361213665319186e-09
21.1836,1.3355359298991048e-09
21.2324,1.3349517292455843e-09
21.2814,1.3343675744891583e-09
21.3304,1.333785849482385e-09
21.3796,1.3332041793262059e-09
21.4289,1.3326237531397756e-09
21.4783,1.332044570342909e-09
21.5278,1.3314666303294454e-09
21.5774,1.3308899324675464e-09
21.6272,1.3303133206558976e-09
21.677,1.3297391099065951e-09
21.727,1.3291649933987506e-09
21.7771,1.328592125782845e-09
21.8273,1.3280205062413518e-09
21.8776,1.3274501339331141e-09
21.928,1.3268810079936298e-09
21.9786,1.3263120053678184e-09
22.0293,1.3257442566656395e-09
22.08,1.325178873719142e-09
22.1309,1.324613625220446e-09
22.182,1.3240485240530303e-09
22.2331,1.3234857808889588e-09
22.2844,1.322923192085844e-09
22.3357,1.3223629498563809e-09
22.3872,1.321802868854214e-09
22.4388,1.3212440422547776e-09
22.4905,1.320686468836892e-09
22.5424,1.3201290756266331e-09
22.5944,1.3195729420443654e-09
22.6464,1.319019129549411e-09
22.6986,1.3184655067521996e-09
22.751,1.3179120855932303e-09
22.8034,1.3173609769594647e-09
22.856,1.3168100759288483e-09
22.9087,1.3162604349554831e-09
22.9615,1.3157120525363808e-09
23.0144,1.3151649271518865e-09
23.0675,1.3146180294798577e-09
23.1206,1.3140734178316345e-09
23.1739,1.3135290393282168e-09
23.2274,1.3129849051697153e-09
23.2809,1.3124430478316438e-09
23.3346,1.311901439965321e-09
23.3884,1.3113610947727198e-09
23.4423,1.310822010496797e-09
23.4963,1.3102841853665058e-09
23.5505,1.3097466278691944e-09
23.6048,1.309210334216085e-09
23.6592,1.308675302539554e-09
23.7137,1.3081415309591387e-09
23.7684,1.307608044328552e-09
23.8232,1.3070758221438307e-09
23.8781,1.3065448624320384e-09
23.9332,1.3060142021410855e-09
23.9883,1.3054857654324567e-09
24.0436,1.3049576321573664e-09
24.0991,1.3044298122779838e-09
24.1546,1.3039042057502895e-09
24.2103,1.3033789163621613e-09
24.2661,1.3028548909873023e-09
24.322,1.302332127457518e-09
24.3781,1.3018096942947827e-09
24.4343,1.3012885264043032e-09
24.4906,1.3007686215363795e-09
24.5471,1.300249059784166e-09
24.6037,1.2997307642282833e-09
24.6604,1.2992137325405216e-09
24.7172,1.2986979623848067e-09
24.7742,1.2981825490815271e-09
24.8313,1.2976684001870808e-09
24.8886,1.2971546185223129e-09
24.9459,1.296642994960288e-09
25.0035,1.2961308540024193e-09
25.0611,1.2956208661879682e-09
25.1189,1.295111258198489e-09
25.1768,1.2946029147513581e-09
25.2348,1.2940958332946423e-09
25.293,1.293589142498367e-09
25.3513,1.2930837158729617e-09
25.4097,1.292579550800115e-09
25.4683,1.2920757867991276e-09
25.527,1.2915732863115128e-09
25.5859,1.2910711960039012e-09
25.6448,1.2905712180682221e-09
25.704,1.2900708085537148e-09
25.7632,1.289572505928587e-09
25.8226,1.2890746239549117e-09
25.8821,1.288578003340034e-09
25.9418,1.2880818118912514e-09
26.0016,1.2875868831768738e-09
26.0615,1.2870932143416965e-09
26.1216,1.2865999835735495e-09
26.1818,1.2861080138627656e-09
26.2422,1.2856164902343411e-09
26.3027,1.2851262286842857e-09
26.3633,1.2846372262527363e-09
26.4241,1.2841486781396585e-09
26.485,1.2836613899785004e-09
26.5461,1.2831745636703851e-09
26.6073,1.2826889979973094e-09
26.6686,1.2822046899021478e-09
26.7301,1.2817208512579813e-09
26.7917,1.2812382706968446e-09
26.8534,1.280756945116158e-09
26.9153,1.2802760962371093e-09
26.9774,1.2797957307688138e-09
27.0396,1.279316623981376e-09
27.1019,1.2788387726840805e-09
27.1644,1.2783614115228521e-09
27.227,1.2778853059075202e-09
27.2898,1.2774096968680156e-09
27.3527,1.2769353432957643e-09
27.4157,1.2764622419197783e-09
27.4789,1.275989643268662e-09
27.5423,1.275517553532345e-09
27.6058,1.2750467187285946e-09
27.6694,1.274577135508819e-09
27.7332,1.2741080668649912e-09
27.7971,1.2736402493170582e-09
27.8612,1.2731729520121557e-09
27.9254,1.2727069051920929e-09
27.9898,1.2722413841101549e-09
28.0543,1.2717771127815583e-09
28.119,1.2713133725169602e-09
28.1838,1.2708508811562657e-09
28.2488,1.2703889260189668e-09
28.3139,1.2699282188206722e-09
28.3792,1.2694680528414138e-09
28.4446,1.2690091337232473e-09
28.5102,1.2685507606586974e-09
28.5759,1.2680936332667364e-09
28.6418,1.2676370566045831e-09
28.7078,1.2671817243183191e-09
28.774,1.26672694728231e-09
28.8403,1.266273413219661e-09
28.9068,1.2658204387745919e-09
28.9734,1.2653687057968608e-09
29.0402,1.2649175366535068e-09
29.1072,1.2644669362587736e-09
29.1743,1.2640175777248128e-09
29.2415,1.2635694573308915e-09
29.3089,1.26312190875387e-09
29.3765,1.2626749367156895e-09
29.4442,1.2622292028722154e-09
29.5121,1.2617840492443924e-09
29.5801,1.2613401318306252e-09
29.6483,1.26089679817038e-09
29.7167,1.2604540527385543e-09
29.7852,1.2600125431180652e-09
29.8538,1.2595722654665024e-09
29.9226,1.2591325782276072e-09
29.9916,1.2586934856964807e-09
30.0608,1.2582549921097816e-09
30.1301,1.257817731270361e-09
30.1995,1.2573816992681197e-09
30.2691,1.2569462679129263e-09
30.3389,1.2565114412684499e-09
30.4089,1.256077223341746e-09
30.4789,1.2556448508012643e-09
30.5492,1.255212470593507e-09
30.6196,1.2547813167079723e-09
30.6902,1.2543507766246979e-09
30.761,1.2539208541296012e-09
30.8319,1.2534921563164172e-09
30.903,1.253064078360662e-09
30.9742,1.252637222153145e-09
31.0456,1.2522109879577072e-09
31.1172,1.2517853793474175e-09
31.1889,1.2513609904755573e-09
31.2608,1.250937229144543e-09
31.3329,1.25051409879812e-09
31.4051,1.2500921859484392e-09
31.4775,1.2496709058455609e-09
31.55,1.2492508399721309e-09
31.6228,1.2488308327989915e-09
31.6957,1.2484120414294084e-09
31.7687,1.2479944616984547e-09
31.842,1.2475769527028764e-09
31.9154,1.2471606567372317e-09
31.989,1.2467450060684868e-09
32.0627,1.2463305648559522e-09
32.1366,1.245916770154033e-09
32.2107,1.2455036249183804e-09
32.2849,1.245091686044869e-09
32.3594,1.2446798460534014e-09
32.434,1.2442692133890854e-09
32.5087,1.2438597837858631e-09
32.5837,1.2434504638009808e-09
32.6588,1.2430423476766852e-09
32.7341,1.2426348911684833e-09
32.8095,1.2422286345641827e-09
32.8852,1.2418225028592481e-09
32.961,1.241417571625178e-09
33.037,1.2410133057422806e-09
33.1131,1.2406102362217654e-09
33.1894,1.2402078324654787e-09
33.266,1.2398055728786239e-09
33.3426,1.2394050319046317e-09
33.4195,1.2390046398224578e-09
33.4965,1.238605440281058e-09
33.5738,1.2382063986602438e-09
33.6512,1.237808549642619e-09
33.7287,1.2374118888200632e-09
33.8065,1.2370153947150007e-09
33.8844,1.2366200887281778e-09
33.9625,1.2362254622361269e-09
34.0408,1.2358315173000378e-09
34.1193,1.2354382559412594e-09
34.1979,1.235046177899786e-09
34.2768,1.234654287470279e-09
34.3558,1.234263579960636e-09
34.435,1.2338735595029097e-09
34.5144,1.233484227949004e-09
34.5939,1.233096074309716e-09
34.6737,1.2327081238801356e-09
34.7536,1.2323213507247053e-09
34.8337,1.2319352693730054e-09
34.914,1.2315498815146866e-09
34.9945,1.2311651888028774e-09
35.0752,1.2307811928544895e-09
35.156,1.2303983680269784e-09
35.2371,1.230015768285473e-09
35.3183,1.2296343386843524e-09
35.3997,1.2292536079465256e-09
35.4813,1.2288735775365818e-09
35.5631,1.2284942488846345e-09
35.6451,1.2281156233866152e-09
35.7273,1.2277377024045713e-09
35.8096,1.227360944070308e-09
35.8922,1.2269844341117202e-09
35.9749,1.2266090854553585e-09
36.0579,1.2262339916009008e-09
36.141,1.225860057603872e-09
36.2243,1.2254868317602575e-09
36.3078,1.225114315226644e-09
36.3915,1.2247425091279774e-09
36.4754,1.2243714145578442e-09
36.5595,1.224001032578756e-09
36.6438,1.2236313642224287e-09
36.7282,1.2232628461839543e-09
36.8129,1.2228946061745057e-09
36.8978,1.2225270827087048e-09
36.9828,1.2221607068010346e-09
37.0681,1.2217946172780928e-09
37.1535,1.2214296733675463e-09
37.2392,1.2210650212293252e-09
37.325,1.2207015126727244e-09
37.4111,1.2203383011309937e-09
37.4973,1.2199762310570631e-09
37.5837,1.2196148804270152e-09
37.6704,1.2192538344114396e-09
37.7572,1.2188939265463109e-09
37.8443,1.2185343281855987e-09
37.9315,1.218175865662431e-09
38.0189,1.2178181258278821e-09
38.1066,1.2174607025790518e-09
38.1944,1.2171044115607224e-09
38.2825,1.2167484416795371e-09
38.3707,1.216393601528805e-09
38.4592,1.2160390869351088e-09
38.5478,1.2156856995002312e-09
38.6367,1.2153326419129273e-09
38.7258,1.2149803142652295e-09
38.815,1.2146291097840779e-09
38.9045,1.2142782413458184e-09
38.9942,1.2139281038294607e-09
39.0841,1.2135786975127126e-09
39.1742,1.2132300226500349e-09
39.2645,1.2128820794728808e-09
39.355,1.2125348681899337e-09
39.4457,1.2121883889873427e-09
39.5367,1.2118422624905316e-09
39.6278,1.211497249553577e-09
39.7192,1.211152592842719e-09
39.8107,1.2108090466233056e-09
39.9025,1.2104658600358688e-09
39.9945,1.210123409388109e-09
40.0867,1.2097816946940918e-09
40.1791,1.2094407159472766e-09
40.2717,1.2091004731207385e-09
40.3645,1.2087609661673898e-09
40.4576,1.2084218315374017e-09
40.5509,1.2080834357638257e-09
40.6443,1.2077461390708448e-09
40.738,1.2074092190548793e-09
40.8319,1.2070730374643965e-09
40.9261,1.2067372384112566e-09
41.0204,1.2064025346372113e-09
41.115,1.2060682160362918e-09
41.2098,1.2057346380539006e-09
41.3048,1.2054018004132213e-09
41.4,1.205069702819805e-09
41.4954,1.2047383449617711e-09
41.5911,1.2044073814231625e-09
41.6869,1.204077503521694e-09
41.783,1.2037480221992145e-09
41.8794,1.2034189415117017e-09
41.9759,1.2030909437785657e-09
42.0727,1.2027633487652788e-09
42.1697,1.2024364966360932e-09
42.2669,1.2021103869080452e-09
42.3643,1.201785019082703e-09
42.462,1.2014600607577214e-09
42.5598,1.201136176616063e-09
42.658,1.2008123747367076e-09
42.7563,1.2004896459001264e-09
42.8549,1.2001673328797318e-09
42.9536,1.199846088843374e-09
43.0527,1.1995249388414156e-09
43.1519,1.1992048565309415e-09
43.2514,1.198885195903754e-09
43.3511,1.198566279625375e-09
43.451,1.1982481069835117e-09
43.5512,1.1979303608278905e-09
43.6516,1.19761335958508e-09
43.7522,1.1972971024856938e-09
43.8531,1.1969812764172906e-09
43.9542,1.1966661956217843e-09
44.0555,1.196351859274682e-09
44.157,1.1960382665397e-09
44.2588,1.1957251096158746e-09
44.3609,1.1954123916341247e-09
44.4631,1.1951007242728964e-09
44.5656,1.1947894967021492e-09
44.6684,1.1944787119507082e-09
44.7713,1.1941689737140302e-09
44.8745,1.1938596790107117e-09
44.978,1.1935508307698085e-09
45.0817,1.1932427283417718e-09
45.1856,1.1929353707104957e-09
45.2898,1.1926284629522322e-09
45.3942,1.1923223004787628e-09
45.4988,1.1920168822277468e-09
45.6037,1.1917119170388074e-09
45.7088,1.191407696436696e-09
45.8142,1.1911039317385925e-09
45.9198,1.1908009119005182e-09
46.0257,1.19049835069716e-09
46.1318,1.1901965345376923e-09
46.2381,1.1898954622472667e-09
46.3447,1.1895948512566351e-09
46.4515,1.189294984204352e-09
46.5586,1.1889955809277938e-09
46.6659,1.1886969215739206e-09
46.7735,1.1883987283670626e-09
46.8813,1.188101278984019e-09
46.9894,1.1878042980165068e-09
47.0977,1.1875080606924745e-09
47.2063,1.1872122939515615e-09
47.3151,1.186917270594053e-09
47.4242,1.186622719888152e-09
47.5335,1.1863289122275423e-09
47.6431,1.186035579189738e-09
47.7529,1.1857429887827567e-09
47.863,1.1854508748742774e-09
47.9733,1.1851595031074606e-09
48.0839,1.184868609621112e-09
48.1948,1.1845781964148202e-09
48.3059,1.184288525615317e-09
48.4172,1.1839995957562263e-09
48.5289,1.1837108895602165e-09
48.6407,1.1834231826257322e-09
48.7528,1.183135958763952e-09
48.8652,1.1828492198117773e-09
48.9779,1.1825629675732912e-09
49.0908,1.1822774561571549e-09
49.204,1.1819924327661358e-09
49.3174,1.1817081492643927e-09
49.4311,1.1814243550158985e-09
49.545,1.1811412996602528e-09
49.6592,1.180858734704325e-09
49.7737,1.180576661767934e-09
49.8884,1.1802953271834103e-09
50.0035,1.1800142419548559e-09
50.1187,1.1797341386536418e-09
50.2343,1.179454287759371e-09
50.3501,1.1791751749331772e-09
50.4661,1.1788967984796474e-09
50.5825,1.1786186798762967e-09
50.6991,1.1783412984042787e-09
50.8159,1.178064652333234e-09
50.9331,1.1777882693165038e-09
51.0505,1.1775126223376737e-09
51.1682,1.1772374763742146e-09
51.2861,1.1769630649537827e-09
51.4044,1.176688923839685e-09
51.5229,1.1764155177401492e-09
51.6416,1.1761428448445703e-09
51.7607,1.175870446912846e-09
51.88,1.1755987825434194e-09
51.9996,1.1753276236695333e-09
52.1195,1.1750569714120327e-09
52.2396,1.1747870511203966e-09
52.36,1.1745176376494422e-09
52.4807,1.1742487320537822e-09
52.6017,1.1739803353623674e-09
52.723,1.1737124485787108e-09
52.8445,1.1734452920820285e-09
52.9663,1.1731786455074113e-09
53.0884,1.172912509795248e-09
53.2108,1.1726468858613435e-09
53.3335,1.1723817745971395e-09
53.4564,1.1721173915196652e-09
53.5797,1.1718533072341902e-09
53.7032,1.1715899509297542e-09
53.827,1.1713271087644416e-09
53.9511,1.1710647815227523e-09
54.0754,1.1708031799652212e-09
54.2001,1.1705418839135483e-09
54.325,1.1702813131717172e-09
54.4503,1.1700210511889168e-09
54.5758,1.1697615140670324e-09
54.7016,1.1695024942998743e-09
54.8277,1.1692439925260193e-09
54.9541,1.1689860093623673e-09
55.0808,1.1687285454043476e-09
55.2077,1.1684718031015015e-09
55.335,1.168215378372504e-09
55.4626,1.1679594745123779e-09
55.5904,1.1677042912689719e-09
55.7186,1.167449429788349e-09
55.847,1.167195288149541e-09
55.9758,1.166941470946809e-09
56.1048,1.1666883727454708e-09
56.2341,1.166435796472061e-09
56.3638,1.166183548469799e-09
56.4937,1.1659320180908583e-09
56.6239,1.165681010786627e-09
56.7545,1.165430335381864e-09
56.8853,1.165180376083171e-09
57.0164,1.1649309408355412e-09
57.1479,1.1646818409143994e-09
57.2796,1.1644334554477426e-09
57.4116,1.1641855948431788e-09
57.544,1.163938072796185e-09
57.6766,1.1636912634225102e-09
57.8096,1.1634447946532397e-09
57.9429,1.1631988532012549e-09
58.0764,1.1629536225123717e-09
58.2103,1.1627087353411984e-09
58.3445,1.1624643759073384e-09
58.479,1.1622205443163584e-09
58.6138,1.1619772406574875e-09
58.7489,1.161734465003793e-09
58.8844,1.1614920388928736e-09
59.0201,1.1612503201879254e-09
59.1562,1.1610089526522814e-09
59.2925,1.1607682909849812e-09
59.4292,1.1605279820379396e-09
59.5662,1.1602882027370316e-09
59.7035,1.1600489530368195e-09
59.8412,1.159810059770004e-09
59.9791,1.1595718698356802e-09
60.1174,1.159334037683921e-09
60.256,1.1590967363082675e-09
60.3949,1.1588599655810977e-09
60.5341,1.1586237253608894e-09
60.6736,1.1583880154923788e-09
60.8135,1.1581526679508522e-09
60.9537,1.1579178518841822e-09
61.0942,1.1576835670869448e-09
61.235,1.157449813340648e-09
61.3762,1.1572164254884083e-09
61.5177,1.156983569660609e-09
61.6595,1.1567512455907108e-09
61.8016,1.15651945299976e-09
61.9441,1.1562880295512546e-09
62.0869,1.1560571384113203e-09
62.23,1.1558267792550187e-09
62.3735,1.15559679182822e-09
62.5173,1.1553673371059317e-09
62.6614,1.1551384147187742e-09
62.8058,1.1549100242860704e-09
62.9506,1.1546820082928415e-09
63.0957,1.1544545248409436e-09
63.2412,1.154227417763449e-09
63.387,1.1540008437402532e-09
63.5331,1.1537748023176014e-09
63.6796,1.1535491393343129e-09
63.8263,1.15332416238601e-09
63.9735,1.1530994119167687e-09
64.121,1.1528751948082306e-09
64.2688,1.152651510537723e-09
64.4169,1.152428358572964e-09
64.5654,1.1522055886891405e-09
64.7143,1.151983202311569e-09
64.8634,1.1517614975741936e-09
65.013,1.1515400287867033e-09
65.1628,1.1513192404554329e-09
65.3131,1.1510986907747864e-09
65.4636,1.1508788203133693e-09
65.6145,1.1506593362465813e-09
65.7658,1.1504402398520358e-09
65.9174,1.1502216762357327e-09
66.0693,1.1500036447240697e-09
66.2217,1.149785859458038e-09
66.3743,1.1495687493983121e-09
66.5273,1.149352029284746e-09
66.6807,1.1491357002721293e-09
66.8344,1.1489199035829417e-09
66.9885,1.1487044989979676e-09
67.1429,1.1484896264681584e-09
67.2977,1.1482751469786767e-09
67.4528,1.1480611992203792e-09
67.6083,1.1478476453726952e-09
67.7642,1.1476344864514628e-09
67.9204,1.1474218592744976e-09
68.0769,1.147209763015744e-09
68.2339,1.1469979275842688e-09
68.3912,1.1467866237747165e-09
68.5488,1.1465758507261863e-09
68.7068,1.1463654747165114e-09
68.8652,1.1461554966310922e-09
69.024,1.1459459173342696e-09
69.1831,1.1457368687735622e-09
69.3426,1.145528219510005e-09
69.5024,1.1453201003025299e-09
69.6627,1.1451122514673784e-09
69.8232,1.144905061908495e-09
69.9842,1.1446981442540594e-09
70.1455,1.144491756286229e-09
70.3072,1.1442857699238505e-09
70.4693,1.144080185871086e-09
70.6318,1.1438750048127778e-09
70.7946,1.1436703528441958e-09
70.9578,1.143466104074163e-09
71.1214,1.1432622591375966e-09
71.2853,1.1430589424256397e-09
71.4496,1.1428560296674633e-09
71.6143,1.1426535214494863e-09
71.7794,1.1424514183399776e-09
71.9449,1.1422497208892248e-09
72.1107,1.1420485506942793e-09
72.277,1.1418476656055584e-09
72.4436,1.1416473077191685e-09
72.6106,1.1414473564573762e-09
72.778,1.141247812289856e-09
72.9458,1.1410486756692798e-09
73.1139,1.140850064920296e-09
73.2825,1.1406517441630057e-09
73.4514,1.1404539490610312e-09
73.6207,1.1402565621185193e-09
73.7904,1.140059583712215e-09
73.9605,1.1398630142028065e-09
74.131,1.1396668539350833e-09
74.3019,1.1394711032380936e-09
74.4732,1.1392757624253012e-09
74.6449,1.139080831794742e-09
74.817,1.1388863116291782e-09
74.9894,1.138692314474325e-09
75.1623,1.1384986155297669e-09
75.3356,1.1383053278105483e-09
75.5092,1.13811256233384e-09
75.6833,1.1379200972298825e-09
75.8578,1.1377280439796089e-09
76.0326,1.137536512092299e-09
76.2079,1.1373452825915423e-09
76.3836,1.1371544654448566e-09
76.5597,1.1369640607905864e-09
76.7361,1.1367741761591829e-09
76.913,1.1365845963747538e-09
77.0903,1.136395429418688e-09
77.2681,1.1362065693906758e-09
77.4462,1.136018228801781e-09
77.6247,1.1358303012542462e-09
77.8037,1.1356426822113025e-09
77.983,1.135455581334952e-09
78.1628,1.1352687899399261e-09
78.343,1.1350824126112892e-09
78.5236,1.1348964493391784e-09
78.7046,1.13471090010167e-09
78.886,1.1345257648649149e-09
79.0679,1.1343409422018997e-09
79.2501,1.1341566352672936e-09
79.4328,1.1339726416749807e-09
79.6159,1.133789062720102e-09
79.7995,1.1336057987096736e-09
79.9834,1.133423049167617e-09
80.1678,1.1332406152210895e-09
80.3526,1.1330585963292572e-09
80.5378,1.1328769923450719e-09
80.7235,1.1326957057041836e-09
80.9096,1.1325148345091934e-09
81.0961,1.1323343785758456e-09
81.2831,1.1321542415936291e-09
81.4704,1.1319746160164703e-09
81.6582,1.131795309820403e-09
81.8465,1.131616324049055e-09
82.0352,1.1314377541468083e-09
82.2243,1.1312595998586972e-09
82.4138,1.131081860920355e-09
82.6038,1.1309044438881083e-09
82.7942,1.1307274424759648e-09
82.9851,1.1305507640417104e-09
83.1764,1.1303745014432522e-09
83.3681,1.130198654359706e-09
83.5603,1.1300231313412923e-09
83.7529,1.129848023979039e-09
83.946,1.1296732416080468e-09
84.1395,1.1294988749825834e-09
84.3335,1.129324834216156e-09
84.5279,1.129151209233845e-09
84.7227,1.1289779996400155e-09
84.918,1.1288051167062174e-09
85.1138,1.1286325611980918e-09
85.31,1.128460421405066e-09
85.5067,1.1282886097371715e-09
85.7038,1.1281172136770732e-09
85.9014,1.1279461463876705e-09
86.0994,1.1277754945522441e-09
86.2979,1.1276051720802668e-09
86.4968,1.1274352648629621e-09
86.6962,1.1272656875501177e-09
86.896,1.1270965252481789e-09
87.0964,1.1269276092391453e-09
87.2971,1.126759192429424e-09
87.4984,1.1265910230978434e-09
87.7001,1.1264232688995634e-09
87.9023,1.1262558466636476e-09
88.1049,1.1260888391798122e-09
88.308,1.1259221639931725e-09
88.5116,1.125755821618212e-09
88.7156,1.1255898937100372e-09
88.9201,1.1254242988741937e-09
89.1251,1.1252590375838596e-09
89.3305,1.1250941903750982e-09
89.5365,1.1249295971789442e-09
89.7429,1.1247654182265648e-09
89.9498,1.1246015738584927e-09
90.1571,1.1244381431408342e-09
90.3649,1.1242750471009028e-09
90.5733,1.1241122081549878e-09
90.7821,1.123949782943201e-09
90.9913,1.1237877707764127e-09
91.2011,1.123626017106462e-09
91.4113,1.1234646764590798e-09
91.622,1.1233036718784623e-09
91.8333,1.1231429277621379e-09
92.045,1.1229825965453784e-09
92.2571,1.1228226774897254e-09
92.4698,1.1226630200627763e-09
92.683,1.1225037000804406e-09
92.8966,1.122344792008756e-09
93.1108,1.1221861472825905e-09
93.3254,1.1220279142444756e-09
93.5406,1.121869945626833e-09
93.7562,1.1217123884308625e-09
93.9723,1.121555169266209e-09
94.189,1.1213982160326972e-09
94.4061,1.121241673742133e-09
94.6237,1.1210854699473177e-09
94.8418,1.120929604780088e-09
95.0605,1.120774007372938e-09
95.2796,1.1206188201267498e-09
95.4993,1.120463901477188e-09
95.7194,1.120309392537147e-09
95.9401,1.1201551529800963e-09
96.1612,1.1200013226425866e-09
96.3829,1.1198477624252385e-09
96.6051,1.1196945420976103e-09
96.8278,1.1195416616880845e-09
97.051,1.1193891212146113e-09
97.2747,1.1192369206848246e-09
97.499,1.1190849925129653e-09
97.7237,1.1189334721540833e-09
97.949,1.118782224717926e-09
98.1748,1.1186313177511513e-09
98.4011,1.1184807512074923e-09
98.6279,1.1183305250310583e-09
98.8553,1.1181805733618506e-09
99.0832,1.1180309625066363e-09
99.3116,1.1178816923773394e-09
99.5405,1.1177327628767134e-09
99.77,1.1175841092702709e-09
100.0,1.1174357966476164e-09
100.231,1.1172875046192425e-09
100.462,1.117139875000304e-09
100.693,1.1169929033584515e-09
100.925,1.116845953303789e-09
101.158,1.1166990289221002e-09
101.391,1.116552760614632e-09
101.625,1.1164065204271485e-09
101.859,1.1162609331259385e-09
102.094,1.1161153763337854e-09
102.329,1.1159704692336344e-09
102.565,1.1158255949746556e-09
102.802,1.1156807574424044e-09
103.039,1.115536567516101e-09
103.276,1.1153930208584251e-09
103.514,1.1152495115323917e-09
103.753,1.115106043318658e-09
103.992,1.1149632162239078e-09
104.232,1.1148204323502717e-09
104.472,1.1146782863378485e-09
104.713,1.1145361856029047e-09
104.954,1.1143947194687237e-09
105.196,1.1142533006168581e-09
105.439,1.1141119326405079e-09
105.682,1.1139711969566487e-09
105.925,1.1138310893293445e-09
106.17,1.1136904601227494e-09
106.414,1.1135510309730917e-09
106.66,1.1134110872008147e-09
106.905,1.1132723350711299e-09
107.152,1.1131330751799312e-09
107.399,1.1129944385339155e-09
107.647,1.1128558634322918e-09
107.895,1.112717908230021e-09
108.143,1.1125805687736565e-09
108.393,1.1124427407780493e-09
108.643,1.1123055301376615e-09
108.893,1.112168932710791e-09
109.144,1.1120324016570776e-09
109.396,1.111895940173366e-09
109.648,1.1117600893040877e-09
109.901,1.1116243094758273e-09
110.154,1.1114891368887898e-09
110.408,1.11135403677197e-09
110.662,1.1112195405273639e-09
110.917,1.1110851181411454e-09
111.173,1.1109507726478294e-09
111.429,1.1108170283161315e-09
111.686,1.1106833621764483e-09
111.944,1.110549777190257e-09
112.202,1.1104167905813727e-09
112.46,1.1102843983354032e-09
112.72,1.1101515770496727e-09
112.98,1.1100193513017313e-09
113.24,1.1098877170923766e-09
113.501,1.1097561675618643e-09
113.763,1.1096247055196002e-09
114.025,1.1094938321394706e-09
114.288,1.109363047303843e-09
114.551,1.1092328476971864e-09
114.815,1.1091027376566069e-09
115.08,1.1089727198843588e-09
115.345,1.108843284391832e-09
115.611,1.1087139421107676e-09
115.878,1.1085846956769049e-09
116.145,1.108456028513105e-09
116.413,1.1083274580633227e-09
116.681,1.1081994634165726e-09
116.95,1.1080715663192308e-09
117.22,1.107943769305451e-09
117.49,1.1078165450230072e-09
117.761,1.1076894215865045e-09
118.032,1.1075628674070731e-09
118.304,1.1074364148064117e-09
118.577,1.1073100662204816e-09
118.85,1.1071842837639315e-09
119.124,1.1070586059851384e-09
119.399,1.1069330352589212e-09
119.674,1.1068080274846688e-09
119.95,1.1066831273582068e-09
120.226,1.1065587866914551e-09
120.504,1.1064341067579845e-09
120.781,1.10631043228916e-09
121.06,1.1061864230916831e-09
121.339,1.1060629703657456e-09
121.619,1.1059396308597029e-09
121.899,1.1058168443090311e-09
122.18,1.105694171419346e-09
122.462,1.1055716143577735e-09
122.744,1.105449606943296e-09
123.027,1.105327715737053e-09
123.31,1.1052063706677208e-09
123.595,1.1050847162639974e-09
123.88,1.1049636083181818e-09
124.165,1.1048430431544158e-09
124.451,1.104722596930732e-09
124.738,1.1046022716745673e-09
125.026,1.1044820693895384e-09
125.314,1.1043624066156191e-09
125.603,1.104242867020934e-09
125.893,1.1041234525568368e-09
126.183,1.1040045741536475e-09
126.474,1.1038858210353584e-09
126.765,1.1037676004444765e-09
127.057,1.1036495052742178e-09
127.35,1.1035315373973391e-09
127.644,1.1034136986639775e-09
127.938,1.1032963890153707e-09
128.233,1.1031792085620796e-09
128.529,1.1030621591052412e-09
128.825,1.1029456351989803e-09
129.122,1.1028292422922318e-09
129.42,1.102712982138192e-09
129.718,1.1025972439766172e-09
130.017,1.1024816385236892e-09
130.317,1.1023661674857075e-09
130.617,1.1022512148600563e-09
130.918,1.102136396559752e-09
131.22,1.1020217142452268e-09
131.522,1.1019075467427375e-09
131.826,1.1017931395987385e-09
132.13,1.1016792471034387e-09
132.434,1.101565865790177e-09
132.739,1.1014526217628417e-09
133.045,1.1013395165931485e-09
133.352,1.101226551832619e-09
133.66,1.1011137290126915e-09
133.968,1.1010014134831723e-09
134.276,1.100889601828565e-09
134.586,1.1007775694923823e-09
134.896,1.1006660407469315e-09
135.207,1.1005546548517703e-09
135.519,1.1004434132550211e-09
135.831,1.100332671526991e-09
136.144,1.1002220737488635e-09
136.458,1.100111621328526e-09
136.773,1.1000013156549964e-09
137.088,1.0998915059147522e-09
137.404,1.0997818425113913e-09
137.721,1.0996723267949806e-09
138.038,1.0995633032448307e-09
138.357,1.0994540853324578e-09
138.676,1.099345359117848e-09
138.995,1.0992371212864474e-09
139.316,1.0991286945110533e-09
139.637,1.0990207556189602e-09
139.959,1.09891296732823e-09
140.281,1.0988056633695516e-09
140.605,1.0986981784846489e-09
140.929,1.0985911773779213e-09
141.254,1.0984843287622704e-09
141.579,1.098377960374165e-09
141.906,1.0982714188125563e-09
142.233,1.0981653568732928e-09
142.561,1.0980594491592452e-09
142.889,1.0979540175194682e-09
143.219,1.097848420201093e-09
143.549,1.0977432983030352e-09
143.88,1.0976383322145792e-09
144.212,1.0975335230220312e-09
144.544,1.0974291853565773e-09
144.877,1.0973250038868262e-09
145.211,1.097220979666992e-09
145.546,1.0971171137354763e-09
145.881,1.0970137150713588e-09
146.218,1.0969101673800001e-09
146.555,1.096807086191493e-09
146.893,1.0967041645414876e-09
147.231,1.0966017058551587e-09
147.571,1.0964991048333596e-09
147.911,1.096396965970003e-09
148.252,1.0962949877638477e-09
148.594,1.0961931711472093e-09
148.936,1.096091812738438e-09
149.279,1.0959906150755297e-09
149.624,1.0958892860166214e-09
149.968,1.0957887055880337e-09
150.314,1.0956879955277834e-09
150.661,1.0955874497422794e-09
151.008,1.0954873568786351e-09
151.356,1.095387427373668e-09
151.705,1.095287662061241e-09
152.055,1.0951880617613724e-09
152.405,1.0950889099316768e-09
152.757,1.0949896407864935e-09
153.109,1.0948908191456278e-09
153.462,1.094792163138419e-09
153.815,1.0946939511253681e-09
154.17,1.0945956274220963e-09
154.525,1.0944977467171966e-09
154.882,1.094399758301498e-09
155.239,1.0943022118559166e-09
155.597,1.0942048329998873e-09
155.955,1.094107892609389e-09
156.315,1.0940108498129146e-09
156.675,1.0939142444270724e-09
157.036,1.0938178069609145e-09
157.398,1.093721538082987e-09
157.761,1.0936254384495372e-09
158.125,1.09352950870461e-09
158.489,1.093434011243071e-09
158.855,1.0933384219769808e-09
159.221,1.0932432638709731e-09
159.588,1.0931482757726299e-09
159.956,1.0930534582807123e-09
160.325,1.0929588119823305e-09
160.694,1.0928645922142606e-09
161.065,1.0927702888677533e-09
161.436,1.0926764108800603e-09
161.808,1.092582704045459e-09
162.181,1.092489168908238e-09
162.555,1.0923958060015719e-09
162.93,1.0923026158476132e-09
163.305,1.0922098457853376e-09
163.682,1.092117001544815e-09
164.059,1.092024576168531e-09
164.437,1.0919323233214686e-09
164.816,1.0918402434857687e-09
165.196,1.091748337133066e-09
165.577,1.0916566047245813e-09
165.959,1.091565046711209e-09
166.341,1.0914739015939844e-09
166.725,1.0913826926071397e-09
167.109,1.09129189522813e-09
167.494,1.091201271820488e-09
167.88,1.0911108227982053e-09
168.267,1.091020548565443e-09
168.655,1.0909304495166194e-09
169.044,1.0908405260364959e-09
169.434,1.090750778500264e-09
169.824,1.0906614358393264e-09
170.216,1.0905720402457124e-09
170.608,1.0904830481762877e-09
171.002,1.090394005930841e-09
171.396,1.0903053658389335e-09
171.791,1.0902169017262095e-09
172.187,1.090128613916204e-09
172.584,1.0900405027235179e-09
172.982,1.089952568453902e-09
173.38,1.0898650308507454e-09
173.78,1.0897774503180244e-09
174.181,1.0896900475775964e-09
174.582,1.0896030393876927e-09
174.985,1.0895159920580834e-09
175.388,1.0894293378493194e-09
175.792,1.0893428605329767e-09
176.198,1.0892563477551694e-09
176.604,1.0891702259263847e-09
177.011,1.0890842817126656e-09
177.419,1.0889985153401596e-09
177.828,1.0889129270270818e-09
178.238,1.088827516983791e-09
178.649,1.0887422854128666e-09
179.061,1.0886572325091863e-09
179.473,1.0885725635023848e-09
179.887,1.0884878675605756e-09
180.302,1.0884033508292406e-09
180.717,1.0883192157494791e-09
181.134,1.0882350570115016e-09
181.552,1.0881510779605499e-09
181.97,1.0880674782860606e-09
182.39,1.087983858128496e-09
182.81,1.0879006158169594e-09
183.231,1.0878175519388794e-09
183.654,1.0877344706553347e-09
184.077,1.0876517649027363e-09
184.502,1.087569043741723e-09
184.927,1.0874866965519604e-09
185.353,1.0874045283543752e-09
185.78,1.0873225392422596e-09
186.209,1.0872405385908521e-09
186.638,1.0871589087650312e-09
187.068,1.0870774582619072e-09
187.499,1.0869961871491376e-09
187.932,1.0869149082014516e-09
188.365,1.0868339968936404e-09
188.799,1.0867532651381857e-09
189.234,1.0866727129781904e-09
189.671,1.0865921565280252e-09
190.108,1.0865119644955038e-09
190.546,1.086431952148419e-09
190.985,1.0863521195063732e-09
191.426,1.0862722859642932e-09
191.867,1.0861928135845163e-09
192.309,1.0861135209308491e-09
192.752,1.0860344080004193e-09
193.197,1.0859552974103998e-09
193.642,1.085876544697523e-09
194.089,1.085797795889726e-09
194.536,1.085719403303594e-09
194.984,1.0856411903383703e-09
195.434,1.0855629835595478e-09
195.884,1.085485130510297e-09
196.336,1.0854072851241556e-09
196.789,1.0853296207403579e-09
197.242,1.0852523075759562e-09
197.697,1.0851750042249143e-09
198.153,1.0850978816690968e-09
198.609,1.085021107811073e-09
199.067,1.0849443458417003e-09
199.526,1.0848677644180744e-09
199.986,1.0847913634467228e-09
200.447,1.0847151428297013e-09
200.909,1.0846391024646477e-09
201.372,1.0845632422448385e-09
201.837,1.0844873993254675e-09
202.302,1.084411899794762e-09
202.768,1.0843365800600803e-09
203.236,1.0842612794632467e-09
203.704,1.0841863196714034e-09
204.174,1.0841113802042117e-09
204.644,1.0840367798147397e-09
205.116,1.083962200907318e-09
205.589,1.083887802413246e-09
206.063,1.0838135841751363e-09
206.538,1.0837395460318662e-09
207.014,1.0836656878186297e-09
207.491,1.0835920093669846e-09
207.97,1.08351835709053e-09
208.449,1.0834450383363744e-09
208.93,1.0833717467855475e-09
209.411,1.083298786999669e-09
209.894,1.0832258554184995e-09
210.378,1.0831531038714618e-09
210.863,1.0830805321563809e-09
211.349,1.0830081400678796e-09
211.836,1.082935927397426e-09
212.324,1.082863893933376e-09
212.814,1.082791892852816e-09
213.304,1.0827202178175676e-09
213.796,1.082648576048693e-09
214.289,1.0825771139213179e-09
214.783,1.082505831199527e-09
215.278,1.08243472764461e-09
215.774,1.082363803015106e-09
216.272,1.082292915043995e-09
216.77,1.0822223481727286e-09
217.27,1.082151818743861e-09
217.771,1.0820814685189809e-09
218.273,1.0820112972343355e-09
218.776,1.0819413046237215e-09
219.28,1.0818714904185225e-09
219.786,1.0818017167675675e-09
220.293,1.0817321222239676e-09
220.8,1.081662842838807e-09
221.309,1.081593605036079e-09
221.82,1.08152441037994e-09
222.331,1.0814555293975346e-09
222.844,1.081386692196106e-09
223.357,1.0813181668492687e-09
223.872,1.0812496858978037e-09
224.388,1.081181382915166e-09
224.905,1.0811132575913878e-09
225.424,1.0810451787388256e-09
225.944,1.0809772781055753e-09
226.464,1.0809096850591656e-09
226.986,1.0808421393027335e-09
227.51,1.0807746422720354e-09
228.034,1.0807074512579875e-09
228.56,1.0806403094692286e-09
229.087,1.08057334508394e-09
229.615,1.0805065577597972e-09
230.144,1.080439947153019e-09
230.675,1.0803733878554795e-09
231.206,1.0803071302125833e-09
231.739,1.0802409243121773e-09
232.274,1.080174771489933e-09
232.809,1.0801089186851193e-09
233.346,1.0800431193527806e-09
233.884,1.079977496493018e-09
234.423,1.0799120497351914e-09
234.963,1.079846778707578e-09
235.505,1.0797815629859813e-09
236.048,1.0797165233360075e-09
236.592,1.0796516593747613e-09
237.137,1.0795869707184264e-09
237.684,1.0795223390936614e-09
238.232,1.0794578830719951e-09
238.781,1.079393602259033e-09
239.332,1.0793293799681345e-09
239.883,1.0792654489131268e-09
240.436,1.0792015766368914e-09
240.991,1.079137764309513e-09
241.546,1.0790742414775294e-09
242.103,1.0790107788176708e-09
242.661,1.0789474906314623e-09
243.22,1.0788843765037007e-09
243.781,1.0788213238803558e-09
244.343,1.078758445500254e-09
244.906,1.078695740939187e-09
245.471,1.0786330991537098e-09
246.037,1.0785706313409057e-09
246.604,1.0785083370679912e-09
247.172,1.0784462159019434e-09
247.742,1.078384158784316e-09
248.313,1.0783222748915957e-09
248.886,1.078260456141443e-09
249.459,1.0781989178629956e-09
250.035,1.078137338149774e-09
250.611,1.0780760380108364e-09
251.189,1.0780148041442768e-09
251.768,1.077953742760443e-09
252.348,1.0778928534033575e-09
252.93,1.077832031349014e-09
253.513,1.077771381355322e-09
254.097,1.0777109029594341e-09
254.683,1.0776504928436838e-09
255.27,1.077590254333403e-09
255.859,1.077530085036177e-09
256.448,1.0774701887911264e-09
257.04,1.0774102607415708e-09
257.632,1.0773506047929196e-09
258.226,1.0772910189245179e-09
258.821,1.0772316036545506e-09
259.418,1.0771722593232158e-09
260.016,1.077113085528112e-09
260.615,1.0770540817820712e-09
261.216,1.076995149764437e-09
261.818,1.0769363877106108e-09
262.422,1.0768776981808206e-09
263.027,1.0768191785105824e-09
263.633,1.0767608282020703e-09
264.241,1.076702551125314e-09
264.85,1.0766444432843788e-09
265.461,1.0765864094108026e-09
266.073,1.0765285446291289e-09
266.686,1.0764708484318942e-09
267.301,1.0764132268315568e-09
267.917,1.0763557736514449e-09
268.534,1.0762984883801072e-09
269.153,1.0762412782933896e-09
269.774,1.076184144137231e-09
270.396,1.0761271780242737e-09
271.019,1.0760703794338865e-09
271.644,1.0760136572971767e-09
272.27,1.075957102466642e-09
272.898,1.0759006246899477e-09
273.527,1.075844313987281e-09
274.157,1.0757881698306887e-09
274.789,1.0757321031817658e-09
275.423,1.0756761147203603e-09
276.058,1.0756202928250432e-09
276.694,1.0755646369601238e-09
277.332,1.0755090596773329e-09
277.971,1.075453648146222e-09
278.612,1.0753983157028426e-09
279.254,1.0753431487182775e-09
279.898,1.0752880613060059e-09
280.543,1.0752331390458889e-09
281.19,1.0751782968219833e-09
281.838,1.0751236194301295e-09
282.488,1.0750690225181537e-09
283.139,1.0750145901050277e-09
283.792,1.0749602385955832e-09
284.446,1.0749060512390276e-09
285.102,1.074851945190477e-09
285.759,1.0747980029364306e-09
286.418,1.0747441423756118e-09
287.078,1.074690445238819e-09
287.74,1.0746368301617492e-09
288.403,1.0745833781264595e-09
289.068,1.0745300084990304e-09
289.734,1.0744768015196878e-09
290.402,1.074423677278351e-09
291.072,1.074370636294636e-09
291.743,1.0743177577061204e-09
292.415,1.0742650409433067e-09
293.089,1.0742124075248704e-09
293.765,1.074159857946653e-09
294.442,1.074107469902951e-09
295.121,1.0740551659648278e-09
295.801,1.0740030231147517e-09
296.483,1.0739509646192455e-09
297.167,1.0738989909435062e-09
297.852,1.0738471780120586e-09
298.538,1.073795525245015e-09
299.226,1.0737439572814303e-09
299.916,1.0736924745645057e-09
300.608,1.0736410775300539e-09
301.301,1.0735898403733094e-09
301.995,1.073538762508562e-09
302.691,1.073487770254044e-09
303.389,1.073436864024535e-09
304.089,1.0733860442276894e-09
304.789,1.0733354554738929e-09
305.492,1.0732848808570452e-09
306.196,1.0732344646529553e-09
306.902,1.0731841351440462e-09
307.61,1.0731338927110108e-09
308.319,1.0730838082077533e-09
309.03,1.0730338108795835e-09
309.742,1.0729839709312208e-09
310.456,1.0729342182441465e-09
311.172,1.0728845531732536e-09
311.889,1.0728350449586242e-09
312.608,1.0727856244231458e-09
313.329,1.0727362919060135e-09
314.051,1.0726871156958634e-09
314.775,1.07263802754455e-09
315.5,1.0725890951152187e-09
316.228,1.0725401837404128e-09
316.957,1.0724914281063371e-09
317.687,1.0724428276071305e-09
318.42,1.0723942493945571e-09
319.154,1.0723458263145805e-09
319.89,1.0722974922374143e-09
320.627,1.0722493126751781e-09
321.366,1.0722012220931677e-09
322.107,1.0721532207718535e-09
322.849,1.0721053733233416e-09
323.594,1.0720575510485097e-09
324.34,1.0720098825951958e-09
325.087,1.071962367350159e-09
325.837,1.0719148783535304e-09
326.588,1.0718675424952155e-09
327.341,1.0718202965599724e-09
328.095,1.0717732031060002e-09
328.852,1.0717261374547776e-09
329.61,1.0716792241883536e-09
330.37,1.07163240122064e-09
331.131,1.0715857299650825e-09
331.894,1.0715391488946395e-09
332.66,1.0714925975932198e-09
333.426,1.0714462581735159e-09
334.195,1.0713999489420997e-09
334.965,1.0713537905437025e-09
335.738,1.0713076632841254e-09
336.512,1.0712616867039596e-09
337.287,1.071215860180524e-09
338.065,1.0711700656381166e-09
338.844,1.0711244209836618e-09
339.625,1.0710788674000941e-09
340.408,1.0710334050617597e-09
341.193,1.070988034138241e-09
341.979,1.0709428121974875e-09
342.768,1.0708976243319668e-09
343.558,1.07085258524444e-09
344.35,1.07080763768616e-09
345.144,1.0707627818069094e-09
345.939,1.0707180738601451e-09
346.737,1.0706734015146658e-09
347.536,1.070628876870119e-09
348.337,1.0705844439536239e-09
349.14,1.0705401028961315e-09
349.945,1.070495853824282e-09
350.752,1.070451696860446e-09
351.56,1.0704076864668534e-09
352.371,1.070363713821646e-09
353.183,1.0703198874776393e-09
353.997,1.0702761531996924e-09
354.813,1.0702325110926747e-09
355.631,1.0701889612574214e-09
356.451,1.0701455037907722e-09
357.273,1.0701021387856123e-09
358.096,1.0700589187263905e-09
358.922,1.0700157386684657e-09
359.749,1.069972703247676e-09
360.579,1.069929708466273e-09
361.41,1.0698868580022062e-09
362.243,1.0698441000093217e-09
363.078,1.0698014345570403e-09
363.915,1.0697588617111266e-09
364.754,1.0697163815337286e-09
365.595,1.0696739940834134e-09
366.438,1.0696316994152055e-09
367.282,1.0695895474098385e-09
368.129,1.0695474382298553e-09
368.978,1.0695054219771875e-09
369.828,1.0694635478443465e-09
370.681,1.0694217173425779e-09
371.535,1.0693800285872423e-09
372.392,1.0693383839785952e-09
373.25,1.069296880733842e-09
374.111,1.0692554221343487e-09
374.973,1.0692141045073226e-09
375.837,1.0691728796124958e-09
376.704,1.0691317000798715e-09
377.572,1.0690906609170827e-09
378.443,1.0690496675737985e-09
379.315,1.0690088141878052e-09
380.189,1.0689680535930295e-09
381.066,1.0689273394742058e-09
381.944,1.0688867646795115e-09
382.825,1.0688462367786746e-09
383.707,1.068805847769836e-09
384.592,1.0687655060575138e-09
385.478,1.0687253027976425e-09
386.367,1.0686851472219878e-09
387.258,1.068645084791101e-09
388.15,1.0686051601393576e-09
389.045,1.068565283725597e-09
389.942,1.0685255003834373e-09
390.841,1.0684858100829609e-09
391.742,1.0684462127916953e-09
392.645,1.0684067084746437e-09
393.55,1.0683672970943158e-09
394.457,1.0683279786107585e-09
395.367,1.0682887099276081e-09
396.278,1.0682495773041825e-09
397.192,1.06821049477991e-09
398.107,1.0681715478243464e-09
399.025,1.0681326512536792e-09
399.945,1.0680938476734552e-09
400.867,1.0680551370246142e-09
401.791,1.0680165192458787e-09
402.717,1.0679779942737844e-09
403.645,1.0679395620427068e-09
404.576,1.0679011813536855e-09
405.509,1.0678628936430318e-09
406.443,1.06782473959308e-09
407.38,1.0677866374275562e-09
408.319,1.0677486280114475e-09
409.261,1.0677106710620713e-09
410.204,1.0676728470842018e-09
411.15,1.0676350757708706e-09
412.098,1.067597397235153e-09
413.048,1.067559811386191e-09
414.0,1.0675223181312874e-09
414.954,1.0674849173759313e-09
415.911,1.0674475700874663e-09
416.869,1.0674103542179454e-09
417.83,1.0673731919707503e-09
418.794,1.067336083772066e-09
419.759,1.067299106503503e-09
420.727,1.0672621834189963e-09
421.697,1.0672253528131836e-09
422.669,1.0671886145729803e-09
423.643,1.0671519685837333e-09
424.62,1.0671153773620596e-09
425.598,1.0670789156948803e-09
426.58,1.0670424718702894e-09
427.563,1.067006157355391e-09
428.549,1.0669698981387157e-09
429.536,1.0669337676417643e-09
430.527,1.0668976561663384e-09
431.519,1.066861673149671e-09
432.514,1.0668257459110624e-09
433.511,1.0667899106705488e-09
434.51,1.0667541672906336e-09
435.512,1.0667184800978655e-09
436.516,1.0666828848109648e-09
437.522,1.0666473812863555e-09
438.531,1.0666119343286633e-09
439.542,1.0665765791622128e-09
440.555,1.0665413156375965e-09
441.57,1.066506143604295e-09
442.588,1.0664710284951794e-09
443.609,1.0664359706284378e-09
444.631,1.0664010385210323e-09
445.656,1.0663661636539082e-09
446.684,1.0663313463334547e-09
447.713,1.0662966541357514e-09
448.745,1.0662620194678847e-09
449.78,1.066227442624746e-09
450.817,1.0661929570753259e-09
451.856,1.0661585626501318e-09
452.898,1.0661242263016803e-09
453.942,1.0660899810357816e-09
454.988,1.0660558266782149e-09
456.037,1.0660217306247594e-09
457.088,1.065987725424564e-09
458.142,1.0659537787649564e-09
459.198,1.065919922893501e-09
460.257,1.065886125786541e-09
461.318,1.0658524193928207e-09
462.381,1.0658188035264905e-09
463.447,1.0657852465936117e-09
464.515,1.065751780100948e-09
465.586,1.0657183727371685e-09
466.659,1.06568505571717e-09
467.735,1.065651798009754e-09
468.813,1.0656186305406463e-09
469.894,1.0655855225563197e-09
470.977,1.065552504696008e-09
472.063,1.0655195464814098e-09
473.151,1.0654866782679265e-09
474.242,1.0654538698500522e-09
475.335,1.0654211513019978e-09
476.431,1.0653884926886388e-09
477.529,1.0653559238056185e-09
478.63,1.0653234149857944e-09
479.733,1.0652909957488463e-09
480.839,1.0652586366932318e-09
481.948,1.0652263380076156e-09
483.059,1.0651941288015937e-09
484.172,1.0651620088597166e-09
485.289,1.0651299206431673e-09
486.407,1.0650979503128235e-09
487.528,1.065066040457119e-09
488.652,1.0650341912464169e-09
489.779,1.0650024028473133e-09
490.908,1.064970703435883e-09
492.04,1.064939064902127e-09
493.174,1.0649075151611823e-09
494.311,1.0648760263549224e-09
495.45,1.0648446261400239e-09
496.592,1.0648132869079564e-09
497.737,1.0647820088046605e-09
498.884,1.0647508191027963e-09
500.035,1.064719663556847e-09
501.187,1.064688623323017e-09
502.343,1.064657617515778e-09
503.501,1.0646266999098066e-09
504.661,1.0645958702669912e-09
505.825,1.064565075558235e-09
506.991,1.0645343688183506e-09
508.159,1.0645037498058325e-09
509.331,1.0644731662080227e-09
510.505,1.0644426703300798e-09
511.682,1.0644122361289206e-09
512.861,1.0643818893938004e-09
514.044,1.0643515787519064e-09
515.229,1.0643213555505491e-09
516.416,1.0642912195404432e-09
517.607,1.0642611200430457e-09
518.8,1.0642311076992314e-09
519.996,1.0642011572719903e-09
521.195,1.0641712688516722e-09
522.396,1.0641414672828946e-09
523.6,1.064111727666761e-09
524.807,1.0640820500863491e-09
526.017,1.0640524346218704e-09
527.23,1.064022881350697e-09
528.445,1.063993414544434e-09
529.663,1.0639640098567416e-09
530.884,1.063934667358102e-09
532.108,1.0639053871162635e-09
533.335,1.0638761691962697e-09
534.564,1.063847037309999e-09
535.797,1.0638179441100564e-09
537.032,1.0637889368455262e-09
538.27,1.0637599919228128e-09
539.511,1.0637311093952594e-09
540.754,1.0637023124279855e-09
542.001,1.0636735547349874e-09
543.25,1.0636448824860993e-09
544.503,1.0636162498126371e-09
545.758,1.0635877024590948e-09
547.016,1.063559217561645e-09
548.277,1.0635307951577118e-09
549.541,1.0635024352823419e-09
550.808,1.063474137968231e-09
552.077,1.0634459254270072e-09
553.35,1.0634177532228703e-09
554.626,1.0633896436646819e-09
555.904,1.06336161865462e-09
557.186,1.0633336343567292e-09
558.47,1.0633057344483876e-09
559.758,1.0632778754890588e-09
561.048,1.0632501007537802e-09
562.341,1.0632223885773462e-09
563.638,1.0631947176858703e-09
564.937,1.0631671307578685e-09
566.239,1.0631396064176282e-09
567.545,1.0631121236754873e-09
568.853,1.0630847246216588e-09
570.164,1.0630573881661207e-09
571.479,1.0630300935996834e-09
572.796,1.0630028824323918e-09
574.116,1.0629757338561462e-09
575.44,1.0629486274385164e-09
576.766,1.062921604117427e-09
578.096,1.062894623122889e-09
579.429,1.0628677048682246e-09
580.764,1.0628408693941164e-09
582.103,1.0628140764813238e-09
583.445,1.0627873462590436e-09
584.79,1.0627606787071478e-09
586.138,1.0627340738037785e-09
587.489,1.062707531525368e-09
588.844,1.0626810323347871e-09
590.201,1.0626546153179933e-09
591.562,1.0626282415110428e-09
592.925,1.0626019496399372e-09
594.292,1.06257570109253e-09
595.662,1.06254951516814e-09
597.035,1.062523391830579e-09
598.412,1.0624973121459396e-09
599.791,1.062471313953651e-09
601.174,1.062445359506185e-09
602.56,1.062419467656266e-09
603.949,1.0623936383589834e-09
605.341,1.0623678715679851e-09
606.736,1.0623421672354973e-09
608.135,1.0623165070124553e-09
609.537,1.062290909315421e-09
610.942,1.062265374091282e-09
612.35,1.0622399012855836e-09
613.762,1.062214472874943e-09
615.177,1.0621891069340886e-09
616.595,1.062163803403478e-09
618.016,1.0621385622223037e-09
619.441,1.0621133656871703e-09
620.869,1.0620882315373584e-09
622.3,1.0620631597072177e-09
623.735,1.0620381327293967e-09
625.173,1.0620131680954344e-09
626.614,1.0619882657350205e-09
628.058,1.0619634255767103e-09
629.506,1.0619386304634063e-09
630.957,1.0619138975621088e-09
632.412,1.0618892098682725e-09
633.87,1.0618645843883756e-09
635.331,1.06184002104332e-09
636.796,1.0618155030554364e-09
638.263,1.0617910638149651e-09
639.735,1.061766653375051e-09
641.21,1.0617423050455265e-09
642.688,1.0617180187401295e-09
644.169,1.0616937943716605e-09
645.654,1.06166961560724e-09
647.143,1.0616454825805918e-09
648.634,1.0616214276155184e-09
650.13,1.0615974023295198e-09
651.628,1.0615734549183414e-09
653.131,1.0615495374372875e-09
654.636,1.0615256976388115e-09
656.145,1.0615019037439916e-09
657.658,1.061478155870415e-09
659.174,1.0614544697212548e-09
660.693,1.0614308451947496e-09
662.217,1.0614072512961e-09
663.743,1.0613837344722671e-09
665.273,1.06136026379598e-09
666.807,1.0613368393714449e-09
668.344,1.06131347646578e-09
669.885,1.0612901598737233e-09
671.429,1.061266904719766e-09
672.977,1.061243695934099e-09
674.528,1.0612205484999383e-09
676.083,1.0611974474817305e-09
677.642,1.0611743929685863e-09
679.204,1.061151399733832e-09
680.769,1.0611284676601793e-09
682.339,1.0611055675243801e-09
683.912,1.0610827285795567e-09
685.488,1.0610599507048712e-09
687.068,1.0610372194250196e-09
688.652,1.0610145348150245e-09
690.24,1.0609918969476083e-09
691.831,1.060969320051094e-09
693.426,1.0609467899062386e-09
695.024,1.0609243206085323e-09
696.627,1.0609018841009969e-09
698.232,1.0608795223404708e-09
699.842,1.0608571934944142e-09
701.455,1.0608349253600627e-09
703.072,1.0608127040943648e-09
704.693,1.0607905297528152e-09
706.318,1.0607684023888153e-09
707.946,1.0607463355771977e-09
709.578,1.060724315719985e-09
711.214,1.0607023428652434e-09
712.853,1.0606804303978172e-09
714.496,1.0606585649009317e-09
716.143,1.0606367464174845e-09
717.794,1.0606149749884162e-09
719.449,1.0605932506527313e-09
721.107,1.0605715864840366e-09
722.77,1.060549956384829e-09
724.436,1.060528386402372e-09
726.106,1.0605068635324005e-09
727.78,1.0604853878053267e-09
729.458,1.0604639592497417e-09
731.139,1.0604425905751998e-09
732.825,1.0604212563831352e-09
734.514,1.0603999820048406e-09
736.207,1.0603787547798243e-09
737.904,1.0603575747286305e-09
739.605,1.060336441870092e-09
741.31,1.0603153562213485e-09
743.019,1.060294317797865e-09
744.732,1.0602733266134498e-09
746.449,1.060252382680273e-09
748.17,1.0602314860088846e-09
749.894,1.060210648667172e-09
751.623,1.060189846489437e-09
753.356,1.0601690915958475e-09
755.092,1.0601483958848337e-09
756.833,1.0601277355163115e-09
758.578,1.0601071224403424e-09
760.326,1.0600865683883027e-09
762.079,1.0600660498413766e-09
763.836,1.0600455785819277e-09
765.597,1.060025154605266e-09
767.361,1.0600047894237154e-09
769.13,1.0599844599401505e-09
770.903,1.0599641777170323e-09
772.681,1.05994393138299e-09
774.462,1.0599237437004466e-09
776.247,1.0599036032431003e-09
778.037,1.0598834987907796e-09
779.83,1.05986345279071e-09
781.628,1.0598434428650972e-09
783.43,1.059823480200794e-09
785.236,1.0598035647775693e-09
787.046,1.0597836965739426e-09
788.86,1.0597638755671984e-09
790.679,1.0597440908816266e-09
792.501,1.0597243642452782e-09
794.328,1.0597046739774764e-09
796.159,1.0596850309018e-09
797.995,1.0596654243343962e-09
799.834,1.0596458756025137e-09
801.678,1.059626363413842e-09
803.526,1.0596068983894635e-09
805.378,1.059587480494866e-09
807.235,1.0595680992815166e-09
809.096,1.0595487652209853e-09
810.961,1.0595294782748854e-09
812.831,1.0595102281331789e-09
814.704,1.0594910353436408e-09
816.582,1.0594718793701522e-09
818.465,1.0594527603099657e-09
820.352,1.059433688341962e-09
822.243,1.0594146634204295e-09
824.138,1.0593956854987099e-09
826.038,1.0593767445831361e-09
827.942,1.0593578506622773e-09
829.851,1.0593389938308254e-09
831.764,1.0593201839832394e-09
833.681,1.0593014210670282e-09
835.603,1.0592826953082987e-09
837.529,1.0592640164623312e-09
839.46,1.059245374841684e-09
841.395,1.0592267801097497e-09
843.335,1.0592082226647936e-09
845.279,1.059189712079192e-09
847.227,1.0591712482927835e-09
849.18,1.0591528218312926e-09
851.138,1.0591344327622592e-09
853.1,1.059116090478634e-09
855.067,1.0590977856313553e-09
857.038,1.0590795275249298e-09
859.014,1.0590613068930692e-09
860.994,1.059043132952682e-09
862.979,1.0590249965195311e-09
864.968,1.0590069067237654e-09
866.962,1.0589888544624822e-09
868.96,1.058970848779903e-09
870.964,1.0589528717037041e-09
872.971,1.0589349501340472e-09
874.984,1.0589170572690955e-09
877.001,1.0588992109331341e-09
879.023,1.058881402262492e-09
881.049,1.05886364004791e-09
883.08,1.0588459155042735e-09
885.116,1.058828228672482e-09
887.156,1.0588105882192496e-09
889.201,1.0587929854757366e-09
891.251,1.0587754204784845e-09
893.305,1.0587579017719565e-09
895.365,1.0587404123315094e-09
897.429,1.0587229691693736e-09
899.498,1.0587055638068008e-09
901.571,1.0586882046277728e-09
903.649,1.058670883228754e-09
905.733,1.058653591358044e-09
907.821,1.0586363456356403e-09
909.913,1.0586191459715991e-09
912.011,1.0586019759450806e-09
914.113,1.0585848519453255e-09
916.22,1.058567765789484e-09
918.333,1.0585507094424843e-09
920.45,1.058533699065531e-09
922.571,1.058516734563746e-09
924.698,1.0584997999549285e-09
926.83,1.0584829032688264e-09
928.966,1.0584660523880272e-09
931.108,1.0584492315450328e-09
933.254,1.058432456454996e-09
935.406,1.0584157114919692e-09
937.562,1.0583990122250225e-09
939.723,1.0583823508608557e-09
941.89,1.0583657197467745e-09
944.061,1.0583491342352872e-09
946.237,1.058332586636014e-09
948.418,1.058316076949708e-09
950.605,1.0582995976580807e-09
952.796,1.0582831638296072e-09
954.993,1.0582667604599157e-09
957.194,1.0582504024774436e-09
959.401,1.0582340750125949e-09
961.612,1.0582177928550864e-09
963.829,1.0582015412688915e-09
966.051,1.0581853276261649e-09
968.278,1.058169151916889e-09
970.51,1.0581530141299687e-09
972.747,1.0581369142532458e-09
974.99,1.0581208451258063e-09
977.237,1.0581048210615315e-09
979.49,1.058088827782174e-09
981.748,1.058072872418693e-09
984.011,1.0580569549533445e-09
986.279,1.0580410753673982e-09
988.553,1.058025226687606e-09
990.832,1.0580094159105237e-09
993.116,1.0579936430140868e-09
995.405,1.057977907975293e-09
997.7,1.0579622039431836e-09
1000.0,1.057946537782475e-09
