freq (Hz),input noise; V / sqrt(Hz) Vcm -0.5 mcparamset 1  (V / sqrt(Hz)),input noise; V / sqrt(Hz) Vcm -0.5 mcparamset 2  (V / sqrt(Hz)),input noise; V / sqrt(Hz) Vcm -0.5 mcparamset 3  (V / sqrt(Hz)),input noise; V / sqrt(Hz) Vcm -0.5 mcparamset 4  (V / sqrt(Hz)),input noise; V / sqrt(Hz) Vcm -0.5 mcparamset 5  (V / sqrt(Hz)),input noise; V / sqrt(Hz) Vcm -0.5 mcparamset 6  (V / sqrt(Hz)),input noise; V / sqrt(Hz) Vcm -0.5 mcparamset 7  (V / sqrt(Hz)),input noise; V / sqrt(Hz) Vcm -0.5 mcparamset 8  (V / sqrt(Hz)),input noise; V / sqrt(Hz) Vcm -0.5 mcparamset 9  (V / sqrt(Hz)),input noise; V / sqrt(Hz) Vcm -0.5 mcparamset 10  (V / sqrt(Hz)),input noise; V / sqrt(Hz) Vcm -0.5 mcparamset 11  (V / sqrt(Hz)),input noise; V / sqrt(Hz) Vcm -0.5 mcparamset 12  (V / sqrt(Hz)),input noise; V / sqrt(Hz) Vcm -0.5 mcparamset 13  (V / sqrt(Hz)),input noise; V / sqrt(Hz) Vcm -0.5 mcparamset 14  (V / sqrt(Hz)),input noise; V / sqrt(Hz) Vcm -0.5 mcparamset 15  (V / sqrt(Hz)),input noise; V / sqrt(Hz) Vcm -0.5 mcparamset 16  (V / sqrt(Hz)),input noise; V / sqrt(Hz) Vcm -0.5 mcparamset 17  (V / sqrt(Hz)),input noise; V / sqrt(Hz) Vcm -0.5 mcparamset 18  (V / sqrt(Hz)),input noise; V / sqrt(Hz) Vcm -0.5 mcparamset 19  (V / sqrt(Hz)),input noise; V / sqrt(Hz) Vcm -0.5 mcparamset 20  (V / sqrt(Hz)),input noise; V / sqrt(Hz) Vcm 0 mcparamset 1  (V / sqrt(Hz)),input noise; V / sqrt(Hz) Vcm 0 mcparamset 2  (V / sqrt(Hz)),input noise; V / sqrt(Hz) Vcm 0 mcparamset 3  (V / sqrt(Hz)),input noise; V / sqrt(Hz) Vcm 0 mcparamset 4  (V / sqrt(Hz)),input noise; V / sqrt(Hz) Vcm 0 mcparamset 5  (V / sqrt(Hz)),input noise; V / sqrt(Hz) Vcm 0 mcparamset 6  (V / sqrt(Hz)),input noise; V / sqrt(Hz) Vcm 0 mcparamset 7  (V / sqrt(Hz)),input noise; V / sqrt(Hz) Vcm 0 mcparamset 8  (V / sqrt(Hz)),input noise; V / sqrt(Hz) Vcm 0 mcparamset 9  (V / sqrt(Hz)),input noise; V / sqrt(Hz) Vcm 0 mcparamset 10  (V / sqrt(Hz)),input noise; V / sqrt(Hz) Vcm 0 mcparamset 11  (V / sqrt(Hz)),input noise; V / sqrt(Hz) Vcm 0 mcparamset 12  (V / sqrt(Hz)),input noise; V / sqrt(Hz) Vcm 0 mcparamset 13  (V / sqrt(Hz)),input noise; V / sqrt(Hz) Vcm 0 mcparamset 14  (V / sqrt(Hz)),input noise; V / sqrt(Hz) Vcm 0 mcparamset 15  (V / sqrt(Hz)),input noise; V / sqrt(Hz) Vcm 0 mcparamset 16  (V / sqrt(Hz)),input noise; V / sqrt(Hz) Vcm 0 mcparamset 17  (V / sqrt(Hz)),input noise; V / sqrt(Hz) Vcm 0 mcparamset 18  (V / sqrt(Hz)),input noise; V / sqrt(Hz) Vcm 0 mcparamset 19  (V / sqrt(Hz)),input noise; V / sqrt(Hz) Vcm 0 mcparamset 20  (V / sqrt(Hz)),input noise; V / sqrt(Hz) Vcm 0.5 mcparamset 1  (V / sqrt(Hz)),input noise; V / sqrt(Hz) Vcm 0.5 mcparamset 2  (V / sqrt(Hz)),input noise; V / sqrt(Hz) Vcm 0.5 mcparamset 3  (V / sqrt(Hz)),input noise; V / sqrt(Hz) Vcm 0.5 mcparamset 4  (V / sqrt(Hz)),input noise; V / sqrt(Hz) Vcm 0.5 mcparamset 5  (V / sqrt(Hz)),input noise; V / sqrt(Hz) Vcm 0.5 mcparamset 6  (V / sqrt(Hz)),input noise; V / sqrt(Hz) Vcm 0.5 mcparamset 7  (V / sqrt(Hz)),input noise; V / sqrt(Hz) Vcm 0.5 mcparamset 8  (V / sqrt(Hz)),input noise; V / sqrt(Hz) Vcm 0.5 mcparamset 9  (V / sqrt(Hz)),input noise; V / sqrt(Hz) Vcm 0.5 mcparamset 10  (V / sqrt(Hz)),input noise; V / sqrt(Hz) Vcm 0.5 mcparamset 11  (V / sqrt(Hz)),input noise; V / sqrt(Hz) Vcm 0.5 mcparamset 12  (V / sqrt(Hz)),input noise; V / sqrt(Hz) Vcm 0.5 mcparamset 13  (V / sqrt(Hz)),input noise; V / sqrt(Hz) Vcm 0.5 mcparamset 14  (V / sqrt(Hz)),input noise; V / sqrt(Hz) Vcm 0.5 mcparamset 15  (V / sqrt(Hz)),input noise; V / sqrt(Hz) Vcm 0.5 mcparamset 16  (V / sqrt(Hz)),input noise; V / sqrt(Hz) Vcm 0.5 mcparamset 17  (V / sqrt(Hz)),input noise; V / sqrt(Hz) Vcm 0.5 mcparamset 18  (V / sqrt(Hz)),input noise; V / sqrt(Hz) Vcm 0.5 mcparamset 19  (V / sqrt(Hz)),input noise; V / sqrt(Hz) Vcm 0.5 mcparamset 20  (V / sqrt(Hz))
1.00000,6.60742E-9,7.92301E-9,12.8353E-9,8.13437E-9,17.8141E-9,26.5804E-9,25.9967E-9,8.19606E-9,7.96955E-9,13.9368E-9,5.10809E-9,8.14289E-9,19.0347E-9,11.7553E-9,6.62407E-9,10.5583E-9,9.62198E-9,17.5441E-9,9.11660E-9,11.1740E-9,6.61325E-9,7.93744E-9,12.8608E-9,8.15027E-9,17.8540E-9,26.6423E-9,26.0579E-9,8.21127E-9,7.98045E-9,13.9634E-9,5.11390E-9,8.15369E-9,19.0782E-9,11.7764E-9,6.63247E-9,10.5757E-9,9.64117E-9,17.5841E-9,9.13133E-9,11.1940E-9,6.62055E-9,7.94966E-9,12.8808E-9,8.16296E-9,17.8840E-9,26.6884E-9,26.1037E-9,8.22290E-9,7.98980E-9,13.9841E-9,5.11987E-9,8.16166E-9,19.1113E-9,11.7931E-9,6.63969E-9,10.5889E-9,9.65647E-9,17.6128E-9,9.14286E-9,11.2095E-9
1.25893,5.84471E-9,6.97709E-9,11.2664E-9,7.15750E-9,15.6155E-9,23.2904E-9,22.7799E-9,7.20915E-9,7.02276E-9,12.2309E-9,4.52537E-9,7.16672E-9,16.6848E-9,10.3286E-9,5.84415E-9,9.27534E-9,8.45689E-9,15.3803E-9,8.01675E-9,9.81758E-9,5.84969E-9,6.98957E-9,11.2887E-9,7.17127E-9,15.6504E-9,23.3445E-9,22.8334E-9,7.22230E-9,7.03217E-9,12.2541E-9,4.53024E-9,7.17602E-9,16.7228E-9,10.3470E-9,5.85133E-9,9.29039E-9,8.47354E-9,15.4153E-9,8.02950E-9,9.83493E-9,5.85596E-9,7.00014E-9,11.3061E-9,7.18226E-9,15.6766E-9,23.3848E-9,22.8735E-9,7.23236E-9,7.04025E-9,12.2722E-9,4.53528E-9,7.18287E-9,16.7518E-9,10.3615E-9,5.85751E-9,9.30185E-9,8.48682E-9,15.4404E-9,8.03948E-9,9.84840E-9
1.58489,5.17581E-9,6.14936E-9,9.89290E-9,6.30305E-9,13.6908E-9,20.4092E-9,19.9629E-9,6.34621E-9,6.19351E-9,10.7372E-9,4.01663E-9,6.31275E-9,14.6274E-9,9.07888E-9,5.16212E-9,8.15246E-9,7.43741E-9,13.4859E-9,7.05438E-9,8.62968E-9,5.18001E-9,6.16011E-9,9.91226E-9,6.31493E-9,13.7213E-9,20.4566E-9,20.0097E-9,6.35756E-9,6.20160E-9,10.7574E-9,4.02066E-9,6.32072E-9,14.6605E-9,9.09484E-9,5.16821E-9,8.16550E-9,7.45183E-9,13.5165E-9,7.06539E-9,8.64474E-9,5.18536E-9,6.16921E-9,9.92740E-9,6.32441E-9,13.7441E-9,20.4918E-9,20.0448E-9,6.36621E-9,6.20854E-9,10.7731E-9,4.02485E-9,6.32658E-9,14.6859E-9,9.10745E-9,5.17346E-9,8.17541E-9,7.46331E-9,13.5383E-9,7.07399E-9,8.65643E-9
1.99526,4.58992E-9,5.42573E-9,8.69079E-9,5.55633E-9,12.0062E-9,17.8865E-9,17.4962E-9,5.59236E-9,5.46786E-9,9.42955E-9,3.57339E-9,5.56636E-9,12.8264E-9,7.98453E-9,4.56647E-9,7.17026E-9,6.54593E-9,11.8277E-9,6.21293E-9,7.58989E-9,4.59342E-9,5.43493E-9,8.70760E-9,5.56654E-9,12.0328E-9,17.9279E-9,17.5371E-9,5.60209E-9,5.47476E-9,9.44710E-9,3.57665E-9,5.57314E-9,12.8553E-9,7.99838E-9,4.57158E-9,7.18151E-9,6.55837E-9,11.8543E-9,6.22239E-9,7.60292E-9,4.59793E-9,5.44273E-9,8.72074E-9,5.57468E-9,12.0527E-9,17.9587E-9,17.5678E-9,5.60949E-9,5.48068E-9,9.46074E-9,3.58007E-9,5.57810E-9,12.8774E-9,8.00931E-9,4.57598E-9,7.19006E-9,6.56827E-9,11.8734E-9,6.22977E-9,7.61303E-9
2.51189,4.07755E-9,4.79385E-9,7.63924E-9,4.90451E-9,10.5322E-9,15.6777E-9,15.3366E-9,4.93455E-9,4.83357E-9,8.28538E-9,3.18821E-9,4.91473E-9,11.2502E-9,7.02683E-9,4.04709E-9,6.31173E-9,5.76706E-9,10.3765E-9,5.47790E-9,6.68031E-9,4.08039E-9,4.80168E-9,7.65380E-9,4.91323E-9,10.5553E-9,15.7139E-9,15.3723E-9,4.94284E-9,4.83941E-9,8.30059E-9,3.19076E-9,4.92045E-9,11.2755E-9,7.03880E-9,4.05132E-9,6.32140E-9,5.77774E-9,10.3998E-9,5.48598E-9,6.69155E-9,4.08414E-9,4.80831E-9,7.66517E-9,4.92015E-9,10.5727E-9,15.7408E-9,15.3991E-9,4.94912E-9,4.84441E-9,8.31241E-9,3.19347E-9,4.92461E-9,11.2947E-9,7.04824E-9,4.05495E-9,6.32872E-9,5.78623E-9,10.4163E-9,5.49227E-9,6.70026E-9
3.16228,3.63034E-9,4.24292E-9,6.71999E-9,4.33634E-9,9.24278E-9,13.7443E-9,13.4461E-9,4.36137E-9,4.27994E-9,7.28478E-9,2.85453E-9,4.34668E-9,9.87124E-9,6.18932E-9,3.59516E-9,5.56200E-9,5.08731E-9,9.10702E-9,4.83662E-9,5.88527E-9,3.63259E-9,4.24952E-9,6.73256E-9,4.34372E-9,9.26292E-9,13.7759E-9,13.4773E-9,4.36838E-9,4.28482E-9,7.29793E-9,2.85643E-9,4.35144E-9,9.89321E-9,6.19962E-9,3.59858E-9,5.57026E-9,5.09643E-9,9.12723E-9,4.84347E-9,5.89492E-9,3.63564E-9,4.25510E-9,6.74236E-9,4.34956E-9,9.27800E-9,13.7993E-9,13.5007E-9,4.37365E-9,4.28900E-9,7.30814E-9,2.85849E-9,4.35486E-9,9.90996E-9,6.20773E-9,3.60151E-9,5.57649E-9,5.10366E-9,9.14165E-9,4.84877E-9,5.90238E-9
3.98107,3.24097E-9,3.76350E-9,5.91706E-9,3.84199E-9,8.11546E-9,12.0521E-9,11.7915E-9,3.86287E-9,3.79760E-9,6.41035E-9,2.56657E-9,3.85238E-9,8.66525E-9,5.45760E-9,3.20291E-9,4.90805E-9,4.49490E-9,7.99693E-9,4.27800E-9,5.19107E-9,3.24267E-9,3.76899E-9,5.92787E-9,3.84816E-9,8.13294E-9,12.0796E-9,11.8188E-9,3.86871E-9,3.80161E-9,6.42169E-9,2.56786E-9,3.85628E-9,8.68434E-9,5.46641E-9,3.20560E-9,4.91506E-9,4.50263E-9,8.01449E-9,4.28373E-9,5.19930E-9,3.24507E-9,3.77361E-9,5.93627E-9,3.85303E-9,8.14601E-9,12.1001E-9,11.8391E-9,3.87308E-9,3.80504E-9,6.43046E-9,2.56932E-9,3.85903E-9,8.69889E-9,5.47334E-9,3.20788E-9,4.92031E-9,4.50872E-9,8.02699E-9,4.28815E-9,5.20564E-9
5.01187,2.90297E-9,3.34730E-9,5.21648E-9,3.41285E-9,7.13038E-9,10.5714E-9,10.3439E-9,3.43030E-9,3.37832E-9,5.64690E-9,2.31920E-9,3.42326E-9,7.61108E-9,4.81908E-9,2.86354E-9,4.33853E-9,3.97952E-9,7.02680E-9,3.79232E-9,4.58571E-9,2.90415E-9,3.35178E-9,5.22571E-9,3.41795E-9,7.14552E-9,10.5955E-9,10.3676E-9,3.43511E-9,3.38154E-9,5.65661E-9,2.31993E-9,3.42637E-9,7.62765E-9,4.82657E-9,2.86555E-9,4.34440E-9,3.98600E-9,7.04200E-9,3.79706E-9,4.59267E-9,2.90596E-9,3.35554E-9,5.23287E-9,3.42192E-9,7.15682E-9,10.6133E-9,10.3853E-9,3.43865E-9,3.38428E-9,5.66411E-9,2.32082E-9,3.42852E-9,7.64024E-9,4.83244E-9,2.86724E-9,4.34878E-9,3.99108E-9,7.05281E-9,3.80067E-9,4.59801E-9
6.30957,2.61063E-9,2.98704E-9,4.60604E-9,3.04140E-9,6.27026E-9,9.27636E-9,9.07766E-9,3.05604E-9,3.01488E-9,4.98112E-9,2.10783E-9,3.05181E-9,6.69024E-9,4.26274E-9,2.57104E-9,3.84348E-9,3.53217E-9,6.17959E-9,3.37111E-9,4.05870E-9,2.61132E-9,2.99061E-9,4.61387E-9,3.04550E-9,6.28332E-9,9.29729E-9,9.09830E-9,3.05989E-9,3.01738E-9,4.98939E-9,2.10803E-9,3.05419E-9,6.70457E-9,4.26904E-9,2.57243E-9,3.84833E-9,3.53751E-9,6.19272E-9,3.37494E-9,4.06453E-9,2.61258E-9,2.99358E-9,4.61991E-9,3.04867E-9,6.29304E-9,9.31280E-9,9.11371E-9,3.06268E-9,3.01948E-9,4.99574E-9,2.10841E-9,3.05577E-9,6.71543E-9,4.27395E-9,2.57356E-9,3.85190E-9,3.54167E-9,6.20202E-9,3.37781E-9,4.06897E-9
7.94328,2.35888E-9,2.67635E-9,4.07505E-9,2.72099E-9,5.51995E-9,8.14410E-9,7.97070E-9,2.73336E-9,2.70094E-9,4.40140E-9,1.92832E-9,2.73139E-9,5.88656E-9,3.77893E-9,2.32010E-9,3.41419E-9,3.14493E-9,5.44045E-9,3.00691E-9,3.60089E-9,2.35911E-9,2.67909E-9,4.08162E-9,2.72420E-9,5.53117E-9,8.16227E-9,7.98862E-9,2.73635E-9,2.70277E-9,4.40837E-9,1.92804E-9,2.73312E-9,5.89889E-9,3.78416E-9,2.32091E-9,3.41813E-9,3.14926E-9,5.45173E-9,3.00991E-9,3.60569E-9,2.35986E-9,2.68133E-9,4.08666E-9,2.72662E-9,5.53949E-9,8.17573E-9,8.00197E-9,2.73844E-9,2.70428E-9,4.41370E-9,1.92793E-9,2.73417E-9,5.90822E-9,3.78821E-9,2.32152E-9,3.42097E-9,3.15258E-9,5.45969E-9,3.01211E-9,3.60930E-9
10.0000,2.14318E-9,2.40956E-9,3.61419E-9,2.44579E-9,4.86626E-9,7.15474E-9,7.00352E-9,2.45635E-9,2.43089E-9,3.89756E-9,1.77691E-9,2.45619E-9,5.18588E-9,3.35923E-9,2.10597E-9,3.04306E-9,2.81089E-9,4.79637E-9,2.69318E-9,3.20422E-9,2.14299E-9,2.41154E-9,3.61963E-9,2.44818E-9,4.87583E-9,7.17049E-9,7.01903E-9,2.45854E-9,2.43210E-9,3.90337E-9,1.77619E-9,2.45730E-9,5.19645E-9,3.36349E-9,2.10624E-9,3.04615E-9,2.81428E-9,4.80601E-9,2.69542E-9,3.20808E-9,2.14325E-9,2.41312E-9,3.62375E-9,2.44992E-9,4.88290E-9,7.18212E-9,7.03057E-9,2.46000E-9,2.43307E-9,3.90777E-9,1.77564E-9,2.45786E-9,5.20441E-9,3.36674E-9,2.10638E-9,3.04832E-9,2.81684E-9,4.81276E-9,2.69699E-9,3.21095E-9
12.5893,1.95946E-9,2.18168E-9,3.21529E-9,2.21061E-9,4.29763E-9,6.29089E-9,6.15913E-9,2.21976E-9,2.19974E-9,3.46073E-9,1.65016E-9,2.22102E-9,4.57587E-9,2.99623E-9,1.92438E-9,2.72337E-9,2.52393E-9,4.23600E-9,2.42413E-9,2.86165E-9,1.95886E-9,2.18295E-9,3.21969E-9,2.21225E-9,4.30573E-9,6.30449E-9,6.17251E-9,2.22122E-9,2.20038E-9,3.46549E-9,1.64903E-9,2.22156E-9,4.58486E-9,2.99960E-9,1.92416E-9,2.72569E-9,2.52647E-9,4.24416E-9,2.42567E-9,2.86466E-9,1.95869E-9,2.18392E-9,3.22299E-9,2.21336E-9,4.31168E-9,6.31451E-9,6.18244E-9,2.22209E-9,2.20084E-9,3.46905E-9,1.64808E-9,2.22166E-9,4.59160E-9,3.00213E-9,1.92385E-9,2.72725E-9,2.52833E-9,4.24984E-9,2.42667E-9,2.86684E-9
15.8489,1.80401E-9,1.98818E-9,2.87117E-9,2.01082E-9,3.80398E-9,5.53735E-9,5.42266E-9,2.01888E-9,2.00303E-9,3.08311E-9,1.54490E-9,2.02124E-9,4.04573E-9,2.68343E-9,1.77147E-9,2.44923E-9,2.27864E-9,3.74942E-9,2.19463E-9,2.56697E-9,1.80304E-9,1.98881E-9,2.87464E-9,2.01177E-9,3.81076E-9,5.54904E-9,5.43416E-9,2.01968E-9,2.00314E-9,3.08692E-9,1.54340E-9,2.02126E-9,4.05331E-9,2.68599E-9,1.77079E-9,2.45084E-9,2.28041E-9,3.75626E-9,2.19553E-9,2.56921E-9,1.80245E-9,1.98921E-9,2.87718E-9,2.01230E-9,3.81569E-9,5.55762E-9,5.44266E-9,2.02001E-9,2.00314E-9,3.08971E-9,1.54208E-9,2.02093E-9,4.05895E-9,2.68785E-9,1.77007E-9,2.45182E-9,2.28162E-9,3.76097E-9,2.19599E-9,2.57076E-9
19.9526,1.67343E-9,1.82499E-9,2.57552E-9,1.84223E-9,3.37649E-9,4.88082E-9,4.78114E-9,1.84949E-9,1.83673E-9,2.75788E-9,1.45817E-9,1.85268E-9,3.58605E-9,2.41507E-9,1.64367E-9,2.21537E-9,2.07020E-9,3.32795E-9,2.00007E-9,2.31470E-9,1.67211E-9,1.82504E-9,2.57814E-9,1.84255E-9,3.38209E-9,4.89082E-9,4.79096E-9,1.84968E-9,1.83636E-9,2.76081E-9,1.45635E-9,1.85221E-9,3.59235E-9,2.41689E-9,1.64258E-9,2.21633E-9,2.07126E-9,3.33360E-9,2.00037E-9,2.31623E-9,1.67114E-9,1.82493E-9,2.57999E-9,1.84255E-9,3.38610E-9,4.89812E-9,4.79818E-9,1.84950E-9,1.83591E-9,2.76290E-9,1.45470E-9,1.85148E-9,3.59700E-9,2.41814E-9,1.64148E-9,2.21678E-9,2.07187E-9,3.33742E-9,2.00034E-9,2.31719E-9
25.1189,1.56458E-9,1.68841E-9,2.32277E-9,1.70102E-9,3.00745E-9,4.30972E-9,4.22324E-9,1.70771E-9,1.69716E-9,2.47899E-9,1.38729E-9,1.71150E-9,3.18856E-9,2.18606E-9,1.53773E-9,2.01710E-9,1.89423E-9,2.96400E-9,1.83627E-9,2.09994E-9,1.56294E-9,1.68792E-9,2.32461E-9,1.70077E-9,3.01197E-9,4.31820E-9,4.23155E-9,1.70736E-9,1.69634E-9,2.48113E-9,1.38518E-9,1.71059E-9,3.19372E-9,2.18720E-9,1.53626E-9,2.01746E-9,1.89465E-9,2.96858E-9,1.83603E-9,2.10081E-9,1.56162E-9,1.68734E-9,2.32582E-9,1.70029E-9,3.01515E-9,4.32435E-9,4.23762E-9,1.70672E-9,1.69549E-9,2.48257E-9,1.38326E-9,1.70950E-9,3.19747E-9,2.18788E-9,1.53482E-9,2.01742E-9,1.89472E-9,2.97159E-9,1.83555E-9,2.10123E-9
31.6228,1.47456E-9,1.57499E-9,2.10794E-9,1.58369E-9,2.69009E-9,3.81390E-9,3.73903E-9,1.59001E-9,1.58094E-9,2.24111E-9,1.32982E-9,1.59421E-9,2.84605E-9,1.99182E-9,1.45063E-9,1.85016E-9,1.74679E-9,2.65091E-9,1.69942E-9,1.91828E-9,1.47263E-9,1.57404E-9,2.10906E-9,1.58293E-9,2.69363E-9,3.82102E-9,3.74599E-9,1.58916E-9,1.57971E-9,2.24252E-9,1.32746E-9,1.59290E-9,2.85017E-9,1.99233E-9,1.44882E-9,1.84997E-9,1.74662E-9,2.65450E-9,1.69869E-9,1.91856E-9,1.47101E-9,1.57303E-9,2.10968E-9,1.58202E-9,2.69603E-9,3.82613E-9,3.75103E-9,1.58811E-9,1.57850E-9,2.24337E-9,1.32529E-9,1.59147E-9,2.85309E-9,1.99249E-9,1.44708E-9,1.84948E-9,1.74619E-9,2.65678E-9,1.69779E-9,1.91848E-9
39.8107,1.40071E-9,1.48160E-9,1.92653E-9,1.48702E-9,2.41841E-9,3.38451E-9,3.31988E-9,1.49310E-9,1.48494E-9,2.03945E-9,1.28354E-9,1.49758E-9,2.55215E-9,1.82820E-9,1.37959E-9,1.71069E-9,1.62424E-9,2.38280E-9,1.58601E-9,1.76574E-9,1.39853E-9,1.48023E-9,1.92701E-9,1.48581E-9,2.42106E-9,3.39040E-9,3.32562E-9,1.49181E-9,1.48336E-9,2.04019E-9,1.28097E-9,1.49591E-9,2.55532E-9,1.82814E-9,1.37750E-9,1.71000E-9,1.62354E-9,2.38550E-9,1.58485E-9,1.76546E-9,1.39663E-9,1.47885E-9,1.92708E-9,1.48450E-9,2.42276E-9,3.39457E-9,3.32971E-9,1.49040E-9,1.48182E-9,2.04048E-9,1.27859E-9,1.49418E-9,2.55749E-9,1.82782E-9,1.37549E-9,1.70909E-9,1.62267E-9,2.38710E-9,1.58357E-9,1.76493E-9
50.1187,1.34058E-9,1.40534E-9,1.77448E-9,1.40804E-9,2.18712E-9,3.01379E-9,2.95818E-9,1.41400E-9,1.40631E-9,1.86966E-9,1.24652E-9,1.41862E-9,2.30124E-9,1.69142E-9,1.32212E-9,1.59510E-9,1.52322E-9,2.15444E-9,1.49283E-9,1.63863E-9,1.33818E-9,1.40359E-9,1.77437E-9,1.40643E-9,2.18895E-9,3.01856E-9,2.96282E-9,1.41233E-9,1.40440E-9,1.86980E-9,1.24378E-9,1.41664E-9,2.30354E-9,1.69085E-9,1.31978E-9,1.59397E-9,1.52205E-9,2.15632E-9,1.49127E-9,1.63787E-9,1.33605E-9,1.40189E-9,1.77395E-9,1.40478E-9,2.19000E-9,3.02188E-9,2.96606E-9,1.41060E-9,1.40257E-9,1.86959E-9,1.24122E-9,1.41464E-9,2.30501E-9,1.69008E-9,1.31754E-9,1.59268E-9,1.52078E-9,2.15730E-9,1.48967E-9,1.63692E-9
63.0957,1.29199E-9,1.34356E-9,1.64806E-9,1.34403E-9,1.99146E-9,2.69493E-9,2.64729E-9,1.34996E-9,1.34241E-9,1.72781E-9,1.21708E-9,1.35464E-9,2.08828E-9,1.57801E-9,1.27596E-9,1.50012E-9,1.44065E-9,1.96116E-9,1.41690E-9,1.53361E-9,1.28940E-9,1.34150E-9,1.64741E-9,1.34208E-9,1.99254E-9,2.69869E-9,2.65092E-9,1.34796E-9,1.34023E-9,1.72740E-9,1.21419E-9,1.35238E-9,2.08979E-9,1.57697E-9,1.27340E-9,1.49859E-9,1.43908E-9,1.96230E-9,1.41501E-9,1.53241E-9,1.28706E-9,1.33951E-9,1.64655E-9,1.34014E-9,1.99300E-9,2.70123E-9,2.65338E-9,1.34595E-9,1.33815E-9,1.72673E-9,1.21149E-9,1.35016E-9,2.09064E-9,1.57581E-9,1.27097E-9,1.49698E-9,1.43746E-9,1.96271E-9,1.41311E-9,1.53109E-9
79.4328,1.25297E-9,1.29389E-9,1.54382E-9,1.29257E-9,1.82712E-9,2.42193E-9,2.38131E-9,1.29851E-9,1.29088E-9,1.61027E-9,1.19378E-9,1.30319E-9,1.90877E-9,1.48476E-9,1.23913E-9,1.42274E-9,1.37373E-9,1.79874E-9,1.35554E-9,1.44756E-9,1.25022E-9,1.29157E-9,1.54271E-9,1.29033E-9,1.82753E-9,2.42477E-9,2.38403E-9,1.29624E-9,1.28846E-9,1.60936E-9,1.19078E-9,1.30070E-9,1.90956E-9,1.48330E-9,1.23639E-9,1.42086E-9,1.37181E-9,1.79921E-9,1.35335E-9,1.44597E-9,1.24771E-9,1.28933E-9,1.54145E-9,1.28813E-9,1.82744E-9,2.42659E-9,2.38578E-9,1.29399E-9,1.28617E-9,1.60828E-9,1.18796E-9,1.29828E-9,1.90982E-9,1.48179E-9,1.23380E-9,1.41896E-9,1.36988E-9,1.79909E-9,1.35120E-9,1.44432E-9
100.000,1.22183E-9,1.25424E-9,1.45861E-9,1.25147E-9,1.69017E-9,2.18946E-9,2.15503E-9,1.25748E-9,1.24961E-9,1.51370E-9,1.17542E-9,1.26210E-9,1.75859E-9,1.40872E-9,1.20991E-9,1.36021E-9,1.31992E-9,1.66332E-9,1.30632E-9,1.37764E-9,1.21894E-9,1.25169E-9,1.45708E-9,1.24899E-9,1.68998E-9,2.19147E-9,2.15692E-9,1.25497E-9,1.24700E-9,1.51236E-9,1.17232E-9,1.25942E-9,1.75873E-9,1.40691E-9,1.20703E-9,1.35804E-9,1.31770E-9,1.66318E-9,1.30388E-9,1.37572E-9,1.21629E-9,1.24925E-9,1.45547E-9,1.24659E-9,1.68940E-9,2.19263E-9,2.15801E-9,1.25252E-9,1.24452E-9,1.51091E-9,1.16941E-9,1.25683E-9,1.75846E-9,1.40509E-9,1.20430E-9,1.35587E-9,1.31551E-9,1.66258E-9,1.30151E-9,1.37378E-9
125.893,1.19709E-9,1.22277E-9,1.38954E-9,1.21887E-9,1.57701E-9,1.99276E-9,1.96377E-9,1.22495E-9,1.21677E-9,1.43503E-9,1.16100E-9,1.22950E-9,1.63397E-9,1.34723E-9,1.18685E-9,1.31007E-9,1.27695E-9,1.55135E-9,1.26711E-9,1.32128E-9,1.19410E-9,1.22004E-9,1.38765E-9,1.21619E-9,1.57628E-9,1.99400E-9,1.96490E-9,1.22225E-9,1.21400E-9,1.43331E-9,1.15782E-9,1.22666E-9,1.63353E-9,1.34511E-9,1.18385E-9,1.30764E-9,1.27448E-9,1.55066E-9,1.26447E-9,1.31907E-9,1.19133E-9,1.21743E-9,1.38574E-9,1.21361E-9,1.57526E-9,1.99455E-9,1.96538E-9,1.21964E-9,1.21137E-9,1.43154E-9,1.15483E-9,1.22393E-9,1.63279E-9,1.34302E-9,1.18101E-9,1.30526E-9,1.27208E-9,1.54964E-9,1.26192E-9,1.31689E-9
158.489,1.17754E-9,1.19793E-9,1.33400E-9,1.19315E-9,1.48432E-9,1.82749E-9,1.80326E-9,1.19932E-9,1.19078E-9,1.37148E-9,1.14971E-9,1.20377E-9,1.53144E-9,1.29787E-9,1.16872E-9,1.27013E-9,1.24287E-9,1.45956E-9,1.23606E-9,1.27619E-9,1.17446E-9,1.19505E-9,1.33181E-9,1.19031E-9,1.48310E-9,1.82804E-9,1.80371E-9,1.19646E-9,1.18787E-9,1.36943E-9,1.14647E-9,1.20080E-9,1.53049E-9,1.29549E-9,1.16563E-9,1.26750E-9,1.24019E-9,1.45840E-9,1.23325E-9,1.27374E-9,1.17159E-9,1.19231E-9,1.32963E-9,1.18758E-9,1.48170E-9,1.82805E-9,1.80364E-9,1.19371E-9,1.18511E-9,1.36738E-9,1.14342E-9,1.19796E-9,1.52932E-9,1.29318E-9,1.16270E-9,1.26494E-9,1.23762E-9,1.45700E-9,1.23056E-9,1.27135E-9
199.526,1.16213E-9,1.17841E-9,1.28966E-9,1.17294E-9,1.40904E-9,1.68974E-9,1.66965E-9,1.17920E-9,1.17030E-9,1.32053E-9,1.14089E-9,1.18356E-9,1.44782E-9,1.25853E-9,1.15452E-9,1.23853E-9,1.21598E-9,1.38497E-9,1.21161E-9,1.24034E-9,1.15898E-9,1.17540E-9,1.28721E-9,1.16997E-9,1.40741E-9,1.68967E-9,1.66947E-9,1.17621E-9,1.16728E-9,1.31820E-9,1.13760E-9,1.18048E-9,1.44642E-9,1.25594E-9,1.15135E-9,1.23573E-9,1.21314E-9,1.38340E-9,1.20866E-9,1.23769E-9,1.15604E-9,1.17256E-9,1.28482E-9,1.16713E-9,1.40567E-9,1.68918E-9,1.66891E-9,1.17336E-9,1.16443E-9,1.31592E-9,1.13450E-9,1.17755E-9,1.44489E-9,1.25343E-9,1.14836E-9,1.23302E-9,1.21042E-9,1.38167E-9,1.20585E-9,1.23514E-9
251.189,1.15004E-9,1.16312E-9,1.25449E-9,1.15714E-9,1.34840E-9,1.57588E-9,1.55935E-9,1.16347E-9,1.15423E-9,1.27997E-9,1.13401E-9,1.16774E-9,1.38020E-9,1.22737E-9,1.14344E-9,1.21366E-9,1.19488E-9,1.32486E-9,1.19244E-9,1.21202E-9,1.14682E-9,1.16002E-9,1.25184E-9,1.15406E-9,1.34643E-9,1.57525E-9,1.55863E-9,1.16039E-9,1.15112E-9,1.27742E-9,1.13068E-9,1.16458E-9,1.37842E-9,1.22459E-9,1.14020E-9,1.21071E-9,1.19190E-9,1.32293E-9,1.18938E-9,1.20920E-9,1.14382E-9,1.15709E-9,1.24927E-9,1.15113E-9,1.34439E-9,1.57431E-9,1.55762E-9,1.15745E-9,1.14818E-9,1.27494E-9,1.12754E-9,1.16157E-9,1.37656E-9,1.22193E-9,1.13715E-9,1.20788E-9,1.18906E-9,1.32092E-9,1.18647E-9,1.20651E-9
316.228,1.14056E-9,1.15119E-9,1.22676E-9,1.14481E-9,1.29995E-9,1.48258E-9,1.46909E-9,1.15122E-9,1.14166E-9,1.24788E-9,1.12865E-9,1.15540E-9,1.32595E-9,1.20280E-9,1.13479E-9,1.19416E-9,1.17837E-9,1.27678E-9,1.17745E-9,1.18974E-9,1.13730E-9,1.14802E-9,1.22394E-9,1.14165E-9,1.29767E-9,1.48146E-9,1.46789E-9,1.14806E-9,1.13848E-9,1.24515E-9,1.12529E-9,1.15217E-9,1.32384E-9,1.19988E-9,1.13151E-9,1.19110E-9,1.17528E-9,1.27456E-9,1.17431E-9,1.18680E-9,1.13425E-9,1.14501E-9,1.22122E-9,1.13865E-9,1.29540E-9,1.48013E-9,1.46649E-9,1.14505E-9,1.13548E-9,1.24251E-9,1.12212E-9,1.14910E-9,1.32172E-9,1.19710E-9,1.12842E-9,1.18818E-9,1.17235E-9,1.27231E-9,1.17132E-9,1.18399E-9
398.107,1.13314E-9,1.14190E-9,1.20500E-9,1.13522E-9,1.26149E-9,1.40679E-9,1.39587E-9,1.14170E-9,1.13184E-9,1.22264E-9,1.12448E-9,1.14579E-9,1.28276E-9,1.18353E-9,1.12807E-9,1.17894E-9,1.16550E-9,1.23861E-9,1.16578E-9,1.17230E-9,1.12985E-9,1.13866E-9,1.20204E-9,1.13199E-9,1.25897E-9,1.40525E-9,1.39425E-9,1.13847E-9,1.12861E-9,1.21975E-9,1.12110E-9,1.14251E-9,1.28037E-9,1.18049E-9,1.12476E-9,1.17579E-9,1.16233E-9,1.23614E-9,1.16257E-9,1.16925E-9,1.12676E-9,1.13561E-9,1.19921E-9,1.12893E-9,1.25649E-9,1.40357E-9,1.39251E-9,1.13541E-9,1.12556E-9,1.21698E-9,1.11791E-9,1.13940E-9,1.27802E-9,1.17761E-9,1.12162E-9,1.17279E-9,1.15932E-9,1.23369E-9,1.15952E-9,1.16634E-9
501.187,1.12736E-9,1.13468E-9,1.18800E-9,1.12777E-9,1.23115E-9,1.34573E-9,1.33695E-9,1.13431E-9,1.12420E-9,1.20286E-9,1.12124E-9,1.13833E-9,1.24858E-9,1.16847E-9,1.12285E-9,1.16709E-9,1.15550E-9,1.20848E-9,1.15671E-9,1.15869E-9,1.12403E-9,1.13140E-9,1.18493E-9,1.12449E-9,1.22844E-9,1.34383E-9,1.33497E-9,1.13104E-9,1.12092E-9,1.19985E-9,1.11784E-9,1.13501E-9,1.24598E-9,1.16534E-9,1.11951E-9,1.16387E-9,1.15226E-9,1.20581E-9,1.15344E-9,1.15555E-9,1.12091E-9,1.12830E-9,1.18200E-9,1.12139E-9,1.22579E-9,1.34185E-9,1.33295E-9,1.12793E-9,1.11783E-9,1.19698E-9,1.11463E-9,1.13186E-9,1.24343E-9,1.16237E-9,1.11635E-9,1.16081E-9,1.14920E-9,1.20319E-9,1.15034E-9,1.15257E-9
630.957,1.12284E-9,1.12908E-9,1.17475E-9,1.12200E-9,1.20735E-9,1.29692E-9,1.28990E-9,1.12859E-9,1.11826E-9,1.18743E-9,1.11873E-9,1.13255E-9,1.22170E-9,1.15672E-9,1.11880E-9,1.15789E-9,1.14774E-9,1.18482E-9,1.14968E-9,1.14809E-9,1.11950E-9,1.12576E-9,1.17159E-9,1.11868E-9,1.20447E-9,1.29472E-9,1.28763E-9,1.12528E-9,1.11495E-9,1.18432E-9,1.11531E-9,1.12919E-9,1.21891E-9,1.15352E-9,1.11543E-9,1.15461E-9,1.14445E-9,1.18199E-9,1.14636E-9,1.14489E-9,1.11635E-9,1.12262E-9,1.16859E-9,1.11554E-9,1.20169E-9,1.29249E-9,1.28536E-9,1.12214E-9,1.11182E-9,1.18136E-9,1.11209E-9,1.12602E-9,1.21622E-9,1.15049E-9,1.11225E-9,1.15150E-9,1.14134E-9,1.17925E-9,1.14323E-9,1.14186E-9
794.328,1.11933E-9,1.12474E-9,1.16446E-9,1.11753E-9,1.18876E-9,1.25818E-9,1.25259E-9,1.12417E-9,1.11365E-9,1.17542E-9,1.11677E-9,1.12807E-9,1.20065E-9,1.14760E-9,1.11566E-9,1.15075E-9,1.14173E-9,1.16634E-9,1.14423E-9,1.13986E-9,1.11596E-9,1.12139E-9,1.16123E-9,1.11418E-9,1.18575E-9,1.25572E-9,1.25008E-9,1.12082E-9,1.11031E-9,1.17224E-9,1.11335E-9,1.12469E-9,1.19772E-9,1.14433E-9,1.11227E-9,1.14743E-9,1.13840E-9,1.16337E-9,1.14088E-9,1.13661E-9,1.11280E-9,1.11823E-9,1.15817E-9,1.11102E-9,1.18286E-9,1.25329E-9,1.24760E-9,1.11766E-9,1.10716E-9,1.16921E-9,1.11012E-9,1.12149E-9,1.19490E-9,1.14125E-9,1.10908E-9,1.14429E-9,1.13525E-9,1.16052E-9,1.13771E-9,1.13353E-9
1.00000E3,1.11659E-9,1.12137E-9,1.15648E-9,1.11407E-9,1.17429E-9,1.22762E-9,1.22319E-9,1.12075E-9,1.11007E-9,1.16611E-9,1.11526E-9,1.12460E-9,1.18424E-9,1.14051E-9,1.11323E-9,1.14523E-9,1.13708E-9,1.15194E-9,1.14001E-9,1.13348E-9,1.11321E-9,1.11800E-9,1.15320E-9,1.11070E-9,1.17117E-9,1.22496E-9,1.22047E-9,1.11738E-9,1.10671E-9,1.16286E-9,1.11183E-9,1.12120E-9,1.18120E-9,1.13720E-9,1.10983E-9,1.14188E-9,1.13372E-9,1.14887E-9,1.13664E-9,1.13019E-9,1.11004E-9,1.11482E-9,1.15010E-9,1.10752E-9,1.16820E-9,1.22236E-9,1.21783E-9,1.11420E-9,1.10354E-9,1.15978E-9,1.10858E-9,1.11799E-9,1.17828E-9,1.13408E-9,1.10662E-9,1.13871E-9,1.13054E-9,1.14594E-9,1.13345E-9,1.12708E-9
1.25893E3,1.11446E-9,1.11877E-9,1.15031E-9,1.11140E-9,1.16305E-9,1.20364E-9,1.20013E-9,1.11811E-9,1.10730E-9,1.15889E-9,1.11409E-9,1.12192E-9,1.17149E-9,1.13502E-9,1.11135E-9,1.14097E-9,1.13349E-9,1.14076E-9,1.13675E-9,1.12855E-9,1.11107E-9,1.11538E-9,1.14699E-9,1.10801E-9,1.15986E-9,1.20081E-9,1.19725E-9,1.11472E-9,1.10392E-9,1.15559E-9,1.11064E-9,1.11851E-9,1.16835E-9,1.13168E-9,1.10793E-9,1.13759E-9,1.13010E-9,1.13762E-9,1.13336E-9,1.12522E-9,1.10789E-9,1.11219E-9,1.14384E-9,1.10481E-9,1.15682E-9,1.19807E-9,1.19448E-9,1.11153E-9,1.10074E-9,1.15248E-9,1.10740E-9,1.11528E-9,1.16536E-9,1.12852E-9,1.10471E-9,1.13439E-9,1.12690E-9,1.13461E-9,1.13015E-9,1.12208E-9
1.58489E3,1.11281E-9,1.11676E-9,1.14554E-9,1.10934E-9,1.15436E-9,1.18491E-9,1.18212E-9,1.11607E-9,1.10515E-9,1.15331E-9,1.11317E-9,1.11985E-9,1.16160E-9,1.13077E-9,1.10989E-9,1.13767E-9,1.13072E-9,1.13211E-9,1.13423E-9,1.12473E-9,1.10941E-9,1.11336E-9,1.14218E-9,1.10594E-9,1.15110E-9,1.18194E-9,1.17912E-9,1.11267E-9,1.10176E-9,1.14998E-9,1.10973E-9,1.11643E-9,1.15839E-9,1.12740E-9,1.10647E-9,1.13427E-9,1.12731E-9,1.12889E-9,1.13083E-9,1.12138E-9,1.10622E-9,1.11015E-9,1.13901E-9,1.10272E-9,1.14801E-9,1.17910E-9,1.17624E-9,1.10946E-9,1.09857E-9,1.14683E-9,1.10648E-9,1.11319E-9,1.15534E-9,1.12422E-9,1.10324E-9,1.13106E-9,1.12409E-9,1.12584E-9,1.12761E-9,1.11821E-9
1.99526E3,1.11152E-9,1.11521E-9,1.14186E-9,1.10775E-9,1.14764E-9,1.17032E-9,1.16812E-9,1.11450E-9,1.10348E-9,1.14900E-9,1.11247E-9,1.11825E-9,1.15396E-9,1.12749E-9,1.10876E-9,1.13513E-9,1.12858E-9,1.12541E-9,1.13229E-9,1.12178E-9,1.10812E-9,1.11179E-9,1.13848E-9,1.10433E-9,1.14433E-9,1.16726E-9,1.16501E-9,1.11109E-9,1.10009E-9,1.14564E-9,1.10902E-9,1.11482E-9,1.15069E-9,1.12410E-9,1.10533E-9,1.13172E-9,1.12516E-9,1.12215E-9,1.12887E-9,1.11841E-9,1.10492E-9,1.10857E-9,1.13528E-9,1.10111E-9,1.14120E-9,1.16432E-9,1.16205E-9,1.10787E-9,1.09688E-9,1.14246E-9,1.10576E-9,1.11157E-9,1.14759E-9,1.12090E-9,1.10210E-9,1.12849E-9,1.12193E-9,1.11906E-9,1.12564E-9,1.11523E-9
2.51189E3,1.11052E-9,1.11400E-9,1.13901E-9,1.10652E-9,1.14245E-9,1.15901E-9,1.15725E-9,1.11329E-9,1.10220E-9,1.14567E-9,1.11192E-9,1.11702E-9,1.14805E-9,1.12495E-9,1.10789E-9,1.13317E-9,1.12693E-9,1.12025E-9,1.13079E-9,1.11950E-9,1.10711E-9,1.11058E-9,1.13562E-9,1.10310E-9,1.13911E-9,1.15586E-9,1.15407E-9,1.10987E-9,1.09879E-9,1.14229E-9,1.10847E-9,1.11358E-9,1.14474E-9,1.12154E-9,1.10446E-9,1.12974E-9,1.12349E-9,1.11695E-9,1.12736E-9,1.11612E-9,1.10391E-9,1.10736E-9,1.13240E-9,1.09986E-9,1.13594E-9,1.15286E-9,1.15103E-9,1.10665E-9,1.09558E-9,1.13909E-9,1.10521E-9,1.11033E-9,1.14160E-9,1.11833E-9,1.10122E-9,1.12650E-9,1.12025E-9,1.11382E-9,1.12413E-9,1.11292E-9
3.16228E3,1.10975E-9,1.11308E-9,1.13682E-9,1.10557E-9,1.13846E-9,1.15025E-9,1.14884E-9,1.11235E-9,1.10120E-9,1.14310E-9,1.11150E-9,1.11607E-9,1.14350E-9,1.12299E-9,1.10721E-9,1.13166E-9,1.12565E-9,1.11626E-9,1.12964E-9,1.11774E-9,1.10633E-9,1.10965E-9,1.13341E-9,1.10214E-9,1.13508E-9,1.14703E-9,1.14559E-9,1.10893E-9,1.09779E-9,1.13970E-9,1.10804E-9,1.11262E-9,1.14015E-9,1.11957E-9,1.10378E-9,1.12822E-9,1.12221E-9,1.11293E-9,1.12620E-9,1.11435E-9,1.10312E-9,1.10642E-9,1.13019E-9,1.09890E-9,1.13189E-9,1.14398E-9,1.14251E-9,1.10570E-9,1.09457E-9,1.13650E-9,1.10478E-9,1.10936E-9,1.13699E-9,1.11635E-9,1.10054E-9,1.12497E-9,1.11897E-9,1.10978E-9,1.12296E-9,1.11114E-9
3.98107E3,1.10914E-9,1.11236E-9,1.13514E-9,1.10484E-9,1.13538E-9,1.14348E-9,1.14235E-9,1.11163E-9,1.10043E-9,1.14113E-9,1.11117E-9,1.11533E-9,1.13999E-9,1.12148E-9,1.10669E-9,1.13050E-9,1.12467E-9,1.11320E-9,1.12874E-9,1.11638E-9,1.10573E-9,1.10893E-9,1.13171E-9,1.10141E-9,1.13198E-9,1.14021E-9,1.13905E-9,1.10821E-9,1.09701E-9,1.13771E-9,1.10771E-9,1.11188E-9,1.13662E-9,1.11805E-9,1.10325E-9,1.12705E-9,1.12122E-9,1.10984E-9,1.12530E-9,1.11298E-9,1.10251E-9,1.10569E-9,1.12848E-9,1.09816E-9,1.12877E-9,1.13711E-9,1.13592E-9,1.10497E-9,1.09379E-9,1.13449E-9,1.10445E-9,1.10862E-9,1.13343E-9,1.11481E-9,1.10001E-9,1.12380E-9,1.11797E-9,1.10667E-9,1.12205E-9,1.10977E-9
5.01187E3,1.10867E-9,1.11181E-9,1.13384E-9,1.10428E-9,1.13301E-9,1.13826E-9,1.13733E-9,1.11108E-9,1.09983E-9,1.13960E-9,1.11091E-9,1.11476E-9,1.13729E-9,1.12031E-9,1.10629E-9,1.12960E-9,1.12392E-9,1.11083E-9,1.12806E-9,1.11534E-9,1.10526E-9,1.10837E-9,1.13040E-9,1.10084E-9,1.12960E-9,1.13495E-9,1.13400E-9,1.10765E-9,1.09641E-9,1.13618E-9,1.10745E-9,1.11131E-9,1.13390E-9,1.11687E-9,1.10285E-9,1.12615E-9,1.12046E-9,1.10746E-9,1.12461E-9,1.11193E-9,1.10204E-9,1.10513E-9,1.12716E-9,1.09759E-9,1.12637E-9,1.13182E-9,1.13084E-9,1.10441E-9,1.09319E-9,1.13295E-9,1.10419E-9,1.10805E-9,1.13069E-9,1.11363E-9,1.09960E-9,1.12289E-9,1.11721E-9,1.10428E-9,1.12136E-9,1.10871E-9
6.30957E3,1.10831E-9,1.11138E-9,1.13283E-9,1.10384E-9,1.13119E-9,1.13423E-9,1.13347E-9,1.11065E-9,1.09937E-9,1.13843E-9,1.11072E-9,1.11433E-9,1.13521E-9,1.11941E-9,1.10598E-9,1.12891E-9,1.12333E-9,1.10902E-9,1.12753E-9,1.11453E-9,1.10489E-9,1.10794E-9,1.12939E-9,1.10040E-9,1.12776E-9,1.13090E-9,1.13011E-9,1.10722E-9,1.09595E-9,1.13500E-9,1.10725E-9,1.11087E-9,1.13180E-9,1.11597E-9,1.10254E-9,1.12545E-9,1.11988E-9,1.10563E-9,1.12408E-9,1.11112E-9,1.10167E-9,1.10470E-9,1.12615E-9,1.09715E-9,1.12453E-9,1.12774E-9,1.12692E-9,1.10398E-9,1.09273E-9,1.13176E-9,1.10399E-9,1.10760E-9,1.12858E-9,1.11272E-9,1.09929E-9,1.12219E-9,1.11662E-9,1.10244E-9,1.12082E-9,1.10789E-9
7.94328E3,1.10803E-9,1.11105E-9,1.13206E-9,1.10351E-9,1.12979E-9,1.13114E-9,1.13050E-9,1.11032E-9,1.09902E-9,1.13752E-9,1.11056E-9,1.11399E-9,1.13361E-9,1.11872E-9,1.10574E-9,1.12837E-9,1.12289E-9,1.10762E-9,1.12712E-9,1.11391E-9,1.10461E-9,1.10761E-9,1.12862E-9,1.10006E-9,1.12635E-9,1.12777E-9,1.12711E-9,1.10689E-9,1.09559E-9,1.13409E-9,1.10710E-9,1.11053E-9,1.13019E-9,1.11527E-9,1.10229E-9,1.12492E-9,1.11942E-9,1.10422E-9,1.12366E-9,1.11049E-9,1.10139E-9,1.10436E-9,1.12536E-9,1.09681E-9,1.12311E-9,1.12460E-9,1.12391E-9,1.10364E-9,1.09236E-9,1.13085E-9,1.10383E-9,1.10726E-9,1.12696E-9,1.11202E-9,1.09904E-9,1.12165E-9,1.11616E-9,1.10102E-9,1.12041E-9,1.10727E-9
10.0000E3,1.10781E-9,1.11079E-9,1.13147E-9,1.10325E-9,1.12871E-9,1.12875E-9,1.12821E-9,1.11007E-9,1.09874E-9,1.13683E-9,1.11044E-9,1.11373E-9,1.13238E-9,1.11818E-9,1.10555E-9,1.12796E-9,1.12254E-9,1.10655E-9,1.12680E-9,1.11343E-9,1.10439E-9,1.10735E-9,1.12802E-9,1.09980E-9,1.12527E-9,1.12537E-9,1.12480E-9,1.10663E-9,1.09531E-9,1.13339E-9,1.10698E-9,1.11027E-9,1.12895E-9,1.11473E-9,1.10211E-9,1.12450E-9,1.11908E-9,1.10314E-9,1.12335E-9,1.11001E-9,1.10116E-9,1.10410E-9,1.12476E-9,1.09655E-9,1.12201E-9,1.12218E-9,1.12159E-9,1.10339E-9,1.09209E-9,1.13014E-9,1.10371E-9,1.10700E-9,1.12572E-9,1.11148E-9,1.09885E-9,1.12124E-9,1.11581E-9,1.09993E-9,1.12009E-9,1.10678E-9
12.5893E3,1.10764E-9,1.11060E-9,1.13101E-9,1.10305E-9,1.12789E-9,1.12692E-9,1.12645E-9,1.10987E-9,1.09853E-9,1.13629E-9,1.11035E-9,1.11353E-9,1.13144E-9,1.11777E-9,1.10541E-9,1.12765E-9,1.12227E-9,1.10572E-9,1.12656E-9,1.11306E-9,1.10422E-9,1.10715E-9,1.12756E-9,1.09960E-9,1.12443E-9,1.12352E-9,1.12303E-9,1.10643E-9,1.09510E-9,1.13285E-9,1.10689E-9,1.11006E-9,1.12800E-9,1.11431E-9,1.10196E-9,1.12418E-9,1.11881E-9,1.10231E-9,1.12310E-9,1.10964E-9,1.10099E-9,1.10391E-9,1.12430E-9,1.09634E-9,1.12118E-9,1.12032E-9,1.11980E-9,1.10319E-9,1.09187E-9,1.12960E-9,1.10362E-9,1.10680E-9,1.12476E-9,1.11106E-9,1.09871E-9,1.12092E-9,1.11554E-9,1.09909E-9,1.11984E-9,1.10641E-9
15.8489E3,1.10751E-9,1.11044E-9,1.13066E-9,1.10290E-9,1.12725E-9,1.12551E-9,1.12510E-9,1.10972E-9,1.09836E-9,1.13588E-9,1.11028E-9,1.11337E-9,1.13072E-9,1.11745E-9,1.10529E-9,1.12740E-9,1.12207E-9,1.10509E-9,1.12637E-9,1.11277E-9,1.10408E-9,1.10700E-9,1.12721E-9,1.09945E-9,1.12379E-9,1.12210E-9,1.12167E-9,1.10628E-9,1.09493E-9,1.13243E-9,1.10682E-9,1.10991E-9,1.12727E-9,1.11399E-9,1.10185E-9,1.12394E-9,1.11860E-9,1.10167E-9,1.12291E-9,1.10935E-9,1.10086E-9,1.10375E-9,1.12394E-9,1.09619E-9,1.12053E-9,1.11889E-9,1.11843E-9,1.10304E-9,1.09170E-9,1.12919E-9,1.10355E-9,1.10664E-9,1.12403E-9,1.11073E-9,1.09860E-9,1.12067E-9,1.11533E-9,1.09845E-9,1.11965E-9,1.10612E-9
19.9526E3,1.10740E-9,1.11033E-9,1.13039E-9,1.10278E-9,1.12676E-9,1.12443E-9,1.12406E-9,1.10961E-9,1.09824E-9,1.13556E-9,1.11023E-9,1.11325E-9,1.13016E-9,1.11720E-9,1.10521E-9,1.12722E-9,1.12191E-9,1.10460E-9,1.12623E-9,1.11256E-9,1.10398E-9,1.10688E-9,1.12693E-9,1.09933E-9,1.12330E-9,1.12101E-9,1.12062E-9,1.10616E-9,1.09481E-9,1.13212E-9,1.10676E-9,1.10979E-9,1.12671E-9,1.11375E-9,1.10176E-9,1.12375E-9,1.11844E-9,1.10118E-9,1.12277E-9,1.10913E-9,1.10076E-9,1.10363E-9,1.12367E-9,1.09607E-9,1.12004E-9,1.11780E-9,1.11738E-9,1.10292E-9,1.09157E-9,1.12886E-9,1.10349E-9,1.10652E-9,1.12346E-9,1.11049E-9,1.09851E-9,1.12048E-9,1.11517E-9,1.09796E-9,1.11951E-9,1.10590E-9
25.1189E3,1.10733E-9,1.11024E-9,1.13018E-9,1.10269E-9,1.12639E-9,1.12360E-9,1.12326E-9,1.10952E-9,1.09814E-9,1.13532E-9,1.11018E-9,1.11316E-9,1.12973E-9,1.11701E-9,1.10514E-9,1.12707E-9,1.12179E-9,1.10422E-9,1.12612E-9,1.11239E-9,1.10390E-9,1.10679E-9,1.12672E-9,1.09923E-9,1.12293E-9,1.12018E-9,1.11982E-9,1.10607E-9,1.09471E-9,1.13187E-9,1.10672E-9,1.10970E-9,1.12628E-9,1.11355E-9,1.10170E-9,1.12361E-9,1.11832E-9,1.10080E-9,1.12266E-9,1.10896E-9,1.10068E-9,1.10354E-9,1.12346E-9,1.09597E-9,1.11966E-9,1.11695E-9,1.11657E-9,1.10283E-9,1.09147E-9,1.12862E-9,1.10345E-9,1.10642E-9,1.12303E-9,1.11029E-9,1.09844E-9,1.12033E-9,1.11505E-9,1.09758E-9,1.11939E-9,1.10572E-9
31.6228E3,1.10726E-9,1.11017E-9,1.13002E-9,1.10261E-9,1.12610E-9,1.12296E-9,1.12265E-9,1.10945E-9,1.09806E-9,1.13513E-9,1.11015E-9,1.11309E-9,1.12940E-9,1.11687E-9,1.10509E-9,1.12696E-9,1.12169E-9,1.10394E-9,1.12603E-9,1.11226E-9,1.10384E-9,1.10672E-9,1.12656E-9,1.09916E-9,1.12264E-9,1.11953E-9,1.11920E-9,1.10601E-9,1.09463E-9,1.13168E-9,1.10669E-9,1.10962E-9,1.12595E-9,1.11341E-9,1.10164E-9,1.12349E-9,1.11822E-9,1.10051E-9,1.12257E-9,1.10883E-9,1.10061E-9,1.10347E-9,1.12330E-9,1.09590E-9,1.11937E-9,1.11630E-9,1.11595E-9,1.10276E-9,1.09140E-9,1.12843E-9,1.10342E-9,1.10635E-9,1.12269E-9,1.11015E-9,1.09839E-9,1.12022E-9,1.11495E-9,1.09729E-9,1.11931E-9,1.10559E-9
39.8107E3,1.10722E-9,1.11011E-9,1.12990E-9,1.10256E-9,1.12588E-9,1.12247E-9,1.12218E-9,1.10939E-9,1.09800E-9,1.13499E-9,1.11012E-9,1.11304E-9,1.12915E-9,1.11676E-9,1.10505E-9,1.12688E-9,1.12162E-9,1.10371E-9,1.12597E-9,1.11216E-9,1.10379E-9,1.10666E-9,1.12644E-9,1.09911E-9,1.12241E-9,1.11904E-9,1.11873E-9,1.10595E-9,1.09457E-9,1.13154E-9,1.10666E-9,1.10957E-9,1.12569E-9,1.11329E-9,1.10160E-9,1.12341E-9,1.11815E-9,1.10029E-9,1.12250E-9,1.10872E-9,1.10056E-9,1.10341E-9,1.12317E-9,1.09585E-9,1.11914E-9,1.11581E-9,1.11547E-9,1.10270E-9,1.09134E-9,1.12828E-9,1.10339E-9,1.10630E-9,1.12244E-9,1.11003E-9,1.09835E-9,1.12014E-9,1.11488E-9,1.09706E-9,1.11924E-9,1.10549E-9
50.1187E3,1.10718E-9,1.11007E-9,1.12980E-9,1.10252E-9,1.12571E-9,1.12209E-9,1.12181E-9,1.10935E-9,1.09796E-9,1.13488E-9,1.11010E-9,1.11299E-9,1.12895E-9,1.11667E-9,1.10502E-9,1.12681E-9,1.12157E-9,1.10354E-9,1.12591E-9,1.11208E-9,1.10375E-9,1.10662E-9,1.12634E-9,1.09907E-9,1.12224E-9,1.11866E-9,1.11836E-9,1.10591E-9,1.09452E-9,1.13142E-9,1.10664E-9,1.10953E-9,1.12550E-9,1.11321E-9,1.10157E-9,1.12334E-9,1.11810E-9,1.10012E-9,1.12245E-9,1.10865E-9,1.10053E-9,1.10337E-9,1.12308E-9,1.09581E-9,1.11897E-9,1.11542E-9,1.11510E-9,1.10266E-9,1.09129E-9,1.12817E-9,1.10337E-9,1.10625E-9,1.12224E-9,1.10994E-9,1.09832E-9,1.12007E-9,1.11482E-9,1.09689E-9,1.11919E-9,1.10541E-9
63.0957E3,1.10715E-9,1.11004E-9,1.12973E-9,1.10249E-9,1.12558E-9,1.12180E-9,1.12154E-9,1.10932E-9,1.09792E-9,1.13479E-9,1.11009E-9,1.11296E-9,1.12881E-9,1.11660E-9,1.10500E-9,1.12676E-9,1.12152E-9,1.10341E-9,1.12587E-9,1.11202E-9,1.10372E-9,1.10659E-9,1.12627E-9,1.09903E-9,1.12211E-9,1.11837E-9,1.11808E-9,1.10588E-9,1.09449E-9,1.13134E-9,1.10662E-9,1.10949E-9,1.12535E-9,1.11314E-9,1.10155E-9,1.12329E-9,1.11805E-9,1.09999E-9,1.12241E-9,1.10859E-9,1.10050E-9,1.10334E-9,1.12300E-9,1.09577E-9,1.11884E-9,1.11513E-9,1.11482E-9,1.10263E-9,1.09126E-9,1.12808E-9,1.10335E-9,1.10622E-9,1.12209E-9,1.10988E-9,1.09829E-9,1.12002E-9,1.11478E-9,1.09676E-9,1.11915E-9,1.10535E-9
79.4328E3,1.10713E-9,1.11001E-9,1.12967E-9,1.10246E-9,1.12548E-9,1.12158E-9,1.12132E-9,1.10930E-9,1.09789E-9,1.13473E-9,1.11008E-9,1.11293E-9,1.12869E-9,1.11655E-9,1.10498E-9,1.12672E-9,1.12149E-9,1.10331E-9,1.12584E-9,1.11197E-9,1.10370E-9,1.10657E-9,1.12621E-9,1.09901E-9,1.12201E-9,1.11814E-9,1.11787E-9,1.10585E-9,1.09446E-9,1.13127E-9,1.10661E-9,1.10947E-9,1.12523E-9,1.11309E-9,1.10153E-9,1.12325E-9,1.11802E-9,1.09989E-9,1.12238E-9,1.10854E-9,1.10047E-9,1.10331E-9,1.12295E-9,1.09575E-9,1.11874E-9,1.11491E-9,1.11460E-9,1.10261E-9,1.09123E-9,1.12802E-9,1.10334E-9,1.10620E-9,1.12197E-9,1.10982E-9,1.09828E-9,1.11998E-9,1.11475E-9,1.09666E-9,1.11912E-9,1.10530E-9
100.000E3,1.10711E-9,1.10999E-9,1.12963E-9,1.10244E-9,1.12540E-9,1.12141E-9,1.12116E-9,1.10928E-9,1.09787E-9,1.13468E-9,1.11007E-9,1.11292E-9,1.12860E-9,1.11651E-9,1.10496E-9,1.12669E-9,1.12146E-9,1.10324E-9,1.12582E-9,1.11194E-9,1.10368E-9,1.10655E-9,1.12617E-9,1.09899E-9,1.12193E-9,1.11797E-9,1.11770E-9,1.10584E-9,1.09444E-9,1.13122E-9,1.10660E-9,1.10945E-9,1.12515E-9,1.11305E-9,1.10152E-9,1.12322E-9,1.11799E-9,1.09981E-9,1.12236E-9,1.10850E-9,1.10046E-9,1.10330E-9,1.12290E-9,1.09573E-9,1.11866E-9,1.11473E-9,1.11444E-9,1.10259E-9,1.09121E-9,1.12796E-9,1.10333E-9,1.10618E-9,1.12188E-9,1.10978E-9,1.09826E-9,1.11995E-9,1.11472E-9,1.09658E-9,1.11910E-9,1.10527E-9
125.893E3,1.10710E-9,1.10998E-9,1.12960E-9,1.10243E-9,1.12535E-9,1.12128E-9,1.12103E-9,1.10926E-9,1.09786E-9,1.13464E-9,1.11006E-9,1.11290E-9,1.12854E-9,1.11648E-9,1.10495E-9,1.12667E-9,1.12144E-9,1.10318E-9,1.12580E-9,1.11191E-9,1.10367E-9,1.10653E-9,1.12613E-9,1.09897E-9,1.12187E-9,1.11784E-9,1.11757E-9,1.10582E-9,1.09442E-9,1.13118E-9,1.10660E-9,1.10943E-9,1.12508E-9,1.11302E-9,1.10150E-9,1.12320E-9,1.11797E-9,1.09975E-9,1.12234E-9,1.10848E-9,1.10044E-9,1.10328E-9,1.12287E-9,1.09571E-9,1.11860E-9,1.11460E-9,1.11431E-9,1.10257E-9,1.09119E-9,1.12792E-9,1.10333E-9,1.10616E-9,1.12182E-9,1.10975E-9,1.09825E-9,1.11992E-9,1.11470E-9,1.09652E-9,1.11908E-9,1.10524E-9
158.489E3,1.10709E-9,1.10997E-9,1.12957E-9,1.10242E-9,1.12530E-9,1.12118E-9,1.12094E-9,1.10925E-9,1.09784E-9,1.13461E-9,1.11006E-9,1.11289E-9,1.12848E-9,1.11646E-9,1.10494E-9,1.12665E-9,1.12143E-9,1.10313E-9,1.12579E-9,1.11189E-9,1.10366E-9,1.10652E-9,1.12611E-9,1.09896E-9,1.12183E-9,1.11774E-9,1.11748E-9,1.10581E-9,1.09441E-9,1.13115E-9,1.10659E-9,1.10942E-9,1.12503E-9,1.11299E-9,1.10150E-9,1.12318E-9,1.11796E-9,1.09970E-9,1.12233E-9,1.10846E-9,1.10043E-9,1.10327E-9,1.12284E-9,1.09570E-9,1.11855E-9,1.11450E-9,1.11421E-9,1.10256E-9,1.09118E-9,1.12789E-9,1.10332E-9,1.10615E-9,1.12176E-9,1.10973E-9,1.09824E-9,1.11991E-9,1.11469E-9,1.09647E-9,1.11906E-9,1.10522E-9
199.526E3,1.10708E-9,1.10996E-9,1.12955E-9,1.10241E-9,1.12527E-9,1.12110E-9,1.12086E-9,1.10925E-9,1.09783E-9,1.13458E-9,1.11005E-9,1.11288E-9,1.12845E-9,1.11644E-9,1.10494E-9,1.12664E-9,1.12142E-9,1.10310E-9,1.12578E-9,1.11187E-9,1.10365E-9,1.10651E-9,1.12609E-9,1.09895E-9,1.12179E-9,1.11766E-9,1.11740E-9,1.10580E-9,1.09440E-9,1.13113E-9,1.10659E-9,1.10941E-9,1.12499E-9,1.11297E-9,1.10149E-9,1.12317E-9,1.11795E-9,1.09967E-9,1.12232E-9,1.10844E-9,1.10042E-9,1.10326E-9,1.12282E-9,1.09569E-9,1.11852E-9,1.11442E-9,1.11414E-9,1.10255E-9,1.09117E-9,1.12787E-9,1.10332E-9,1.10614E-9,1.12172E-9,1.10971E-9,1.09824E-9,1.11989E-9,1.11467E-9,1.09644E-9,1.11905E-9,1.10520E-9
251.189E3,1.10707E-9,1.10995E-9,1.12954E-9,1.10240E-9,1.12524E-9,1.12104E-9,1.12081E-9,1.10924E-9,1.09783E-9,1.13457E-9,1.11005E-9,1.11287E-9,1.12842E-9,1.11642E-9,1.10493E-9,1.12663E-9,1.12141E-9,1.10307E-9,1.12577E-9,1.11186E-9,1.10364E-9,1.10650E-9,1.12607E-9,1.09895E-9,1.12177E-9,1.11760E-9,1.11735E-9,1.10580E-9,1.09439E-9,1.13111E-9,1.10658E-9,1.10941E-9,1.12496E-9,1.11296E-9,1.10148E-9,1.12316E-9,1.11794E-9,1.09964E-9,1.12231E-9,1.10843E-9,1.10042E-9,1.10325E-9,1.12281E-9,1.09569E-9,1.11849E-9,1.11436E-9,1.11408E-9,1.10255E-9,1.09116E-9,1.12785E-9,1.10331E-9,1.10613E-9,1.12169E-9,1.10970E-9,1.09823E-9,1.11988E-9,1.11467E-9,1.09641E-9,1.11904E-9,1.10519E-9
316.228E3,1.10707E-9,1.10995E-9,1.12953E-9,1.10240E-9,1.12522E-9,1.12099E-9,1.12076E-9,1.10923E-9,1.09782E-9,1.13455E-9,1.11005E-9,1.11287E-9,1.12839E-9,1.11641E-9,1.10493E-9,1.12662E-9,1.12140E-9,1.10305E-9,1.12576E-9,1.11185E-9,1.10364E-9,1.10650E-9,1.12606E-9,1.09894E-9,1.12175E-9,1.11756E-9,1.11730E-9,1.10579E-9,1.09439E-9,1.13110E-9,1.10658E-9,1.10940E-9,1.12493E-9,1.11295E-9,1.10148E-9,1.12315E-9,1.11793E-9,1.09962E-9,1.12230E-9,1.10842E-9,1.10041E-9,1.10325E-9,1.12280E-9,1.09568E-9,1.11847E-9,1.11431E-9,1.11404E-9,1.10254E-9,1.09116E-9,1.12784E-9,1.10331E-9,1.10613E-9,1.12167E-9,1.10969E-9,1.09823E-9,1.11987E-9,1.11466E-9,1.09639E-9,1.11904E-9,1.10518E-9
398.107E3,1.10706E-9,1.10994E-9,1.12952E-9,1.10239E-9,1.12520E-9,1.12096E-9,1.12073E-9,1.10923E-9,1.09782E-9,1.13454E-9,1.11004E-9,1.11286E-9,1.12837E-9,1.11641E-9,1.10493E-9,1.12661E-9,1.12140E-9,1.10304E-9,1.12576E-9,1.11184E-9,1.10364E-9,1.10649E-9,1.12605E-9,1.09894E-9,1.12173E-9,1.11752E-9,1.11727E-9,1.10579E-9,1.09438E-9,1.13109E-9,1.10658E-9,1.10940E-9,1.12491E-9,1.11294E-9,1.10148E-9,1.12314E-9,1.11793E-9,1.09961E-9,1.12230E-9,1.10841E-9,1.10041E-9,1.10324E-9,1.12279E-9,1.09568E-9,1.11846E-9,1.11428E-9,1.11400E-9,1.10254E-9,1.09115E-9,1.12783E-9,1.10331E-9,1.10612E-9,1.12165E-9,1.10968E-9,1.09822E-9,1.11987E-9,1.11465E-9,1.09637E-9,1.11903E-9,1.10517E-9
501.187E3,1.10706E-9,1.10994E-9,1.12951E-9,1.10239E-9,1.12519E-9,1.12093E-9,1.12071E-9,1.10923E-9,1.09781E-9,1.13454E-9,1.11004E-9,1.11286E-9,1.12836E-9,1.11640E-9,1.10493E-9,1.12661E-9,1.12139E-9,1.10302E-9,1.12576E-9,1.11184E-9,1.10363E-9,1.10649E-9,1.12605E-9,1.09894E-9,1.12172E-9,1.11749E-9,1.11724E-9,1.10578E-9,1.09438E-9,1.13108E-9,1.10658E-9,1.10940E-9,1.12490E-9,1.11294E-9,1.10148E-9,1.12314E-9,1.11792E-9,1.09959E-9,1.12230E-9,1.10841E-9,1.10041E-9,1.10324E-9,1.12278E-9,1.09568E-9,1.11844E-9,1.11425E-9,1.11398E-9,1.10253E-9,1.09115E-9,1.12782E-9,1.10331E-9,1.10612E-9,1.12164E-9,1.10967E-9,1.09822E-9,1.11986E-9,1.11465E-9,1.09636E-9,1.11903E-9,1.10517E-9
630.957E3,1.10706E-9,1.10994E-9,1.12951E-9,1.10239E-9,1.12518E-9,1.12091E-9,1.12069E-9,1.10923E-9,1.09781E-9,1.13453E-9,1.11004E-9,1.11286E-9,1.12835E-9,1.11640E-9,1.10492E-9,1.12661E-9,1.12139E-9,1.10302E-9,1.12576E-9,1.11183E-9,1.10363E-9,1.10649E-9,1.12604E-9,1.09893E-9,1.12171E-9,1.11747E-9,1.11722E-9,1.10578E-9,1.09438E-9,1.13107E-9,1.10658E-9,1.10939E-9,1.12489E-9,1.11293E-9,1.10148E-9,1.12314E-9,1.11792E-9,1.09959E-9,1.12229E-9,1.10840E-9,1.10041E-9,1.10324E-9,1.12278E-9,1.09567E-9,1.11843E-9,1.11423E-9,1.11396E-9,1.10253E-9,1.09115E-9,1.12782E-9,1.10331E-9,1.10612E-9,1.12163E-9,1.10967E-9,1.09822E-9,1.11986E-9,1.11465E-9,1.09635E-9,1.11903E-9,1.10517E-9
794.328E3,1.10706E-9,1.10994E-9,1.12951E-9,1.10239E-9,1.12518E-9,1.12090E-9,1.12067E-9,1.10923E-9,1.09781E-9,1.13453E-9,1.11004E-9,1.11286E-9,1.12835E-9,1.11639E-9,1.10492E-9,1.12660E-9,1.12139E-9,1.10301E-9,1.12575E-9,1.11183E-9,1.10363E-9,1.10649E-9,1.12604E-9,1.09893E-9,1.12170E-9,1.11746E-9,1.11721E-9,1.10578E-9,1.09438E-9,1.13107E-9,1.10658E-9,1.10939E-9,1.12489E-9,1.11293E-9,1.10148E-9,1.12313E-9,1.11792E-9,1.09958E-9,1.12229E-9,1.10840E-9,1.10041E-9,1.10324E-9,1.12277E-9,1.09567E-9,1.11843E-9,1.11422E-9,1.11395E-9,1.10253E-9,1.09115E-9,1.12781E-9,1.10331E-9,1.10612E-9,1.12162E-9,1.10967E-9,1.09822E-9,1.11986E-9,1.11465E-9,1.09635E-9,1.11903E-9,1.10516E-9
1.00000E6,1.10706E-9,1.10994E-9,1.12951E-9,1.10239E-9,1.12517E-9,1.12089E-9,1.12066E-9,1.10923E-9,1.09781E-9,1.13453E-9,1.11005E-9,1.11286E-9,1.12834E-9,1.11639E-9,1.10493E-9,1.12660E-9,1.12139E-9,1.10301E-9,1.12576E-9,1.11183E-9,1.10363E-9,1.10649E-9,1.12604E-9,1.09894E-9,1.12170E-9,1.11745E-9,1.11720E-9,1.10578E-9,1.09438E-9,1.13107E-9,1.10658E-9,1.10939E-9,1.12488E-9,1.11293E-9,1.10148E-9,1.12313E-9,1.11792E-9,1.09958E-9,1.12229E-9,1.10840E-9,1.10041E-9,1.10324E-9,1.12277E-9,1.09567E-9,1.11843E-9,1.11421E-9,1.11394E-9,1.10253E-9,1.09115E-9,1.12781E-9,1.10331E-9,1.10612E-9,1.12162E-9,1.10966E-9,1.09822E-9,1.11986E-9,1.11465E-9,1.09634E-9,1.11903E-9,1.10516E-9
1.25893E6,1.10706E-9,1.10994E-9,1.12951E-9,1.10239E-9,1.12517E-9,1.12088E-9,1.12066E-9,1.10923E-9,1.09781E-9,1.13453E-9,1.11005E-9,1.11286E-9,1.12834E-9,1.11639E-9,1.10493E-9,1.12661E-9,1.12139E-9,1.10301E-9,1.12576E-9,1.11183E-9,1.10364E-9,1.10649E-9,1.12604E-9,1.09894E-9,1.12170E-9,1.11744E-9,1.11720E-9,1.10579E-9,1.09438E-9,1.13107E-9,1.10658E-9,1.10940E-9,1.12488E-9,1.11293E-9,1.10148E-9,1.12314E-9,1.11792E-9,1.09957E-9,1.12230E-9,1.10840E-9,1.10041E-9,1.10324E-9,1.12278E-9,1.09568E-9,1.11842E-9,1.11420E-9,1.11393E-9,1.10254E-9,1.09115E-9,1.12781E-9,1.10331E-9,1.10612E-9,1.12162E-9,1.10967E-9,1.09823E-9,1.11986E-9,1.11465E-9,1.09634E-9,1.11903E-9,1.10516E-9
1.58489E6,1.10707E-9,1.10995E-9,1.12951E-9,1.10240E-9,1.12518E-9,1.12088E-9,1.12066E-9,1.10923E-9,1.09782E-9,1.13453E-9,1.11005E-9,1.11287E-9,1.12835E-9,1.11640E-9,1.10493E-9,1.12661E-9,1.12140E-9,1.10301E-9,1.12576E-9,1.11184E-9,1.10364E-9,1.10650E-9,1.12605E-9,1.09894E-9,1.12170E-9,1.11744E-9,1.11720E-9,1.10579E-9,1.09439E-9,1.13108E-9,1.10659E-9,1.10940E-9,1.12489E-9,1.11293E-9,1.10149E-9,1.12314E-9,1.11793E-9,1.09958E-9,1.12230E-9,1.10840E-9,1.10042E-9,1.10325E-9,1.12278E-9,1.09568E-9,1.11843E-9,1.11420E-9,1.11393E-9,1.10254E-9,1.09115E-9,1.12782E-9,1.10332E-9,1.10613E-9,1.12162E-9,1.10967E-9,1.09823E-9,1.11987E-9,1.11465E-9,1.09634E-9,1.11904E-9,1.10517E-9
1.99526E6,1.10708E-9,1.10996E-9,1.12952E-9,1.10241E-9,1.12518E-9,1.12088E-9,1.12067E-9,1.10924E-9,1.09783E-9,1.13454E-9,1.11006E-9,1.11288E-9,1.12836E-9,1.11641E-9,1.10494E-9,1.12662E-9,1.12141E-9,1.10301E-9,1.12577E-9,1.11184E-9,1.10365E-9,1.10651E-9,1.12606E-9,1.09895E-9,1.12171E-9,1.11744E-9,1.11720E-9,1.10580E-9,1.09439E-9,1.13108E-9,1.10660E-9,1.10941E-9,1.12489E-9,1.11294E-9,1.10149E-9,1.12315E-9,1.11794E-9,1.09958E-9,1.12231E-9,1.10841E-9,1.10042E-9,1.10326E-9,1.12279E-9,1.09569E-9,1.11843E-9,1.11420E-9,1.11394E-9,1.10255E-9,1.09116E-9,1.12783E-9,1.10333E-9,1.10614E-9,1.12163E-9,1.10968E-9,1.09824E-9,1.11987E-9,1.11466E-9,1.09635E-9,1.11905E-9,1.10517E-9
2.51189E6,1.10709E-9,1.10997E-9,1.12954E-9,1.10242E-9,1.12520E-9,1.12089E-9,1.12068E-9,1.10926E-9,1.09784E-9,1.13456E-9,1.11008E-9,1.11289E-9,1.12837E-9,1.11642E-9,1.10496E-9,1.12663E-9,1.12142E-9,1.10302E-9,1.12579E-9,1.11186E-9,1.10366E-9,1.10652E-9,1.12607E-9,1.09897E-9,1.12172E-9,1.11745E-9,1.11721E-9,1.10581E-9,1.09441E-9,1.13110E-9,1.10661E-9,1.10942E-9,1.12491E-9,1.11295E-9,1.10151E-9,1.12316E-9,1.11795E-9,1.09959E-9,1.12233E-9,1.10842E-9,1.10044E-9,1.10327E-9,1.12281E-9,1.09571E-9,1.11845E-9,1.11421E-9,1.11395E-9,1.10256E-9,1.09117E-9,1.12784E-9,1.10334E-9,1.10615E-9,1.12165E-9,1.10969E-9,1.09826E-9,1.11989E-9,1.11468E-9,1.09636E-9,1.11906E-9,1.10519E-9
3.16228E6,1.10712E-9,1.10999E-9,1.12956E-9,1.10244E-9,1.12522E-9,1.12091E-9,1.12070E-9,1.10928E-9,1.09786E-9,1.13458E-9,1.11010E-9,1.11291E-9,1.12840E-9,1.11644E-9,1.10498E-9,1.12666E-9,1.12144E-9,1.10304E-9,1.12582E-9,1.11188E-9,1.10369E-9,1.10654E-9,1.12610E-9,1.09899E-9,1.12174E-9,1.11747E-9,1.11724E-9,1.10583E-9,1.09443E-9,1.13113E-9,1.10663E-9,1.10945E-9,1.12494E-9,1.11297E-9,1.10153E-9,1.12318E-9,1.11797E-9,1.09961E-9,1.12235E-9,1.10844E-9,1.10046E-9,1.10329E-9,1.12283E-9,1.09573E-9,1.11847E-9,1.11423E-9,1.11397E-9,1.10259E-9,1.09119E-9,1.12787E-9,1.10336E-9,1.10617E-9,1.12168E-9,1.10971E-9,1.09828E-9,1.11991E-9,1.11470E-9,1.09638E-9,1.11909E-9,1.10521E-9
3.98107E6,1.10715E-9,1.11003E-9,1.12961E-9,1.10248E-9,1.12525E-9,1.12094E-9,1.12074E-9,1.10931E-9,1.09789E-9,1.13462E-9,1.11013E-9,1.11295E-9,1.12844E-9,1.11647E-9,1.10502E-9,1.12669E-9,1.12148E-9,1.10307E-9,1.12586E-9,1.11191E-9,1.10372E-9,1.10658E-9,1.12614E-9,1.09903E-9,1.12178E-9,1.11750E-9,1.11727E-9,1.10587E-9,1.09446E-9,1.13117E-9,1.10667E-9,1.10948E-9,1.12498E-9,1.11301E-9,1.10157E-9,1.12322E-9,1.11801E-9,1.09964E-9,1.12239E-9,1.10848E-9,1.10050E-9,1.10333E-9,1.12287E-9,1.09577E-9,1.11850E-9,1.11426E-9,1.11401E-9,1.10262E-9,1.09123E-9,1.12791E-9,1.10340E-9,1.10621E-9,1.12172E-9,1.10974E-9,1.09832E-9,1.11995E-9,1.11473E-9,1.09641E-9,1.11913E-9,1.10524E-9
5.01187E6,1.10721E-9,1.11008E-9,1.12967E-9,1.10254E-9,1.12531E-9,1.12099E-9,1.12080E-9,1.10937E-9,1.09795E-9,1.13469E-9,1.11019E-9,1.11301E-9,1.12852E-9,1.11653E-9,1.10508E-9,1.12675E-9,1.12154E-9,1.10312E-9,1.12592E-9,1.11196E-9,1.10378E-9,1.10663E-9,1.12621E-9,1.09909E-9,1.12183E-9,1.11755E-9,1.11734E-9,1.10593E-9,1.09452E-9,1.13123E-9,1.10672E-9,1.10954E-9,1.12506E-9,1.11306E-9,1.10163E-9,1.12328E-9,1.11806E-9,1.09969E-9,1.12246E-9,1.10853E-9,1.10056E-9,1.10338E-9,1.12294E-9,1.09583E-9,1.11856E-9,1.11431E-9,1.11407E-9,1.10268E-9,1.09128E-9,1.12798E-9,1.10345E-9,1.10627E-9,1.12179E-9,1.10980E-9,1.09838E-9,1.12000E-9,1.11479E-9,1.09645E-9,1.11919E-9,1.10529E-9
6.30957E6,1.10730E-9,1.11017E-9,1.12978E-9,1.10264E-9,1.12540E-9,1.12108E-9,1.12090E-9,1.10946E-9,1.09803E-9,1.13479E-9,1.11028E-9,1.11310E-9,1.12863E-9,1.11662E-9,1.10517E-9,1.12684E-9,1.12163E-9,1.10320E-9,1.12602E-9,1.11204E-9,1.10387E-9,1.10672E-9,1.12631E-9,1.09918E-9,1.12192E-9,1.11763E-9,1.11743E-9,1.10601E-9,1.09460E-9,1.13134E-9,1.10681E-9,1.10963E-9,1.12517E-9,1.11315E-9,1.10172E-9,1.12337E-9,1.11815E-9,1.09976E-9,1.12256E-9,1.10861E-9,1.10065E-9,1.10347E-9,1.12304E-9,1.09592E-9,1.11864E-9,1.11439E-9,1.11417E-9,1.10276E-9,1.09137E-9,1.12808E-9,1.10354E-9,1.10636E-9,1.12190E-9,1.10989E-9,1.09847E-9,1.12009E-9,1.11488E-9,1.09653E-9,1.11929E-9,1.10537E-9
7.94328E6,1.10745E-9,1.11031E-9,1.12994E-9,1.10278E-9,1.12554E-9,1.12121E-9,1.12105E-9,1.10960E-9,1.09817E-9,1.13495E-9,1.11042E-9,1.11324E-9,1.12880E-9,1.11675E-9,1.10532E-9,1.12699E-9,1.12177E-9,1.10332E-9,1.12618E-9,1.11217E-9,1.10402E-9,1.10686E-9,1.12647E-9,1.09933E-9,1.12206E-9,1.11777E-9,1.11758E-9,1.10615E-9,1.09473E-9,1.13150E-9,1.10695E-9,1.10977E-9,1.12534E-9,1.11329E-9,1.10187E-9,1.12351E-9,1.11829E-9,1.09989E-9,1.12271E-9,1.10874E-9,1.10079E-9,1.10361E-9,1.12320E-9,1.09607E-9,1.11879E-9,1.11452E-9,1.11432E-9,1.10290E-9,1.09150E-9,1.12824E-9,1.10368E-9,1.10650E-9,1.12208E-9,1.11002E-9,1.09861E-9,1.12024E-9,1.11502E-9,1.09665E-9,1.11945E-9,1.10550E-9
10.0000E6,1.10768E-9,1.11053E-9,1.13019E-9,1.10301E-9,1.12577E-9,1.12142E-9,1.12128E-9,1.10982E-9,1.09838E-9,1.13521E-9,1.11064E-9,1.11346E-9,1.12908E-9,1.11697E-9,1.10555E-9,1.12722E-9,1.12199E-9,1.10351E-9,1.12642E-9,1.11238E-9,1.10424E-9,1.10708E-9,1.12672E-9,1.09955E-9,1.12229E-9,1.11798E-9,1.11782E-9,1.10637E-9,1.09494E-9,1.13175E-9,1.10717E-9,1.10999E-9,1.12561E-9,1.11350E-9,1.10210E-9,1.12374E-9,1.11852E-9,1.10008E-9,1.12296E-9,1.10894E-9,1.10102E-9,1.10383E-9,1.12346E-9,1.09629E-9,1.11901E-9,1.11473E-9,1.11455E-9,1.10312E-9,1.09171E-9,1.12849E-9,1.10390E-9,1.10672E-9,1.12235E-9,1.11024E-9,1.09884E-9,1.12046E-9,1.11524E-9,1.09684E-9,1.11969E-9,1.10570E-9
12.5893E6,1.10803E-9,1.11088E-9,1.13059E-9,1.10337E-9,1.12613E-9,1.12177E-9,1.12164E-9,1.11017E-9,1.09871E-9,1.13560E-9,1.11098E-9,1.11381E-9,1.12950E-9,1.11732E-9,1.10591E-9,1.12758E-9,1.12235E-9,1.10383E-9,1.12681E-9,1.11270E-9,1.10460E-9,1.10742E-9,1.12712E-9,1.09991E-9,1.12264E-9,1.11832E-9,1.11817E-9,1.10671E-9,1.09527E-9,1.13213E-9,1.10751E-9,1.11033E-9,1.12603E-9,1.11385E-9,1.10245E-9,1.12410E-9,1.11887E-9,1.10039E-9,1.12334E-9,1.10926E-9,1.10137E-9,1.10417E-9,1.12385E-9,1.09664E-9,1.11937E-9,1.11507E-9,1.11490E-9,1.10346E-9,1.09203E-9,1.12887E-9,1.10424E-9,1.10706E-9,1.12277E-9,1.11058E-9,1.09920E-9,1.12082E-9,1.11559E-9,1.09715E-9,1.12007E-9,1.10602E-9
15.8489E6,1.10859E-9,1.11142E-9,1.13120E-9,1.10392E-9,1.12670E-9,1.12232E-9,1.12220E-9,1.11071E-9,1.09923E-9,1.13620E-9,1.11152E-9,1.11434E-9,1.13015E-9,1.11786E-9,1.10646E-9,1.12815E-9,1.12290E-9,1.10432E-9,1.12740E-9,1.11321E-9,1.10515E-9,1.10796E-9,1.12772E-9,1.10046E-9,1.12321E-9,1.11886E-9,1.11872E-9,1.10725E-9,1.09579E-9,1.13273E-9,1.10804E-9,1.11087E-9,1.12668E-9,1.11439E-9,1.10300E-9,1.12467E-9,1.11942E-9,1.10088E-9,1.12393E-9,1.10977E-9,1.10192E-9,1.10471E-9,1.12445E-9,1.09719E-9,1.11993E-9,1.11562E-9,1.11545E-9,1.10400E-9,1.09255E-9,1.12947E-9,1.10477E-9,1.10759E-9,1.12341E-9,1.11112E-9,1.09975E-9,1.12139E-9,1.11615E-9,1.09764E-9,1.12066E-9,1.10653E-9
19.9526E6,1.10946E-9,1.11227E-9,1.13215E-9,1.10478E-9,1.12760E-9,1.12319E-9,1.12305E-9,1.11156E-9,1.10005E-9,1.13714E-9,1.11236E-9,1.11518E-9,1.13116E-9,1.11872E-9,1.10733E-9,1.12905E-9,1.12378E-9,1.10510E-9,1.12833E-9,1.11401E-9,1.10601E-9,1.10881E-9,1.12867E-9,1.10131E-9,1.12411E-9,1.11973E-9,1.11957E-9,1.10810E-9,1.09660E-9,1.13367E-9,1.10888E-9,1.11170E-9,1.12769E-9,1.11524E-9,1.10387E-9,1.12556E-9,1.12029E-9,1.10165E-9,1.12485E-9,1.11056E-9,1.10278E-9,1.10555E-9,1.12539E-9,1.09805E-9,1.12083E-9,1.11649E-9,1.11629E-9,1.10485E-9,1.09336E-9,1.13040E-9,1.10560E-9,1.10842E-9,1.12442E-9,1.11197E-9,1.10061E-9,1.12228E-9,1.11702E-9,1.09841E-9,1.12158E-9,1.10732E-9
25.1189E6,1.11082E-9,1.11361E-9,1.13363E-9,1.10613E-9,1.12903E-9,1.12458E-9,1.12437E-9,1.11291E-9,1.10134E-9,1.13861E-9,1.11369E-9,1.11649E-9,1.13274E-9,1.12007E-9,1.10869E-9,1.13047E-9,1.12516E-9,1.10634E-9,1.12977E-9,1.11527E-9,1.10736E-9,1.11014E-9,1.13014E-9,1.10265E-9,1.12553E-9,1.12111E-9,1.12088E-9,1.10944E-9,1.09788E-9,1.13512E-9,1.11019E-9,1.11299E-9,1.12925E-9,1.11658E-9,1.10522E-9,1.12697E-9,1.12167E-9,1.10288E-9,1.12629E-9,1.11182E-9,1.10413E-9,1.10689E-9,1.12686E-9,1.09938E-9,1.12225E-9,1.11786E-9,1.11760E-9,1.10618E-9,1.09464E-9,1.13186E-9,1.10692E-9,1.10971E-9,1.12597E-9,1.11331E-9,1.10196E-9,1.12368E-9,1.11839E-9,1.09964E-9,1.12301E-9,1.10857E-9
31.6228E6,1.11295E-9,1.11572E-9,1.13595E-9,1.10824E-9,1.13130E-9,1.12678E-9,1.12642E-9,1.11502E-9,1.10337E-9,1.14089E-9,1.11577E-9,1.11854E-9,1.13519E-9,1.12220E-9,1.11083E-9,1.13270E-9,1.12734E-9,1.10829E-9,1.13204E-9,1.11726E-9,1.10949E-9,1.11224E-9,1.13244E-9,1.10474E-9,1.12778E-9,1.12330E-9,1.12291E-9,1.11154E-9,1.09989E-9,1.13740E-9,1.11226E-9,1.11503E-9,1.13168E-9,1.11869E-9,1.10734E-9,1.12919E-9,1.12383E-9,1.10482E-9,1.12854E-9,1.11379E-9,1.10625E-9,1.10898E-9,1.12916E-9,1.10148E-9,1.12450E-9,1.12005E-9,1.11963E-9,1.10828E-9,1.09664E-9,1.13413E-9,1.10898E-9,1.11174E-9,1.12841E-9,1.11542E-9,1.10408E-9,1.12590E-9,1.12055E-9,1.10157E-9,1.12526E-9,1.11055E-9
39.8107E6,1.11631E-9,1.11904E-9,1.13958E-9,1.11153E-9,1.13487E-9,1.13026E-9,1.12961E-9,1.11834E-9,1.10655E-9,1.14448E-9,1.11904E-9,1.12175E-9,1.13901E-9,1.12554E-9,1.11417E-9,1.13622E-9,1.13077E-9,1.11137E-9,1.13558E-9,1.12039E-9,1.11282E-9,1.11554E-9,1.13605E-9,1.10802E-9,1.13133E-9,1.12676E-9,1.12608E-9,1.11484E-9,1.10305E-9,1.14096E-9,1.11551E-9,1.11822E-9,1.13549E-9,1.12202E-9,1.11066E-9,1.13268E-9,1.12724E-9,1.10788E-9,1.13206E-9,1.11690E-9,1.10959E-9,1.11229E-9,1.13277E-9,1.10476E-9,1.12805E-9,1.12351E-9,1.12279E-9,1.11158E-9,1.09980E-9,1.13769E-9,1.11223E-9,1.11492E-9,1.13221E-9,1.11875E-9,1.10740E-9,1.12939E-9,1.12396E-9,1.10463E-9,1.12878E-9,1.11366E-9
50.1187E6,1.12157E-9,1.12426E-9,1.14526E-9,1.11671E-9,1.14049E-9,1.13574E-9,1.13459E-9,1.12356E-9,1.11155E-9,1.15009E-9,1.12417E-9,1.12678E-9,1.14500E-9,1.13081E-9,1.11942E-9,1.14175E-9,1.13616E-9,1.11622E-9,1.14114E-9,1.12531E-9,1.11806E-9,1.12074E-9,1.14171E-9,1.11317E-9,1.13693E-9,1.13221E-9,1.13103E-9,1.12003E-9,1.10802E-9,1.14654E-9,1.12062E-9,1.12323E-9,1.14145E-9,1.12726E-9,1.11589E-9,1.13819E-9,1.13260E-9,1.11270E-9,1.13759E-9,1.12180E-9,1.11483E-9,1.11749E-9,1.13843E-9,1.10991E-9,1.13364E-9,1.12897E-9,1.12773E-9,1.11677E-9,1.10476E-9,1.14327E-9,1.11734E-9,1.11993E-9,1.13817E-9,1.12399E-9,1.11263E-9,1.13490E-9,1.12933E-9,1.10946E-9,1.13432E-9,1.11856E-9
63.0957E6,1.12982E-9,1.13246E-9,1.15418E-9,1.12481E-9,1.14933E-9,1.14436E-9,1.14238E-9,1.13174E-9,1.11940E-9,1.15888E-9,1.13223E-9,1.13468E-9,1.15438E-9,1.13907E-9,1.12765E-9,1.15043E-9,1.14462E-9,1.12384E-9,1.14986E-9,1.13304E-9,1.12628E-9,1.12890E-9,1.15058E-9,1.12125E-9,1.14573E-9,1.14080E-9,1.13878E-9,1.12818E-9,1.11583E-9,1.15530E-9,1.12864E-9,1.13109E-9,1.15079E-9,1.13549E-9,1.12409E-9,1.14683E-9,1.14103E-9,1.12029E-9,1.14627E-9,1.12949E-9,1.12306E-9,1.12568E-9,1.14731E-9,1.11800E-9,1.14245E-9,1.13757E-9,1.13549E-9,1.12493E-9,1.11257E-9,1.15204E-9,1.12537E-9,1.12779E-9,1.14752E-9,1.13222E-9,1.12085E-9,1.14355E-9,1.13777E-9,1.11705E-9,1.14301E-9,1.12627E-9
79.4328E6,1.14274E-9,1.14529E-9,1.16813E-9,1.13751E-9,1.16316E-9,1.15787E-9,1.15457E-9,1.14455E-9,1.13169E-9,1.17263E-9,1.14484E-9,1.14705E-9,1.16905E-9,1.15202E-9,1.14053E-9,1.16403E-9,1.15786E-9,1.13579E-9,1.16349E-9,1.14514E-9,1.13915E-9,1.14169E-9,1.16448E-9,1.13390E-9,1.15951E-9,1.15426E-9,1.15093E-9,1.14094E-9,1.12807E-9,1.16901E-9,1.14121E-9,1.14340E-9,1.16541E-9,1.14838E-9,1.13693E-9,1.16037E-9,1.15424E-9,1.13219E-9,1.15986E-9,1.14156E-9,1.13597E-9,1.13851E-9,1.16123E-9,1.13069E-9,1.15625E-9,1.15106E-9,1.14765E-9,1.13773E-9,1.12482E-9,1.16578E-9,1.13796E-9,1.14013E-9,1.16217E-9,1.14515E-9,1.13373E-9,1.15711E-9,1.15101E-9,1.12897E-9,1.15662E-9,1.13837E-9
100.000E6,1.16289E-9,1.16529E-9,1.18986E-9,1.15730E-9,1.18471E-9,1.17892E-9,1.17361E-9,1.16453E-9,1.15086E-9,1.19407E-9,1.16452E-9,1.16635E-9,1.19189E-9,1.17220E-9,1.16062E-9,1.18521E-9,1.17852E-9,1.15443E-9,1.18474E-9,1.16403E-9,1.15925E-9,1.16166E-9,1.18615E-9,1.15364E-9,1.18100E-9,1.17526E-9,1.16991E-9,1.16087E-9,1.14717E-9,1.19039E-9,1.16083E-9,1.16264E-9,1.18818E-9,1.16851E-9,1.15698E-9,1.18150E-9,1.17484E-9,1.15077E-9,1.18105E-9,1.16040E-9,1.15613E-9,1.15855E-9,1.18296E-9,1.15051E-9,1.17779E-9,1.17211E-9,1.16667E-9,1.15772E-9,1.14396E-9,1.18722E-9,1.15763E-9,1.15941E-9,1.18500E-9,1.16532E-9,1.15385E-9,1.17828E-9,1.17168E-9,1.14761E-9,1.17787E-9,1.15728E-9
125.893E6,1.19412E-9,1.19631E-9,1.22350E-9,1.18798E-9,1.21807E-9,1.21152E-9,1.20317E-9,1.19550E-9,1.18059E-9,1.22729E-9,1.19502E-9,1.19629E-9,1.22720E-9,1.20347E-9,1.19177E-9,1.21802E-9,1.21052E-9,1.18336E-9,1.21765E-9,1.19334E-9,1.19042E-9,1.19263E-9,1.21972E-9,1.18428E-9,1.21428E-9,1.20779E-9,1.19940E-9,1.19178E-9,1.17681E-9,1.22354E-9,1.19126E-9,1.19251E-9,1.22342E-9,1.19971E-9,1.18806E-9,1.21423E-9,1.20678E-9,1.17964E-9,1.21389E-9,1.18967E-9,1.18741E-9,1.18966E-9,1.21662E-9,1.18127E-9,1.21116E-9,1.20475E-9,1.19624E-9,1.18874E-9,1.17368E-9,1.22047E-9,1.18816E-9,1.18936E-9,1.22034E-9,1.19663E-9,1.18506E-9,1.21110E-9,1.20374E-9,1.17656E-9,1.21082E-9,1.18666E-9
158.489E6,1.24208E-9,1.24395E-9,1.27508E-9,1.23513E-9,1.26919E-9,1.26152E-9,1.24869E-9,1.24307E-9,1.22629E-9,1.27824E-9,1.24189E-9,1.24236E-9,1.28123E-9,1.25150E-9,1.23961E-9,1.26834E-9,1.25964E-9,1.22789E-9,1.26813E-9,1.23846E-9,1.23830E-9,1.24021E-9,1.27119E-9,1.23136E-9,1.26529E-9,1.25770E-9,1.24481E-9,1.23927E-9,1.22241E-9,1.27441E-9,1.23804E-9,1.23847E-9,1.27735E-9,1.24765E-9,1.23584E-9,1.26445E-9,1.25583E-9,1.22408E-9,1.26428E-9,1.23472E-9,1.23548E-9,1.23746E-9,1.26824E-9,1.22856E-9,1.26232E-9,1.25484E-9,1.24178E-9,1.23641E-9,1.21939E-9,1.27151E-9,1.23511E-9,1.23546E-9,1.27443E-9,1.24473E-9,1.23304E-9,1.26146E-9,1.25298E-9,1.22115E-9,1.26137E-9,1.23191E-9
199.526E6,1.31479E-9,1.31619E-9,1.35303E-9,1.30664E-9,1.34645E-9,1.33718E-9,1.31790E-9,1.31521E-9,1.29568E-9,1.35536E-9,1.31299E-9,1.31234E-9,1.36269E-9,1.32430E-9,1.31215E-9,1.34449E-9,1.33408E-9,1.29559E-9,1.34452E-9,1.30706E-9,1.31090E-9,1.31238E-9,1.34901E-9,1.30278E-9,1.34240E-9,1.33324E-9,1.31389E-9,1.31130E-9,1.29164E-9,1.35141E-9,1.30902E-9,1.30832E-9,1.35865E-9,1.32033E-9,1.30828E-9,1.34045E-9,1.33016E-9,1.29166E-9,1.34054E-9,1.30325E-9,1.30837E-9,1.30995E-9,1.34629E-9,1.30030E-9,1.33966E-9,1.33063E-9,1.31107E-9,1.30872E-9,1.28882E-9,1.34877E-9,1.30634E-9,1.30552E-9,1.35598E-9,1.31766E-9,1.30580E-9,1.33768E-9,1.32760E-9,1.28897E-9,1.33789E-9,1.30074E-9
251.189E6,1.42316E-9,1.42390E-9,1.46877E-9,1.41327E-9,1.46114E-9,1.44965E-9,1.42144E-9,1.42276E-9,1.39928E-9,1.47005E-9,1.41905E-9,1.41695E-9,1.48317E-9,1.43277E-9,1.42029E-9,1.45772E-9,1.44494E-9,1.39688E-9,1.45807E-9,1.40974E-9,1.41912E-9,1.41997E-9,1.46454E-9,1.40928E-9,1.45687E-9,1.44553E-9,1.41723E-9,1.41869E-9,1.39501E-9,1.46591E-9,1.41490E-9,1.41273E-9,1.47892E-9,1.42862E-9,1.41629E-9,1.45346E-9,1.44087E-9,1.39277E-9,1.45390E-9,1.40580E-9,1.41699E-9,1.41801E-9,1.46216E-9,1.40726E-9,1.45445E-9,1.44329E-9,1.41471E-9,1.41650E-9,1.39247E-9,1.46365E-9,1.41258E-9,1.41024E-9,1.47660E-9,1.42631E-9,1.41426E-9,1.45100E-9,1.43871E-9,1.39043E-9,1.45162E-9,1.40372E-9
316.228E6,1.58143E-9,1.58125E-9,1.63696E-9,1.56909E-9,1.62777E-9,1.61337E-9,1.57332E-9,1.57988E-9,1.55089E-9,1.63707E-9,1.57406E-9,1.57025E-9,1.65744E-9,1.59109E-9,1.57827E-9,1.62257E-9,1.60669E-9,1.54550E-9,1.62336E-9,1.56044E-9,1.57714E-9,1.57714E-9,1.63241E-9,1.56490E-9,1.62318E-9,1.60898E-9,1.56882E-9,1.57557E-9,1.54628E-9,1.63267E-9,1.56965E-9,1.56573E-9,1.65287E-9,1.58667E-9,1.57406E-9,1.61799E-9,1.60239E-9,1.54113E-9,1.61891E-9,1.55632E-9,1.57557E-9,1.57582E-9,1.63048E-9,1.56349E-9,1.62120E-9,1.60725E-9,1.56671E-9,1.57392E-9,1.54412E-9,1.63090E-9,1.56782E-9,1.56367E-9,1.65102E-9,1.58485E-9,1.57264E-9,1.61596E-9,1.60079E-9,1.53926E-9,1.61712E-9,1.55482E-9
398.107E6,1.80754E-9,1.80615E-9,1.87588E-9,1.79187E-9,1.86439E-9,1.84641E-9,1.79140E-9,1.80445E-9,1.76794E-9,1.87498E-9,1.79568E-9,1.79016E-9,1.90367E-9,1.81713E-9,1.80411E-9,1.85728E-9,1.83760E-9,1.75897E-9,1.85862E-9,1.77706E-9,1.80289E-9,1.80175E-9,1.87087E-9,1.78736E-9,1.85933E-9,1.84161E-9,1.78645E-9,1.79976E-9,1.76284E-9,1.87016E-9,1.79087E-9,1.78519E-9,1.89863E-9,1.81230E-9,1.79958E-9,1.85223E-9,1.83293E-9,1.75421E-9,1.85376E-9,1.77263E-9,1.80205E-9,1.80129E-9,1.86954E-9,1.78677E-9,1.85792E-9,1.84055E-9,1.78489E-9,1.79883E-9,1.76119E-9,1.86906E-9,1.78970E-9,1.78370E-9,1.89739E-9,1.81113E-9,1.79896E-9,1.85076E-9,1.83207E-9,1.75297E-9,1.85262E-9,1.77192E-9
501.187E6,2.12394E-9,2.12101E-9,2.20807E-9,2.10379E-9,2.19316E-9,2.17111E-9,2.09821E-9,2.11881E-9,2.07221E-9,2.20682E-9,2.10595E-9,2.09927E-9,2.24386E-9,2.13307E-9,2.12037E-9,2.18439E-9,2.16044E-9,2.05938E-9,2.18643E-9,2.08225E-9,2.11873E-9,2.11616E-9,2.20239E-9,2.09880E-9,2.18740E-9,2.16570E-9,2.09261E-9,2.11355E-9,2.06640E-9,2.20139E-9,2.10054E-9,2.09364E-9,2.23813E-9,2.12763E-9,2.11532E-9,2.17865E-9,2.15523E-9,2.05403E-9,2.18094E-9,2.07736E-9,2.11886E-9,2.11680E-9,2.20183E-9,2.09927E-9,2.18674E-9,2.16551E-9,2.09176E-9,2.11355E-9,2.06542E-9,2.20114E-9,2.10022E-9,2.09289E-9,2.23770E-9,2.12731E-9,2.11577E-9,2.17792E-9,2.15533E-9,2.05362E-9,2.18065E-9,2.07768E-9
630.957E6,2.55883E-9,2.55410E-9,2.66155E-9,2.53288E-9,2.64146E-9,2.61535E-9,2.52241E-9,2.55109E-9,2.49107E-9,2.66150E-9,2.53253E-9,2.52628E-9,2.70489E-9,2.56673E-9,2.55554E-9,2.63203E-9,2.60395E-9,2.47482E-9,2.63495E-9,2.50510E-9,2.55279E-9,2.54854E-9,2.65488E-9,2.52713E-9,2.63469E-9,2.60904E-9,2.51585E-9,2.54500E-9,2.48422E-9,2.65516E-9,2.52623E-9,2.51969E-9,2.69816E-9,2.56039E-9,2.54973E-9,2.62528E-9,2.59790E-9,2.46858E-9,2.62853E-9,2.49948E-9,2.55417E-9,2.55061E-9,2.65534E-9,2.52900E-9,2.63501E-9,2.60999E-9,2.51595E-9,2.54622E-9,2.48415E-9,2.65602E-9,2.52703E-9,2.51992E-9,2.69877E-9,2.56118E-9,2.55155E-9,2.62552E-9,2.59926E-9,2.46927E-9,2.62935E-9,2.50113E-9
794.328E6,3.14786E-9,3.14136E-9,3.27135E-9,3.11469E-9,3.24331E-9,3.21413E-9,3.10093E-9,3.13706E-9,3.05910E-9,3.27555E-9,3.11051E-9,3.10801E-9,3.31964E-9,3.15325E-9,3.14588E-9,3.23545E-9,3.20458E-9,3.04132E-9,3.23953E-9,3.08333E-9,3.14056E-9,3.13469E-9,3.26322E-9,3.10779E-9,3.23507E-9,3.20648E-9,3.09295E-9,3.12970E-9,3.05075E-9,3.26782E-9,3.10290E-9,3.09999E-9,3.31145E-9,3.14557E-9,3.13888E-9,3.22722E-9,3.19727E-9,3.03378E-9,3.23174E-9,3.07658E-9,3.14355E-9,3.13858E-9,3.26496E-9,3.11143E-9,3.23663E-9,3.20886E-9,3.09426E-9,3.13248E-9,3.05185E-9,3.27008E-9,3.10513E-9,3.10149E-9,3.31337E-9,3.14776E-9,3.14244E-9,3.22867E-9,3.20019E-9,3.03588E-9,3.23394E-9,3.07994E-9
1.00000E9,3.93488E-9,3.92747E-9,4.08016E-9,3.89340E-9,4.03995E-9,4.01033E-9,3.88043E-9,3.92110E-9,3.81903E-9,4.09377E-9,3.88351E-9,3.89061E-9,4.12731E-9,3.93602E-9,3.93624E-9,4.03764E-9,4.00746E-9,3.80431E-9,4.04340E-9,3.86509E-9,3.92560E-9,3.91901E-9,4.06981E-9,3.88467E-9,4.02947E-9,4.00060E-9,3.87028E-9,3.91175E-9,3.80846E-9,4.08389E-9,3.87387E-9,3.88042E-9,4.11689E-9,3.92626E-9,3.92735E-9,4.02714E-9,3.99814E-9,3.79476E-9,4.03347E-9,3.85653E-9,3.93040E-9,3.92499E-9,4.07298E-9,3.89036E-9,4.03239E-9,4.00461E-9,3.87301E-9,3.91634E-9,3.81094E-9,4.08767E-9,3.87777E-9,3.88339E-9,4.12022E-9,3.93008E-9,3.93290E-9,4.02994E-9,4.00283E-9,3.79855E-9,4.03723E-9,3.86190E-9
