Rptat2 ,input noise; V / sqrt(Hz) (V / sqrt(Hz)),input noise; V / sqrt(Hz) (V / sqrt(Hz)),input noise; V / sqrt(Hz) (V / sqrt(Hz)),input noise; V / sqrt(Hz) (V / sqrt(Hz))
100.000E3,15.7255E-9,15.5570E-9,15.5435E-9,15.5424E-9
97.7237E3,15.5483E-9,15.3778E-9,15.3642E-9,15.3631E-9
95.4993E3,15.3772E-9,15.2048E-9,15.1910E-9,15.1899E-9
93.3254E3,15.2080E-9,15.0336E-9,15.0197E-9,15.0186E-9
91.2011E3,15.0408E-9,14.8644E-9,14.8503E-9,14.8492E-9
89.1251E3,14.8755E-9,14.6971E-9,14.6828E-9,14.6817E-9
87.0964E3,14.7121E-9,14.5317E-9,14.5173E-9,14.5161E-9
85.1138E3,14.5507E-9,14.3682E-9,14.3536E-9,14.3524E-9
83.1764E3,14.3911E-9,14.2065E-9,14.1917E-9,14.1906E-9
81.2831E3,14.2334E-9,14.0467E-9,14.0317E-9,14.0306E-9
79.4328E3,14.0775E-9,13.8887E-9,13.8735E-9,13.8723E-9
77.6247E3,13.9234E-9,13.7324E-9,13.7171E-9,13.7159E-9
75.8578E3,13.7712E-9,13.5780E-9,13.5625E-9,13.5613E-9
74.1310E3,13.6207E-9,13.4252E-9,13.4096E-9,13.4084E-9
72.4436E3,13.4720E-9,13.2743E-9,13.2584E-9,13.2572E-9
70.7946E3,13.3250E-9,13.1250E-9,13.1090E-9,13.1077E-9
69.1831E3,13.1797E-9,12.9774E-9,12.9612E-9,12.9599E-9
67.6083E3,13.0362E-9,12.8315E-9,12.8152E-9,12.8138E-9
66.0693E3,12.8943E-9,12.6873E-9,12.6707E-9,12.6694E-9
64.5654E3,12.7541E-9,12.5447E-9,12.5279E-9,12.5266E-9
63.0957E3,12.6156E-9,12.4037E-9,12.3867E-9,12.3854E-9
61.6595E3,12.4787E-9,12.2643E-9,12.2472E-9,12.2458E-9
60.2560E3,12.3434E-9,12.1266E-9,12.1092E-9,12.1078E-9
58.8844E3,12.2097E-9,11.9903E-9,11.9727E-9,11.9713E-9
57.5440E3,12.0776E-9,11.8556E-9,11.8378E-9,11.8364E-9
56.2341E3,11.9470E-9,11.7225E-9,11.7045E-9,11.7030E-9
54.9541E3,11.8180E-9,11.5908E-9,11.5726E-9,11.5712E-9
53.7032E3,11.6905E-9,11.4607E-9,11.4423E-9,11.4408E-9
52.4807E3,11.5646E-9,11.3320E-9,11.3134E-9,11.3119E-9
51.2861E3,11.4401E-9,11.2048E-9,11.1859E-9,11.1844E-9
50.1187E3,11.3171E-9,11.0791E-9,11.0600E-9,11.0584E-9
48.9779E3,11.1956E-9,10.9548E-9,10.9354E-9,10.9339E-9
47.8630E3,11.0755E-9,10.8319E-9,10.8123E-9,10.8107E-9
46.7735E3,10.9569E-9,10.7103E-9,10.6905E-9,10.6889E-9
45.7088E3,10.8396E-9,10.5902E-9,10.5702E-9,10.5686E-9
44.6684E3,10.7238E-9,10.4715E-9,10.4511E-9,10.4495E-9
43.6516E3,10.6094E-9,10.3540E-9,10.3335E-9,10.3319E-9
42.6580E3,10.4964E-9,10.2380E-9,10.2172E-9,10.2155E-9
41.6869E3,10.3847E-9,10.1232E-9,10.1022E-9,10.1005E-9
40.7380E3,10.2743E-9,10.0098E-9,9.98847E-9,9.98678E-9
39.8107E3,10.1653E-9,9.89764E-9,9.87606E-9,9.87435E-9
38.9045E3,10.0576E-9,9.78676E-9,9.76493E-9,9.76319E-9
38.0189E3,9.95121E-9,9.67716E-9,9.65505E-9,9.65330E-9
37.1535E3,9.84611E-9,9.56880E-9,9.54642E-9,9.54465E-9
36.3078E3,9.74228E-9,9.46167E-9,9.43903E-9,9.43723E-9
35.4813E3,9.63971E-9,9.35577E-9,9.33285E-9,9.33103E-9
34.6737E3,9.53839E-9,9.25108E-9,9.22787E-9,9.22603E-9
33.8844E3,9.43831E-9,9.14758E-9,9.12409E-9,9.12222E-9
33.1131E3,9.33945E-9,9.04526E-9,9.02148E-9,9.01959E-9
32.3594E3,9.24180E-9,8.94411E-9,8.92004E-9,8.91813E-9
31.6228E3,9.14535E-9,8.84412E-9,8.81975E-9,8.81781E-9
30.9030E3,9.05008E-9,8.74527E-9,8.72060E-9,8.71864E-9
30.1995E3,8.95599E-9,8.64754E-9,8.62257E-9,8.62058E-9
29.5121E3,8.86306E-9,8.55094E-9,8.52565E-9,8.52364E-9
28.8403E3,8.77127E-9,8.45543E-9,8.42984E-9,8.42780E-9
28.1838E3,8.68063E-9,8.36102E-9,8.33511E-9,8.33305E-9
27.5423E3,8.59110E-9,8.26769E-9,8.24145E-9,8.23937E-9
26.9153E3,8.50269E-9,8.17542E-9,8.14886E-9,8.14675E-9
26.3027E3,8.41539E-9,8.08421E-9,8.05732E-9,8.05519E-9
25.7040E3,8.32917E-9,7.99405E-9,7.96682E-9,7.96466E-9
25.1189E3,8.24403E-9,7.90491E-9,7.87735E-9,7.87516E-9
24.5471E3,8.15996E-9,7.81680E-9,7.78889E-9,7.78667E-9
23.9883E3,8.07694E-9,7.72970E-9,7.70144E-9,7.69919E-9
23.4423E3,7.99497E-9,7.64359E-9,7.61498E-9,7.61271E-9
22.9087E3,7.91404E-9,7.55847E-9,7.52950E-9,7.52720E-9
22.3872E3,7.83413E-9,7.47432E-9,7.44500E-9,7.44266E-9
21.8776E3,7.75524E-9,7.39114E-9,7.36145E-9,7.35909E-9
21.3796E3,7.67734E-9,7.30892E-9,7.27885E-9,7.27646E-9
20.8930E3,7.60045E-9,7.22763E-9,7.19719E-9,7.19477E-9
20.4174E3,7.52453E-9,7.14728E-9,7.11646E-9,7.11400E-9
19.9526E3,7.44959E-9,7.06785E-9,7.03664E-9,7.03416E-9
19.4984E3,7.37561E-9,6.98933E-9,6.95773E-9,6.95522E-9
19.0546E3,7.30259E-9,6.91172E-9,6.87972E-9,6.87717E-9
18.6209E3,7.23051E-9,6.83499E-9,6.80259E-9,6.80001E-9
18.1970E3,7.15936E-9,6.75915E-9,6.72634E-9,6.72373E-9
17.7828E3,7.08914E-9,6.68418E-9,6.65096E-9,6.64831E-9
17.3780E3,7.01984E-9,6.61007E-9,6.57643E-9,6.57375E-9
16.9824E3,6.95144E-9,6.53681E-9,6.50275E-9,6.50003E-9
16.5959E3,6.88393E-9,6.46440E-9,6.42990E-9,6.42715E-9
16.2181E3,6.81732E-9,6.39282E-9,6.35789E-9,6.35510E-9
15.8489E3,6.75159E-9,6.32206E-9,6.28669E-9,6.28387E-9
15.4882E3,6.68672E-9,6.25212E-9,6.21630E-9,6.21344E-9
15.1356E3,6.62272E-9,6.18299E-9,6.14671E-9,6.14382E-9
14.7911E3,6.55957E-9,6.11465E-9,6.07791E-9,6.07498E-9
14.4544E3,6.49726E-9,6.04710E-9,6.00989E-9,6.00693E-9
14.1254E3,6.43579E-9,5.98032E-9,5.94265E-9,5.93964E-9
13.8038E3,6.37515E-9,5.91432E-9,5.87617E-9,5.87313E-9
13.4896E3,6.31532E-9,5.84908E-9,5.81044E-9,5.80736E-9
13.1826E3,6.25631E-9,5.78459E-9,5.74546E-9,5.74234E-9
12.8825E3,6.19810E-9,5.72085E-9,5.68122E-9,5.67806E-9
12.5893E3,6.14069E-9,5.65784E-9,5.61771E-9,5.61451E-9
12.3027E3,6.08406E-9,5.59557E-9,5.55492E-9,5.55168E-9
12.0226E3,6.02821E-9,5.53401E-9,5.49285E-9,5.48956E-9
11.7490E3,5.97314E-9,5.47316E-9,5.43148E-9,5.42815E-9
11.4815E3,5.91883E-9,5.41302E-9,5.37080E-9,5.36743E-9
11.2202E3,5.86527E-9,5.35358E-9,5.31082E-9,5.30741E-9
10.9648E3,5.81246E-9,5.29482E-9,5.25151E-9,5.24806E-9
10.7152E3,5.76040E-9,5.23674E-9,5.19288E-9,5.18939E-9
10.4713E3,5.70906E-9,5.17934E-9,5.13492E-9,5.13138E-9
10.2329E3,5.65846E-9,5.12260E-9,5.07762E-9,5.07402E-9
10.0000E3,5.60857E-9,5.06653E-9,5.02096E-9,5.01732E-9
9.77237E3,5.55940E-9,5.01110E-9,4.96495E-9,4.96126E-9
9.54993E3,5.51093E-9,4.95631E-9,4.90957E-9,4.90584E-9
9.33254E3,5.46317E-9,4.90217E-9,4.85483E-9,4.85105E-9
9.12011E3,5.41609E-9,4.84865E-9,4.80070E-9,4.79687E-9
8.91251E3,5.36970E-9,4.79575E-9,4.74719E-9,4.74331E-9
8.70964E3,5.32398E-9,4.74347E-9,4.69428E-9,4.69036E-9
8.51138E3,5.27894E-9,4.69180E-9,4.64198E-9,4.63800E-9
8.31764E3,5.23457E-9,4.64073E-9,4.59027E-9,4.58624E-9
8.12831E3,5.19085E-9,4.59026E-9,4.53915E-9,4.53506E-9
7.94328E3,5.14778E-9,4.54037E-9,4.48860E-9,4.48447E-9
7.76247E3,5.10536E-9,4.49107E-9,4.43863E-9,4.43444E-9
7.58578E3,5.06358E-9,4.44234E-9,4.38923E-9,4.38498E-9
7.41310E3,5.02244E-9,4.39419E-9,4.34038E-9,4.33608E-9
7.24436E3,4.98192E-9,4.34659E-9,4.29209E-9,4.28774E-9
7.07946E3,4.94202E-9,4.29955E-9,4.24435E-9,4.23994E-9
6.91831E3,4.90273E-9,4.25306E-9,4.19715E-9,4.19268E-9
6.76083E3,4.86406E-9,4.20712E-9,4.15048E-9,4.14595E-9
6.60693E3,4.82599E-9,4.16172E-9,4.10435E-9,4.09975E-9
6.45654E3,4.78852E-9,4.11685E-9,4.05873E-9,4.05408E-9
6.30957E3,4.75163E-9,4.07250E-9,4.01363E-9,4.00892E-9
6.16595E3,4.71534E-9,4.02868E-9,3.96904E-9,3.96427E-9
6.02560E3,4.67962E-9,3.98537E-9,3.92496E-9,3.92012E-9
5.88844E3,4.64448E-9,3.94257E-9,3.88138E-9,3.87647E-9
5.75440E3,4.60991E-9,3.90028E-9,3.83829E-9,3.83332E-9
5.62341E3,4.57591E-9,3.85848E-9,3.79568E-9,3.79065E-9
5.49541E3,4.54246E-9,3.81718E-9,3.75356E-9,3.74846E-9
5.37032E3,4.50957E-9,3.77636E-9,3.71192E-9,3.70675E-9
5.24807E3,4.47722E-9,3.73603E-9,3.67074E-9,3.66551E-9
5.12861E3,4.44542E-9,3.69617E-9,3.63003E-9,3.62473E-9
5.01187E3,4.41416E-9,3.65679E-9,3.58979E-9,3.58441E-9
4.89779E3,4.38343E-9,3.61787E-9,3.54999E-9,3.54455E-9
4.78630E3,4.35323E-9,3.57942E-9,3.51065E-9,3.50513E-9
4.67735E3,4.32355E-9,3.54142E-9,3.47175E-9,3.46616E-9
4.57088E3,4.29439E-9,3.50388E-9,3.43329E-9,3.42762E-9
4.46684E3,4.26575E-9,3.46678E-9,3.39527E-9,3.38952E-9
4.36516E3,4.23762E-9,3.43013E-9,3.35767E-9,3.35185E-9
4.26580E3,4.20999E-9,3.39391E-9,3.32050E-9,3.31460E-9
4.16869E3,4.18286E-9,3.35813E-9,3.28375E-9,3.27777E-9
4.07380E3,4.15623E-9,3.32278E-9,3.24741E-9,3.24135E-9
3.98107E3,4.13010E-9,3.28785E-9,3.21149E-9,3.20534E-9
3.89045E3,4.10445E-9,3.25334E-9,3.17597E-9,3.16974E-9
3.80189E3,4.07929E-9,3.21924E-9,3.14085E-9,3.13453E-9
3.71535E3,4.05460E-9,3.18556E-9,3.10612E-9,3.09972E-9
3.63078E3,4.03040E-9,3.15228E-9,3.07179E-9,3.06530E-9
3.54813E3,4.00666E-9,3.11941E-9,3.03784E-9,3.03127E-9
3.46737E3,3.98340E-9,3.08694E-9,3.00428E-9,2.99762E-9
3.38844E3,3.96060E-9,3.05486E-9,2.97110E-9,2.96434E-9
3.31131E3,3.93826E-9,3.02317E-9,2.93829E-9,2.93144E-9
3.23594E3,3.91639E-9,2.99187E-9,2.90585E-9,2.89890E-9
3.16228E3,3.89497E-9,2.96095E-9,2.87377E-9,2.86673E-9
3.09030E3,3.87400E-9,2.93041E-9,2.84206E-9,2.83492E-9
3.01995E3,3.85348E-9,2.90025E-9,2.81070E-9,2.80347E-9
2.95121E3,3.83341E-9,2.87046E-9,2.77970E-9,2.77237E-9
2.88403E3,3.81378E-9,2.84104E-9,2.74905E-9,2.74161E-9
2.81838E3,3.79460E-9,2.81198E-9,2.71874E-9,2.71120E-9
2.75423E3,3.77585E-9,2.78328E-9,2.68878E-9,2.68113E-9
2.69153E3,3.75754E-9,2.75495E-9,2.65915E-9,2.65139E-9
2.63027E3,3.73967E-9,2.72696E-9,2.62986E-9,2.62199E-9
2.57040E3,3.72223E-9,2.69933E-9,2.60089E-9,2.59291E-9
2.51189E3,3.70522E-9,2.67205E-9,2.57226E-9,2.56416E-9
2.45471E3,3.68864E-9,2.64512E-9,2.54394E-9,2.53573E-9
2.39883E3,3.67249E-9,2.61853E-9,2.51595E-9,2.50762E-9
2.34423E3,3.65676E-9,2.59227E-9,2.48827E-9,2.47982E-9
2.29087E3,3.64146E-9,2.56636E-9,2.46090E-9,2.45233E-9
2.23872E3,3.62659E-9,2.54078E-9,2.43385E-9,2.42515E-9
2.18776E3,3.61214E-9,2.51553E-9,2.40710E-9,2.39827E-9
2.13796E3,3.59811E-9,2.49061E-9,2.38065E-9,2.37169E-9
2.08930E3,3.58451E-9,2.46601E-9,2.35450E-9,2.34541E-9
2.04174E3,3.57133E-9,2.44174E-9,2.32864E-9,2.31942E-9
1.99526E3,3.55857E-9,2.41779E-9,2.30308E-9,2.29372E-9
1.94984E3,3.54624E-9,2.39416E-9,2.27781E-9,2.26831E-9
1.90546E3,3.53433E-9,2.37085E-9,2.25282E-9,2.24318E-9
1.86209E3,3.52284E-9,2.34785E-9,2.22811E-9,2.21833E-9
1.81970E3,3.51179E-9,2.32517E-9,2.20369E-9,2.19375E-9
1.77828E3,3.50116E-9,2.30280E-9,2.17954E-9,2.16945E-9
1.73780E3,3.49096E-9,2.28074E-9,2.15567E-9,2.14542E-9
1.69824E3,3.48119E-9,2.25898E-9,2.13207E-9,2.12166E-9
1.65959E3,3.47185E-9,2.23753E-9,2.10874E-9,2.09817E-9
1.62181E3,3.46319E-9,2.21686E-9,2.08618E-9,2.07545E-9
1.58489E3,3.45473E-9,2.19601E-9,2.06337E-9,2.05247E-9
1.54882E3,3.44670E-9,2.17547E-9,2.04082E-9,2.02974E-9
1.51356E3,3.43912E-9,2.15522E-9,2.01853E-9,2.00727E-9
1.47911E3,3.43200E-9,2.13528E-9,1.99649E-9,1.98505E-9
1.44544E3,3.42532E-9,2.11563E-9,1.97471E-9,1.96308E-9
1.41254E3,3.41911E-9,2.09628E-9,1.95317E-9,1.94135E-9
1.38038E3,3.41337E-9,2.07723E-9,1.93188E-9,1.91986E-9
1.34896E3,3.40809E-9,2.05848E-9,1.91084E-9,1.89862E-9
1.31826E3,3.40329E-9,2.04002E-9,1.89004E-9,1.87761E-9
1.28825E3,3.39897E-9,2.02186E-9,1.86947E-9,1.85683E-9
1.25893E3,3.39514E-9,2.00399E-9,1.84915E-9,1.83629E-9
1.23027E3,3.39181E-9,1.98642E-9,1.82906E-9,1.81598E-9
1.20226E3,3.38899E-9,1.96914E-9,1.80921E-9,1.79589E-9
1.17490E3,3.38668E-9,1.95217E-9,1.78958E-9,1.77603E-9
1.14815E3,3.38489E-9,1.93548E-9,1.77019E-9,1.75639E-9
1.12202E3,3.38364E-9,1.91910E-9,1.75102E-9,1.73697E-9
1.09648E3,3.38293E-9,1.90302E-9,1.73208E-9,1.71777E-9
1.07152E3,3.38277E-9,1.88723E-9,1.71335E-9,1.69878E-9
1.04713E3,3.38317E-9,1.87174E-9,1.69485E-9,1.68001E-9
1.02329E3,3.38416E-9,1.85656E-9,1.67657E-9,1.66144E-9
1.00000E3,3.38566E-9,1.84133E-9,1.65810E-9,1.64267E-9
977.237,3.38784E-9,1.82677E-9,1.64026E-9,1.62453E-9
954.993,3.39064E-9,1.81251E-9,1.62263E-9,1.60659E-9
933.254,3.39407E-9,1.79855E-9,1.60521E-9,1.58885E-9
912.011,3.39814E-9,1.78492E-9,1.58800E-9,1.57131E-9
891.251,3.40287E-9,1.77159E-9,1.57100E-9,1.55396E-9
870.964,3.40828E-9,1.75859E-9,1.55421E-9,1.53681E-9
851.138,3.41438E-9,1.74591E-9,1.53762E-9,1.51986E-9
831.764,3.42120E-9,1.73355E-9,1.52124E-9,1.50309E-9
812.831,3.42875E-9,1.72152E-9,1.50506E-9,1.48652E-9
794.328,3.43705E-9,1.70983E-9,1.48908E-9,1.47013E-9
776.247,3.44612E-9,1.69847E-9,1.47331E-9,1.45393E-9
758.578,3.45598E-9,1.68746E-9,1.45773E-9,1.43791E-9
741.310,3.46665E-9,1.67679E-9,1.44235E-9,1.42207E-9
724.436,3.47816E-9,1.66648E-9,1.42716E-9,1.40641E-9
707.946,3.49053E-9,1.65652E-9,1.41218E-9,1.39093E-9
691.831,3.50378E-9,1.64693E-9,1.39739E-9,1.37562E-9
676.083,3.51794E-9,1.63772E-9,1.38279E-9,1.36049E-9
660.693,3.53304E-9,1.62888E-9,1.36839E-9,1.34554E-9
645.654,3.54910E-9,1.62042E-9,1.35418E-9,1.33075E-9
630.957,3.56615E-9,1.61236E-9,1.34016E-9,1.31613E-9
616.595,3.58421E-9,1.60470E-9,1.32634E-9,1.30168E-9
602.560,3.60333E-9,1.59745E-9,1.31271E-9,1.28740E-9
588.844,3.62352E-9,1.59062E-9,1.29927E-9,1.27328E-9
575.440,3.64481E-9,1.58422E-9,1.28603E-9,1.25932E-9
562.341,3.66725E-9,1.57825E-9,1.27297E-9,1.24552E-9
549.541,3.69087E-9,1.57273E-9,1.26011E-9,1.23188E-9
537.032,3.71568E-9,1.56766E-9,1.24744E-9,1.21840E-9
524.807,3.74175E-9,1.56307E-9,1.23497E-9,1.20508E-9
512.861,3.76908E-9,1.55895E-9,1.22268E-9,1.19191E-9
501.187,3.79774E-9,1.55532E-9,1.21059E-9,1.17890E-9
489.779,3.82774E-9,1.55220E-9,1.19870E-9,1.16604E-9
478.630,3.85913E-9,1.54959E-9,1.18700E-9,1.15332E-9
467.735,3.89195E-9,1.54750E-9,1.17550E-9,1.14076E-9
457.088,3.92624E-9,1.54596E-9,1.16420E-9,1.12835E-9
446.684,3.96203E-9,1.54497E-9,1.15309E-9,1.11608E-9
436.516,3.99938E-9,1.54455E-9,1.14219E-9,1.10396E-9
426.580,4.03832E-9,1.54471E-9,1.13149E-9,1.09199E-9
416.869,4.07889E-9,1.54547E-9,1.12100E-9,1.08016E-9
407.380,4.12115E-9,1.54684E-9,1.11071E-9,1.06847E-9
398.107,4.16513E-9,1.54883E-9,1.10064E-9,1.05692E-9
389.045,4.21088E-9,1.55147E-9,1.09077E-9,1.04551E-9
380.189,4.25845E-9,1.55476E-9,1.08112E-9,1.03424E-9
371.535,4.30789E-9,1.55873E-9,1.07169E-9,1.02311E-9
363.078,4.35924E-9,1.56338E-9,1.06248E-9,1.01212E-9
354.813,4.41255E-9,1.56875E-9,1.05349E-9,1.00126E-9
346.737,4.46788E-9,1.57484E-9,1.04473E-9,990.539E-12
338.844,4.52528E-9,1.58166E-9,1.03621E-9,979.953E-12
331.131,4.58480E-9,1.58925E-9,1.02792E-9,969.500E-12
323.594,4.64648E-9,1.59761E-9,1.01988E-9,959.181E-12
316.228,4.71040E-9,1.60676E-9,1.01208E-9,948.995E-12
309.030,4.77659E-9,1.61672E-9,1.00453E-9,938.941E-12
301.995,4.84512E-9,1.62751E-9,997.237E-12,929.019E-12
295.121,4.91605E-9,1.63914E-9,990.209E-12,919.227E-12
288.403,4.98860E-9,1.65155E-9,983.627E-12,909.786E-12
281.838,5.06446E-9,1.66492E-9,977.138E-12,900.253E-12
275.423,5.14290E-9,1.67919E-9,970.931E-12,890.850E-12
269.153,5.22397E-9,1.69438E-9,965.013E-12,881.576E-12
263.027,5.30775E-9,1.71050E-9,959.391E-12,872.432E-12
257.040,5.39428E-9,1.72758E-9,954.073E-12,863.417E-12
251.189,5.48364E-9,1.74564E-9,949.068E-12,854.532E-12
245.471,5.57590E-9,1.76469E-9,944.382E-12,845.776E-12
239.883,5.67112E-9,1.78475E-9,940.026E-12,837.150E-12
234.423,5.76937E-9,1.80584E-9,936.007E-12,828.654E-12
229.087,5.87073E-9,1.82798E-9,932.336E-12,820.287E-12
223.872,5.97527E-9,1.85120E-9,929.022E-12,812.052E-12
218.776,6.08306E-9,1.87550E-9,926.074E-12,803.947E-12
213.796,6.19417E-9,1.90092E-9,923.503E-12,795.973E-12
208.930,6.30869E-9,1.92747E-9,921.320E-12,788.132E-12
204.174,6.42670E-9,1.95516E-9,919.534E-12,780.424E-12
199.526,6.54827E-9,1.98404E-9,918.158E-12,772.850E-12
194.984,6.67350E-9,2.01410E-9,917.201E-12,765.411E-12
190.546,6.80245E-9,2.04539E-9,916.676E-12,758.108E-12
186.209,6.93524E-9,2.07791E-9,916.595E-12,750.942E-12
181.970,7.07193E-9,2.11169E-9,916.968E-12,743.915E-12
177.828,7.21263E-9,2.14675E-9,917.807E-12,737.029E-12
173.780,7.35742E-9,2.18313E-9,919.125E-12,730.285E-12
169.824,7.50641E-9,2.22083E-9,920.935E-12,723.684E-12
165.959,7.65970E-9,2.25989E-9,923.247E-12,717.230E-12
162.181,7.81738E-9,2.30033E-9,926.074E-12,710.924E-12
158.489,7.97955E-9,2.34218E-9,929.428E-12,704.769E-12
154.882,8.14633E-9,2.38547E-9,933.323E-12,698.766E-12
151.356,8.31783E-9,2.43022E-9,937.769E-12,692.920E-12
147.911,8.49416E-9,2.47645E-9,942.779E-12,687.232E-12
144.544,8.67542E-9,2.52421E-9,948.366E-12,681.706E-12
141.254,8.86175E-9,2.57352E-9,954.542E-12,676.345E-12
138.038,9.05327E-9,2.62440E-9,961.318E-12,671.153E-12
134.896,9.25009E-9,2.67690E-9,968.707E-12,666.133E-12
131.826,9.45234E-9,2.73104E-9,976.721E-12,661.290E-12
128.825,9.66017E-9,2.78686E-9,985.371E-12,656.627E-12
125.893,9.87370E-9,2.84440E-9,994.670E-12,652.148E-12
123.027,10.0931E-9,2.90368E-9,1.00463E-9,647.860E-12
120.226,10.3184E-9,2.96475E-9,1.01526E-9,643.765E-12
117.490,10.5499E-9,3.02765E-9,1.02658E-9,639.870E-12
114.815,10.7877E-9,3.09241E-9,1.03859E-9,636.180E-12
112.202,11.0319E-9,3.15907E-9,1.05130E-9,632.700E-12
109.648,11.2827E-9,3.22769E-9,1.06474E-9,629.436E-12
107.152,11.5403E-9,3.29829E-9,1.07890E-9,626.394E-12
104.713,11.8049E-9,3.37093E-9,1.09381E-9,623.581E-12
102.329,12.0765E-9,3.44565E-9,1.10947E-9,621.003E-12
100.000,12.3554E-9,3.52250E-9,1.12590E-9,618.666E-12
97.7237,12.6418E-9,3.60153E-9,1.14311E-9,616.579E-12
95.4993,12.9359E-9,3.68278E-9,1.16110E-9,614.747E-12
93.3254,13.2378E-9,3.76632E-9,1.17990E-9,613.179E-12
91.2011,13.5478E-9,3.85220E-9,1.19952E-9,611.881E-12
89.1251,13.8699E-9,3.94154E-9,1.22019E-9,610.798E-12
87.0964,14.1967E-9,4.03227E-9,1.24148E-9,610.072E-12
85.1138,14.5323E-9,4.12554E-9,1.26364E-9,609.640E-12
83.1764,14.8769E-9,4.22139E-9,1.28667E-9,609.511E-12
81.2831,15.2306E-9,4.31990E-9,1.31058E-9,609.695E-12
79.4328,15.5939E-9,4.42112E-9,1.33541E-9,610.200E-12
77.6247,15.9669E-9,4.52516E-9,1.36116E-9,611.035E-12
75.8578,16.3501E-9,4.63210E-9,1.38785E-9,612.209E-12
74.1310,16.7439E-9,4.74206E-9,1.41553E-9,613.733E-12
72.4436,17.1489E-9,4.85522E-9,1.44423E-9,615.619E-12
70.7946,17.5616E-9,4.97062E-9,1.47371E-9,617.897E-12
69.1831,17.9922E-9,5.09110E-9,1.50469E-9,620.549E-12
67.6083,18.4388E-9,5.21608E-9,1.53702E-9,623.624E-12
66.0693,18.9051E-9,5.34668E-9,1.57100E-9,627.169E-12
64.5654,19.3983E-9,5.48483E-9,1.60715E-9,631.266E-12
63.0957,19.9297E-9,5.63377E-9,1.64634E-9,636.056E-12
61.6595,20.5168E-9,5.79841E-9,1.68988E-9,641.771E-12
60.2560,21.1804E-9,5.98455E-9,1.73937E-9,648.728E-12
58.8844,21.9297E-9,6.19483E-9,1.79558E-9,657.180E-12
57.5440,22.7438E-9,6.42339E-9,1.85699E-9,667.033E-12
56.2341,23.5928E-9,6.66185E-9,1.92138E-9,678.000E-12
54.9541,24.4774E-9,6.91040E-9,1.98879E-9,690.108E-12
53.7032,25.4232E-9,7.17623E-9,2.06117E-9,703.739E-12
52.4807,26.4513E-9,7.46528E-9,2.14017E-9,719.269E-12
51.2861,27.5604E-9,7.77717E-9,2.22569E-9,736.723E-12
50.1187,28.6747E-9,8.09060E-9,2.31184E-9,754.765E-12
48.9779,29.7940E-9,8.40550E-9,2.39863E-9,773.510E-12
47.8630,30.9281E-9,8.72461E-9,2.48678E-9,793.066E-12
46.7735,32.0733E-9,9.04692E-9,2.57599E-9,813.334E-12
45.7088,33.2262E-9,9.37142E-9,2.66597E-9,834.206E-12
44.6684,34.3861E-9,9.69796E-9,2.75666E-9,855.628E-12
43.6516,35.5531E-9,10.0265E-9,2.84802E-9,877.559E-12
42.6580,36.7273E-9,10.3571E-9,2.94008E-9,899.971E-12
41.6869,37.9092E-9,10.6899E-9,3.03285E-9,922.841E-12
40.7380,39.0991E-9,11.0250E-9,3.12634E-9,946.148E-12
39.8107,40.2973E-9,11.3625E-9,3.22056E-9,969.872E-12
38.9045,41.5035E-9,11.7022E-9,3.31549E-9,993.993E-12
38.0189,42.7177E-9,12.0442E-9,3.41112E-9,1.01849E-9
37.1535,43.9394E-9,12.3883E-9,3.50741E-9,1.04332E-9
36.3078,45.1679E-9,12.7343E-9,3.60428E-9,1.06848E-9
35.4813,46.4022E-9,13.0821E-9,3.70168E-9,1.09392E-9
34.6737,47.6415E-9,13.4312E-9,3.79950E-9,1.11961E-9
33.8844,48.8843E-9,13.7813E-9,3.89765E-9,1.14552E-9
33.1131,50.1291E-9,14.1320E-9,3.99600E-9,1.17159E-9
32.3594,51.3745E-9,14.4828E-9,4.09443E-9,1.19778E-9
31.6228,52.6184E-9,14.8333E-9,4.19277E-9,1.22406E-9
30.9030,53.8591E-9,15.1829E-9,4.29089E-9,1.25036E-9
30.1995,55.0944E-9,15.5309E-9,4.38861E-9,1.27663E-9
29.5121,56.3222E-9,15.8769E-9,4.48576E-9,1.30282E-9
28.8403,57.5403E-9,16.2201E-9,4.58216E-9,1.32888E-9
28.1838,58.7465E-9,16.5599E-9,4.67764E-9,1.35475E-9
27.5423,59.9385E-9,16.8958E-9,4.77202E-9,1.38037E-9
26.9153,61.1142E-9,17.2271E-9,4.86512E-9,1.40570E-9
26.3027,62.2716E-9,17.5532E-9,4.95678E-9,1.43068E-9
25.7040,63.4086E-9,17.8736E-9,5.04685E-9,1.45527E-9
25.1189,64.5235E-9,18.1878E-9,5.13517E-9,1.47941E-9
24.5471,65.6147E-9,18.4953E-9,5.22163E-9,1.50308E-9
23.9883,66.6807E-9,18.7957E-9,5.30611E-9,1.52624E-9
23.4423,67.7204E-9,19.0886E-9,5.38850E-9,1.54885E-9
22.9087,68.7329E-9,19.3739E-9,5.46875E-9,1.57090E-9
22.3872,69.7174E-9,19.6514E-9,5.54678E-9,1.59236E-9
21.8776,70.6734E-9,19.9208E-9,5.62256E-9,1.61322E-9
21.3796,71.6006E-9,20.1820E-9,5.69607E-9,1.63347E-9
20.8930,72.4991E-9,20.4352E-9,5.76730E-9,1.65311E-9
20.4174,73.3689E-9,20.6803E-9,5.83626E-9,1.67214E-9
19.9526,74.2104E-9,20.9175E-9,5.90299E-9,1.69056E-9
19.4984,75.0240E-9,21.1468E-9,5.96750E-9,1.70839E-9
19.0546,75.8104E-9,21.3684E-9,6.02986E-9,1.72563E-9
18.6209,76.5702E-9,21.5825E-9,6.09012E-9,1.74229E-9
18.1970,77.3044E-9,21.7894E-9,6.14834E-9,1.75841E-9
17.7828,78.0137E-9,21.9893E-9,6.20460E-9,1.77398E-9
17.3780,78.6992E-9,22.1825E-9,6.25897E-9,1.78904E-9
16.9824,79.3619E-9,22.3692E-9,6.31153E-9,1.80361E-9
16.5959,80.0027E-9,22.5498E-9,6.36236E-9,1.81770E-9
16.2181,80.6228E-9,22.7245E-9,6.41155E-9,1.83134E-9
15.8489,81.2232E-9,22.8938E-9,6.45918E-9,1.84455E-9
15.4882,81.8050E-9,23.0577E-9,6.50533E-9,1.85736E-9
15.1356,82.3693E-9,23.2167E-9,6.55009E-9,1.86979E-9
14.7911,82.9170E-9,23.3711E-9,6.59355E-9,1.88186E-9
14.4544,83.4493E-9,23.5211E-9,6.63577E-9,1.89359E-9
14.1254,83.9672E-9,23.6670E-9,6.67686E-9,1.90500E-9
13.8038,84.4715E-9,23.8092E-9,6.71687E-9,1.91613E-9
13.4896,84.9635E-9,23.9478E-9,6.75590E-9,1.92698E-9
13.1826,85.4439E-9,24.0832E-9,6.79402E-9,1.93758E-9
12.8825,85.9137E-9,24.2156E-9,6.83129E-9,1.94794E-9
12.5893,86.3738E-9,24.3452E-9,6.86780E-9,1.95810E-9
12.3027,86.8252E-9,24.4725E-9,6.90362E-9,1.96807E-9
12.0226,87.2686E-9,24.5974E-9,6.93880E-9,1.97786E-9
11.7490,87.7050E-9,24.7204E-9,6.97343E-9,1.98750E-9
11.4815,88.1351E-9,24.8416E-9,7.00756E-9,1.99701E-9
11.2202,88.5598E-9,24.9613E-9,7.04126E-9,2.00639E-9
10.9648,88.9799E-9,25.0797E-9,7.07459E-9,2.01568E-9
10.7152,89.3961E-9,25.1970E-9,7.10762E-9,2.02488E-9
10.4713,89.8091E-9,25.3134E-9,7.14040E-9,2.03402E-9
10.2329,90.2198E-9,25.4291E-9,7.17299E-9,2.04310E-9
10.0000,90.6289E-9,25.5444E-9,7.20545E-9,2.05215E-9
9.77237,91.0371E-9,25.6594E-9,7.23784E-9,2.06118E-9
9.54993,91.4450E-9,25.7744E-9,7.27021E-9,2.07021E-9
9.33254,91.8532E-9,25.8894E-9,7.30261E-9,2.07925E-9
9.12011,92.2610E-9,26.0044E-9,7.33498E-9,2.08828E-9
8.91251,92.6592E-9,26.1166E-9,7.36658E-9,2.09709E-9
8.70964,93.0083E-9,26.2150E-9,7.39428E-9,2.10483E-9
8.51138,93.2789E-9,26.2912E-9,7.41576E-9,2.11083E-9
8.31764,93.4928E-9,26.3515E-9,7.43274E-9,2.11558E-9
8.12831,93.6713E-9,26.4018E-9,7.44691E-9,2.11954E-9
7.94328,93.8230E-9,26.4446E-9,7.45895E-9,2.12292E-9
7.76247,93.9510E-9,26.4807E-9,7.46912E-9,2.12577E-9
7.58578,94.0573E-9,26.5106E-9,7.47756E-9,2.12814E-9
7.41310,94.1442E-9,26.5351E-9,7.48446E-9,2.13008E-9
7.24436,94.2146E-9,26.5549E-9,7.49006E-9,2.13166E-9
7.07946,94.2710E-9,26.5708E-9,7.49454E-9,2.13294E-9
6.91831,94.3155E-9,26.5834E-9,7.49807E-9,2.13394E-9
6.76083,94.3497E-9,26.5930E-9,7.50080E-9,2.13473E-9
6.60693,94.3751E-9,26.6002E-9,7.50282E-9,2.13531E-9
6.45654,94.3928E-9,26.6052E-9,7.50424E-9,2.13573E-9
6.30957,94.4037E-9,26.6082E-9,7.50511E-9,2.13600E-9
6.16595,94.4085E-9,26.6096E-9,7.50550E-9,2.13614E-9
6.02560,94.4079E-9,26.6094E-9,7.50545E-9,2.13615E-9
5.88844,94.4023E-9,26.6078E-9,7.50502E-9,2.13606E-9
5.75440,94.3922E-9,26.6050E-9,7.50423E-9,2.13587E-9
5.62341,94.3781E-9,26.6010E-9,7.50312E-9,2.13559E-9
5.49541,94.3602E-9,26.5960E-9,7.50171E-9,2.13523E-9
5.37032,94.3389E-9,26.5900E-9,7.50003E-9,2.13479E-9
5.24807,94.3144E-9,26.5831E-9,7.49809E-9,2.13428E-9
5.12861,94.2869E-9,26.5754E-9,7.49592E-9,2.13371E-9
5.01187,94.2567E-9,26.5668E-9,7.49354E-9,2.13308E-9
4.89779,94.2239E-9,26.5576E-9,7.49095E-9,2.13240E-9
4.78630,94.1887E-9,26.5477E-9,7.48817E-9,2.13166E-9
4.67735,94.1513E-9,26.5371E-9,7.48520E-9,2.13087E-9
4.57088,94.1117E-9,26.5260E-9,7.48207E-9,2.13004E-9
4.46684,94.0701E-9,26.5143E-9,7.47879E-9,2.12916E-9
4.36516,94.0266E-9,26.5020E-9,7.47535E-9,2.12825E-9
4.26580,93.9813E-9,26.4892E-9,7.47177E-9,2.12729E-9
4.16869,93.9343E-9,26.4760E-9,7.46805E-9,2.12630E-9
4.07380,93.8867E-9,26.4626E-9,7.46429E-9,2.12530E-9
3.98107,93.8364E-9,26.4484E-9,7.46031E-9,2.12424E-9
3.89045,93.7848E-9,26.4339E-9,7.45623E-9,2.12315E-9
3.80189,93.7317E-9,26.4189E-9,7.45203E-9,2.12203E-9
3.71535,93.6772E-9,26.4036E-9,7.44773E-9,2.12088E-9
3.63078,93.6215E-9,26.3879E-9,7.44332E-9,2.11971E-9
3.54813,93.5646E-9,26.3718E-9,7.43882E-9,2.11851E-9
3.46737,93.5065E-9,26.3555E-9,7.43423E-9,2.11729E-9
3.38844,93.4473E-9,26.3388E-9,7.42955E-9,2.11604E-9
3.31131,93.3870E-9,26.3218E-9,7.42478E-9,2.11477E-9
3.23594,93.3257E-9,26.3045E-9,7.41994E-9,2.11349E-9
3.16228,93.2634E-9,26.2870E-9,7.41502E-9,2.11218E-9
3.09030,93.2003E-9,26.2692E-9,7.41002E-9,2.11086E-9
3.01995,93.1364E-9,26.2512E-9,7.40497E-9,2.10952E-9
2.95121,93.0720E-9,26.2331E-9,7.39989E-9,2.10817E-9
2.88403,93.0077E-9,26.2149E-9,7.39481E-9,2.10683E-9
2.81838,92.9449E-9,26.1973E-9,7.38985E-9,2.10552E-9
2.75423,92.8887E-9,26.1814E-9,7.38541E-9,2.10436E-9
2.69153,92.8391E-9,26.1675E-9,7.38150E-9,2.10335E-9
2.63027,92.7982E-9,26.1559E-9,7.37828E-9,2.10254E-9
2.57040,92.7653E-9,26.1467E-9,7.37569E-9,2.10190E-9
2.51189,92.7386E-9,26.1391E-9,7.37360E-9,2.10140E-9
2.45471,92.7167E-9,26.1330E-9,7.37189E-9,2.10101E-9
2.39883,92.6975E-9,26.1276E-9,7.37039E-9,2.10068E-9
2.34423,92.6831E-9,26.1235E-9,7.36928E-9,2.10046E-9
2.29087,92.6709E-9,26.1201E-9,7.36834E-9,2.10029E-9
2.23872,92.6610E-9,26.1173E-9,7.36758E-9,2.10018E-9
2.18776,92.6532E-9,26.1151E-9,7.36700E-9,2.10012E-9
2.13796,92.6474E-9,26.1135E-9,7.36657E-9,2.10010E-9
2.08930,92.6434E-9,26.1124E-9,7.36628E-9,2.10013E-9
2.04174,92.6413E-9,26.1118E-9,7.36615E-9,2.10020E-9
1.99526,92.6410E-9,26.1117E-9,7.36616E-9,2.10031E-9
1.94984,92.6425E-9,26.1122E-9,7.36631E-9,2.10047E-9
1.90546,92.6459E-9,26.1131E-9,7.36662E-9,2.10067E-9
1.86209,92.6511E-9,26.1146E-9,7.36707E-9,2.10092E-9
1.81970,92.6582E-9,26.1166E-9,7.36767E-9,2.10121E-9
1.77828,92.6673E-9,26.1192E-9,7.36843E-9,2.10155E-9
1.73780,92.6784E-9,26.1223E-9,7.36935E-9,2.10194E-9
1.69824,92.6915E-9,26.1260E-9,7.37044E-9,2.10238E-9
1.65959,92.7069E-9,26.1304E-9,7.37170E-9,2.10288E-9
1.62181,92.7244E-9,26.1353E-9,7.37314E-9,2.10342E-9
1.58489,92.7443E-9,26.1409E-9,7.37476E-9,2.10402E-9
1.54882,92.7665E-9,26.1472E-9,7.37657E-9,2.10468E-9
1.51356,92.7913E-9,26.1542E-9,7.37859E-9,2.10540E-9
1.47911,92.8186E-9,26.1619E-9,7.38081E-9,2.10618E-9
1.44544,92.8487E-9,26.1704E-9,7.38324E-9,2.10703E-9
1.41254,92.8815E-9,26.1797E-9,7.38590E-9,2.10795E-9
1.38038,92.9173E-9,26.1898E-9,7.38880E-9,2.10893E-9
1.34896,92.9562E-9,26.2007E-9,7.39194E-9,2.10999E-9
1.31826,92.9981E-9,26.2126E-9,7.39533E-9,2.11112E-9
1.28825,93.0434E-9,26.2254E-9,7.39898E-9,2.11234E-9
1.25893,93.0922E-9,26.2391E-9,7.40291E-9,2.11363E-9
1.23027,93.1445E-9,26.2539E-9,7.40712E-9,2.11501E-9
1.20226,93.2005E-9,26.2697E-9,7.41164E-9,2.11648E-9
1.17490,93.2604E-9,26.2866E-9,7.41646E-9,2.11805E-9
1.14815,93.3243E-9,26.3046E-9,7.42160E-9,2.11971E-9
1.12202,93.3925E-9,26.3238E-9,7.42708E-9,2.12147E-9
1.09648,93.4650E-9,26.3443E-9,7.43291E-9,2.12334E-9
1.07152,93.5421E-9,26.3660E-9,7.43911E-9,2.12531E-9
1.04713,93.6240E-9,26.3891E-9,7.44568E-9,2.12740E-9
1.02329,93.7107E-9,26.4136E-9,7.45265E-9,2.12960E-9
1.00000,93.8026E-9,26.4395E-9,7.46002E-9,2.13193E-9
