freq (Hz),input noise; V / sqrt(Hz) dR -10  (V / sqrt(Hz)),input noise; V / sqrt(Hz) dR -9.5  (V / sqrt(Hz)),input noise; V / sqrt(Hz) dR -9  (V / sqrt(Hz)),input noise; V / sqrt(Hz) dR -8.5  (V / sqrt(Hz)),input noise; V / sqrt(Hz) dR -8  (V / sqrt(Hz)),input noise; V / sqrt(Hz) dR -7.5  (V / sqrt(Hz)),input noise; V / sqrt(Hz) dR -7  (V / sqrt(Hz)),input noise; V / sqrt(Hz) dR -6.5  (V / sqrt(Hz)),input noise; V / sqrt(Hz) dR -6  (V / sqrt(Hz)),input noise; V / sqrt(Hz) dR -5.5  (V / sqrt(Hz)),input noise; V / sqrt(Hz) dR -5  (V / sqrt(Hz)),input noise; V / sqrt(Hz) dR -4.5  (V / sqrt(Hz)),input noise; V / sqrt(Hz) dR -4  (V / sqrt(Hz)),input noise; V / sqrt(Hz) dR -3.5  (V / sqrt(Hz)),input noise; V / sqrt(Hz) dR -3  (V / sqrt(Hz)),input noise; V / sqrt(Hz) dR -2.5  (V / sqrt(Hz)),input noise; V / sqrt(Hz) dR -2  (V / sqrt(Hz)),input noise; V / sqrt(Hz) dR -1.5  (V / sqrt(Hz)),input noise; V / sqrt(Hz) dR -1  (V / sqrt(Hz)),input noise; V / sqrt(Hz) dR -0.5  (V / sqrt(Hz)),input noise; V / sqrt(Hz) dR 0  (V / sqrt(Hz)),input noise; V / sqrt(Hz) dR 0.5  (V / sqrt(Hz)),input noise; V / sqrt(Hz) dR 1  (V / sqrt(Hz)),input noise; V / sqrt(Hz) dR 1.5  (V / sqrt(Hz)),input noise; V / sqrt(Hz) dR 2  (V / sqrt(Hz)),input noise; V / sqrt(Hz) dR 2.5  (V / sqrt(Hz)),input noise; V / sqrt(Hz) dR 3  (V / sqrt(Hz)),input noise; V / sqrt(Hz) dR 3.5  (V / sqrt(Hz)),input noise; V / sqrt(Hz) dR 4  (V / sqrt(Hz)),input noise; V / sqrt(Hz) dR 4.5  (V / sqrt(Hz)),input noise; V / sqrt(Hz) dR 5  (V / sqrt(Hz)),input noise; V / sqrt(Hz) dR 5.5  (V / sqrt(Hz)),input noise; V / sqrt(Hz) dR 6  (V / sqrt(Hz)),input noise; V / sqrt(Hz) dR 6.5  (V / sqrt(Hz)),input noise; V / sqrt(Hz) dR 7  (V / sqrt(Hz)),input noise; V / sqrt(Hz) dR 7.5  (V / sqrt(Hz)),input noise; V / sqrt(Hz) dR 8  (V / sqrt(Hz)),input noise; V / sqrt(Hz) dR 8.5  (V / sqrt(Hz)),input noise; V / sqrt(Hz) dR 9  (V / sqrt(Hz)),input noise; V / sqrt(Hz) dR 9.5  (V / sqrt(Hz)),input noise; V / sqrt(Hz) dR 10  (V / sqrt(Hz))
1.00000,8.84362E-9,8.53879E-9,8.23928E-9,7.94567E-9,7.65862E-9,7.37890E-9,7.10734E-9,6.84492E-9,6.59271E-9,6.35190E-9,6.12384E-9,5.90998E-9,5.71190E-9,5.53128E-9,5.36987E-9,5.22942E-9,5.11166E-9,5.01815E-9,4.95026E-9,4.90903E-9,4.89511E-9,4.90873E-9,4.94962E-9,5.01712E-9,5.11015E-9,5.22732E-9,5.36704E-9,5.52759E-9,5.70719E-9,5.90409E-9,6.11660E-9,6.34314E-9,6.58225E-9,6.83260E-9,7.09298E-9,7.36231E-9,7.63965E-9,7.92413E-9,8.21501E-9,8.51162E-9,8.81337E-9
1.25893,7.78582E-9,7.52030E-9,7.25951E-9,7.00397E-9,6.75425E-9,6.51103E-9,6.27505E-9,6.04714E-9,5.82823E-9,5.61938E-9,5.42172E-9,5.23651E-9,5.06510E-9,4.90893E-9,4.76948E-9,4.64824E-9,4.54665E-9,4.46603E-9,4.40753E-9,4.37201E-9,4.36002E-9,4.37174E-9,4.40696E-9,4.46511E-9,4.54530E-9,4.64637E-9,4.76698E-9,4.90567E-9,5.06095E-9,5.23132E-9,5.41535E-9,5.61168E-9,5.81906E-9,6.03633E-9,6.26246E-9,6.49650E-9,6.73763E-9,6.98510E-9,7.23826E-9,7.49651E-9,7.75934E-9
1.58489,6.85925E-9,6.62813E-9,6.40122E-9,6.17899E-9,5.96194E-9,5.75065E-9,5.54578E-9,5.34805E-9,5.15826E-9,4.97733E-9,4.80623E-9,4.64604E-9,4.49792E-9,4.36309E-9,4.24280E-9,4.13829E-9,4.05080E-9,3.98141E-9,3.93108E-9,3.90053E-9,3.89022E-9,3.90029E-9,3.93057E-9,3.98058E-9,4.04959E-9,4.13663E-9,4.24058E-9,4.36021E-9,4.49426E-9,4.64148E-9,4.80063E-9,4.97057E-9,5.15021E-9,5.33857E-9,5.53475E-9,5.73793E-9,5.94739E-9,6.16248E-9,6.38262E-9,6.60730E-9,6.83607E-9
1.99526,6.04813E-9,5.84713E-9,5.64989E-9,5.45682E-9,5.26836E-9,5.08502E-9,4.90737E-9,4.73604E-9,4.57172E-9,4.41520E-9,4.26732E-9,4.12900E-9,4.00123E-9,3.88502E-9,3.78144E-9,3.69154E-9,3.61634E-9,3.55674E-9,3.51353E-9,3.48731E-9,3.47846E-9,3.48709E-9,3.51307E-9,3.55600E-9,3.61527E-9,3.69007E-9,3.77948E-9,3.88248E-9,3.99800E-9,4.12499E-9,4.26241E-9,4.40928E-9,4.56467E-9,4.72774E-9,4.89771E-9,5.07388E-9,5.25562E-9,5.44237E-9,5.63362E-9,5.82891E-9,6.02786E-9
2.51189,5.33865E-9,5.16403E-9,4.99279E-9,4.82526E-9,4.66184E-9,4.50298E-9,4.34917E-9,4.20095E-9,4.05892E-9,3.92376E-9,3.79619E-9,3.67699E-9,3.56699E-9,3.46706E-9,3.37807E-9,3.30092E-9,3.23643E-9,3.18536E-9,3.14837E-9,3.12593E-9,3.11835E-9,3.12573E-9,3.14796E-9,3.18471E-9,3.23548E-9,3.29961E-9,3.37634E-9,3.46481E-9,3.56415E-9,3.67347E-9,3.79188E-9,3.91857E-9,4.05275E-9,4.19368E-9,4.34072E-9,4.49324E-9,4.65071E-9,4.81263E-9,4.97856E-9,5.14811E-9,5.32093E-9
3.16228,4.71872E-9,4.56724E-9,4.41877E-9,4.27364E-9,4.13217E-9,3.99476E-9,3.86183E-9,3.73385E-9,3.61135E-9,3.49489E-9,3.38509E-9,3.28262E-9,3.18816E-9,3.10245E-9,3.02621E-9,2.96018E-9,2.90505E-9,2.86143E-9,2.82984E-9,2.81069E-9,2.80422E-9,2.81051E-9,2.82947E-9,2.86084E-9,2.90420E-9,2.95903E-9,3.02468E-9,3.10047E-9,3.18567E-9,3.27953E-9,3.38132E-9,3.49035E-9,3.60595E-9,3.72750E-9,3.85444E-9,3.98625E-9,4.12244E-9,4.26261E-9,4.40635E-9,4.55333E-9,4.70325E-9
3.98107,4.17777E-9,4.04658E-9,3.91810E-9,3.79260E-9,3.67038E-9,3.55178E-9,3.43716E-9,3.32693E-9,3.22154E-9,3.12146E-9,3.02723E-9,2.93939E-9,2.85853E-9,2.78525E-9,2.72015E-9,2.66384E-9,2.61686E-9,2.57973E-9,2.55286E-9,2.53658E-9,2.53108E-9,2.53642E-9,2.55254E-9,2.57921E-9,2.61612E-9,2.66282E-9,2.71881E-9,2.78351E-9,2.85634E-9,2.93668E-9,3.02393E-9,3.11750E-9,3.21683E-9,3.32140E-9,3.43072E-9,3.54436E-9,3.66191E-9,3.78299E-9,3.90727E-9,4.03445E-9,4.16427E-9
5.01187,3.70653E-9,3.59316E-9,3.48223E-9,3.37397E-9,3.26865E-9,3.16655E-9,3.06800E-9,2.97333E-9,2.88294E-9,2.79722E-9,2.71661E-9,2.64159E-9,2.57262E-9,2.51021E-9,2.45484E-9,2.40700E-9,2.36715E-9,2.33567E-9,2.31292E-9,2.29913E-9,2.29447E-9,2.29899E-9,2.31263E-9,2.33521E-9,2.36649E-9,2.40611E-9,2.45366E-9,2.50869E-9,2.57071E-9,2.63922E-9,2.71374E-9,2.79376E-9,2.87883E-9,2.96851E-9,3.06239E-9,3.16010E-9,3.26127E-9,3.36560E-9,3.47280E-9,3.58260E-9,3.69478E-9
6.30957,3.29691E-9,3.19919E-9,3.10368E-9,3.01056E-9,2.92008E-9,2.83247E-9,2.74802E-9,2.66701E-9,2.58977E-9,2.51663E-9,2.44796E-9,2.38415E-9,2.32558E-9,2.27266E-9,2.22579E-9,2.18534E-9,2.15169E-9,2.12514E-9,2.10596E-9,2.09434E-9,2.09042E-9,2.09422E-9,2.10570E-9,2.12473E-9,2.15111E-9,2.18455E-9,2.22475E-9,2.27133E-9,2.32391E-9,2.38209E-9,2.44546E-9,2.51362E-9,2.58620E-9,2.66283E-9,2.74315E-9,2.82687E-9,2.91367E-9,3.00329E-9,3.09549E-9,3.19002E-9,3.28670E-9
7.94328,2.94179E-9,2.85784E-9,2.77587E-9,2.69607E-9,2.61862E-9,2.54374E-9,2.47166E-9,2.40263E-9,2.33692E-9,2.27480E-9,2.21658E-9,2.16257E-9,2.11308E-9,2.06844E-9,2.02897E-9,1.99496E-9,1.96670E-9,1.94443E-9,1.92835E-9,1.91862E-9,1.91533E-9,1.91851E-9,1.92813E-9,1.94407E-9,1.96619E-9,1.99427E-9,2.02807E-9,2.06729E-9,2.11163E-9,2.16078E-9,2.21441E-9,2.27220E-9,2.33383E-9,2.39901E-9,2.46745E-9,2.53889E-9,2.61307E-9,2.68977E-9,2.76878E-9,2.84989E-9,2.93294E-9
10.0000,2.63493E-9,2.56309E-9,2.49303E-9,2.42492E-9,2.35893E-9,2.29522E-9,2.23400E-9,2.17547E-9,2.11985E-9,2.06737E-9,2.01828E-9,1.97282E-9,1.93125E-9,1.89382E-9,1.86078E-9,1.83235E-9,1.80876E-9,1.79020E-9,1.77681E-9,1.76871E-9,1.76597E-9,1.76861E-9,1.77661E-9,1.78988E-9,1.80832E-9,1.83175E-9,1.85999E-9,1.89282E-9,1.93000E-9,1.97128E-9,2.01641E-9,2.06513E-9,2.11719E-9,2.17234E-9,2.23037E-9,2.29104E-9,2.35414E-9,2.41949E-9,2.48691E-9,2.55622E-9,2.62728E-9
12.5893,2.37083E-9,2.30963E-9,2.25004E-9,2.19221E-9,2.13626E-9,2.08235E-9,2.03064E-9,1.98129E-9,1.93450E-9,1.89043E-9,1.84929E-9,1.81127E-9,1.77657E-9,1.74539E-9,1.71791E-9,1.69431E-9,1.67475E-9,1.65938E-9,1.64830E-9,1.64160E-9,1.63933E-9,1.64152E-9,1.64813E-9,1.65910E-9,1.67436E-9,1.69379E-9,1.71723E-9,1.74452E-9,1.77549E-9,1.80994E-9,1.84768E-9,1.88850E-9,1.93221E-9,1.97861E-9,2.02752E-9,2.07875E-9,2.13214E-9,2.18753E-9,2.24477E-9,2.30372E-9,2.36424E-9
15.8489,2.14460E-9,2.09274E-9,2.04235E-9,1.99352E-9,1.94637E-9,1.90103E-9,1.85763E-9,1.81629E-9,1.77718E-9,1.74042E-9,1.70618E-9,1.67461E-9,1.64585E-9,1.62005E-9,1.59736E-9,1.57790E-9,1.56181E-9,1.54916E-9,1.54006E-9,1.53456E-9,1.53270E-9,1.53449E-9,1.53991E-9,1.54892E-9,1.56147E-9,1.57745E-9,1.59677E-9,1.61930E-9,1.64491E-9,1.67346E-9,1.70480E-9,1.73877E-9,1.77522E-9,1.81400E-9,1.85495E-9,1.89795E-9,1.94285E-9,1.98952E-9,2.03783E-9,2.08768E-9,2.13894E-9
19.9526,1.95187E-9,1.90821E-9,1.86586E-9,1.82490E-9,1.78544E-9,1.74756E-9,1.71138E-9,1.67701E-9,1.64454E-9,1.61411E-9,1.58582E-9,1.55979E-9,1.53613E-9,1.51495E-9,1.49635E-9,1.48043E-9,1.46727E-9,1.45696E-9,1.44953E-9,1.44505E-9,1.44353E-9,1.44499E-9,1.44940E-9,1.45675E-9,1.46698E-9,1.48004E-9,1.49584E-9,1.51430E-9,1.53533E-9,1.55881E-9,1.58464E-9,1.61270E-9,1.64288E-9,1.67505E-9,1.70911E-9,1.74494E-9,1.78243E-9,1.82149E-9,1.86201E-9,1.90389E-9,1.94704E-9
25.1189,1.78872E-9,1.75221E-9,1.71687E-9,1.68276E-9,1.64997E-9,1.61857E-9,1.58864E-9,1.56026E-9,1.53353E-9,1.50852E-9,1.48533E-9,1.46403E-9,1.44471E-9,1.42745E-9,1.41232E-9,1.39939E-9,1.38872E-9,1.38036E-9,1.37435E-9,1.37072E-9,1.36949E-9,1.37067E-9,1.37424E-9,1.38018E-9,1.38847E-9,1.39905E-9,1.41188E-9,1.42690E-9,1.44403E-9,1.46320E-9,1.48432E-9,1.50732E-9,1.53211E-9,1.55860E-9,1.58671E-9,1.61634E-9,1.64742E-9,1.67987E-9,1.71360E-9,1.74854E-9,1.78462E-9
31.6228,1.65157E-9,1.62127E-9,1.59200E-9,1.56382E-9,1.53678E-9,1.51094E-9,1.48638E-9,1.46314E-9,1.44130E-9,1.42091E-9,1.40204E-9,1.38475E-9,1.36909E-9,1.35513E-9,1.34292E-9,1.33249E-9,1.32390E-9,1.31718E-9,1.31234E-9,1.30943E-9,1.30844E-9,1.30938E-9,1.31224E-9,1.31702E-9,1.32368E-9,1.33220E-9,1.34254E-9,1.35466E-9,1.36851E-9,1.38404E-9,1.40119E-9,1.41989E-9,1.44010E-9,1.46174E-9,1.48475E-9,1.50907E-9,1.53463E-9,1.56137E-9,1.58924E-9,1.61817E-9,1.64810E-9
39.8107,1.53713E-9,1.51219E-9,1.48814E-9,1.46504E-9,1.44293E-9,1.42184E-9,1.40184E-9,1.38296E-9,1.36525E-9,1.34876E-9,1.33352E-9,1.31959E-9,1.30700E-9,1.29579E-9,1.28600E-9,1.27765E-9,1.27078E-9,1.26540E-9,1.26155E-9,1.25922E-9,1.25842E-9,1.25917E-9,1.26146E-9,1.26527E-9,1.27059E-9,1.27740E-9,1.28568E-9,1.29539E-9,1.30651E-9,1.31899E-9,1.33280E-9,1.34790E-9,1.36424E-9,1.38178E-9,1.40047E-9,1.42027E-9,1.44112E-9,1.46299E-9,1.48582E-9,1.50958E-9,1.53422E-9
50.1187,1.44241E-9,1.42203E-9,1.40244E-9,1.38366E-9,1.36571E-9,1.34865E-9,1.33248E-9,1.31726E-9,1.30302E-9,1.28977E-9,1.27756E-9,1.26641E-9,1.25636E-9,1.24741E-9,1.23961E-9,1.23297E-9,1.22751E-9,1.22324E-9,1.22018E-9,1.21833E-9,1.21770E-9,1.21830E-9,1.22011E-9,1.22313E-9,1.22735E-9,1.23276E-9,1.23934E-9,1.24707E-9,1.25593E-9,1.26590E-9,1.27695E-9,1.28905E-9,1.30217E-9,1.31627E-9,1.33134E-9,1.34732E-9,1.36420E-9,1.38194E-9,1.40050E-9,1.41985E-9,1.43996E-9
63.0957,1.36461E-9,1.34811E-9,1.33227E-9,1.31712E-9,1.30267E-9,1.28896E-9,1.27600E-9,1.26382E-9,1.25244E-9,1.24187E-9,1.23215E-9,1.22329E-9,1.21531E-9,1.20822E-9,1.20205E-9,1.19679E-9,1.19248E-9,1.18911E-9,1.18669E-9,1.18523E-9,1.18473E-9,1.18520E-9,1.18662E-9,1.18900E-9,1.19234E-9,1.19661E-9,1.20181E-9,1.20793E-9,1.21495E-9,1.22286E-9,1.23164E-9,1.24126E-9,1.25172E-9,1.26299E-9,1.27504E-9,1.28785E-9,1.30141E-9,1.31568E-9,1.33065E-9,1.34629E-9,1.36257E-9
79.4328,1.30122E-9,1.28796E-9,1.27525E-9,1.26312E-9,1.25157E-9,1.24063E-9,1.23031E-9,1.22063E-9,1.21159E-9,1.20322E-9,1.19553E-9,1.18853E-9,1.18223E-9,1.17664E-9,1.17178E-9,1.16765E-9,1.16425E-9,1.16160E-9,1.15970E-9,1.15855E-9,1.15816E-9,1.15853E-9,1.15964E-9,1.16151E-9,1.16413E-9,1.16748E-9,1.17157E-9,1.17639E-9,1.18192E-9,1.18816E-9,1.19509E-9,1.20271E-9,1.21099E-9,1.21993E-9,1.22951E-9,1.23971E-9,1.25052E-9,1.26192E-9,1.27390E-9,1.28644E-9,1.29953E-9
100.000,1.24995E-9,1.23937E-9,1.22925E-9,1.21960E-9,1.21043E-9,1.20176E-9,1.19359E-9,1.18594E-9,1.17881E-9,1.17221E-9,1.16616E-9,1.16065E-9,1.15570E-9,1.15132E-9,1.14751E-9,1.14427E-9,1.14161E-9,1.13954E-9,1.13805E-9,1.13715E-9,1.13684E-9,1.13712E-9,1.13800E-9,1.13946E-9,1.14150E-9,1.14413E-9,1.14733E-9,1.15110E-9,1.15544E-9,1.16033E-9,1.16578E-9,1.17177E-9,1.17830E-9,1.18535E-9,1.19291E-9,1.20098E-9,1.20955E-9,1.21860E-9,1.22812E-9,1.23810E-9,1.24854E-9
125.893,1.20876E-9,1.20037E-9,1.19236E-9,1.18473E-9,1.17750E-9,1.17066E-9,1.16423E-9,1.15822E-9,1.15262E-9,1.14744E-9,1.14270E-9,1.13839E-9,1.13452E-9,1.13110E-9,1.12812E-9,1.12559E-9,1.12352E-9,1.12190E-9,1.12074E-9,1.12003E-9,1.11979E-9,1.12001E-9,1.12069E-9,1.12183E-9,1.12342E-9,1.12546E-9,1.12796E-9,1.13090E-9,1.13429E-9,1.13812E-9,1.14238E-9,1.14707E-9,1.15218E-9,1.15771E-9,1.16366E-9,1.17001E-9,1.17676E-9,1.18389E-9,1.19142E-9,1.19932E-9,1.20759E-9
158.489,1.17587E-9,1.16926E-9,1.16295E-9,1.15695E-9,1.15127E-9,1.14591E-9,1.14088E-9,1.13617E-9,1.13179E-9,1.12775E-9,1.12404E-9,1.12068E-9,1.11767E-9,1.11500E-9,1.11268E-9,1.11071E-9,1.10910E-9,1.10784E-9,1.10694E-9,1.10639E-9,1.10620E-9,1.10637E-9,1.10689E-9,1.10778E-9,1.10901E-9,1.11060E-9,1.11254E-9,1.11483E-9,1.11746E-9,1.12044E-9,1.12376E-9,1.12742E-9,1.13141E-9,1.13574E-9,1.14039E-9,1.14536E-9,1.15065E-9,1.15625E-9,1.16216E-9,1.16838E-9,1.17489E-9
199.526,1.14974E-9,1.14456E-9,1.13962E-9,1.13492E-9,1.13048E-9,1.12630E-9,1.12236E-9,1.11869E-9,1.11528E-9,1.11213E-9,1.10925E-9,1.10664E-9,1.10430E-9,1.10222E-9,1.10042E-9,1.09889E-9,1.09764E-9,1.09666E-9,1.09596E-9,1.09553E-9,1.09538E-9,1.09551E-9,1.09592E-9,1.09660E-9,1.09756E-9,1.09879E-9,1.10029E-9,1.10207E-9,1.10411E-9,1.10643E-9,1.10901E-9,1.11185E-9,1.11496E-9,1.11832E-9,1.12194E-9,1.12582E-9,1.12995E-9,1.13433E-9,1.13895E-9,1.14382E-9,1.14892E-9
251.189,1.12909E-9,1.12504E-9,1.12118E-9,1.11752E-9,1.11406E-9,1.11080E-9,1.10774E-9,1.10489E-9,1.10224E-9,1.09979E-9,1.09756E-9,1.09553E-9,1.09371E-9,1.09210E-9,1.09071E-9,1.08952E-9,1.08855E-9,1.08779E-9,1.08725E-9,1.08692E-9,1.08680E-9,1.08690E-9,1.08721E-9,1.08774E-9,1.08848E-9,1.08943E-9,1.09059E-9,1.09197E-9,1.09355E-9,1.09534E-9,1.09734E-9,1.09954E-9,1.10195E-9,1.10456E-9,1.10737E-9,1.11039E-9,1.11360E-9,1.11701E-9,1.12061E-9,1.12440E-9,1.12839E-9
316.228,1.11281E-9,1.10966E-9,1.10666E-9,1.10381E-9,1.10112E-9,1.09859E-9,1.09622E-9,1.09401E-9,1.09195E-9,1.09006E-9,1.08832E-9,1.08675E-9,1.08535E-9,1.08410E-9,1.08302E-9,1.08211E-9,1.08135E-9,1.08077E-9,1.08034E-9,1.08008E-9,1.07999E-9,1.08007E-9,1.08031E-9,1.08072E-9,1.08129E-9,1.08202E-9,1.08292E-9,1.08398E-9,1.08520E-9,1.08658E-9,1.08813E-9,1.08983E-9,1.09170E-9,1.09372E-9,1.09590E-9,1.09823E-9,1.10072E-9,1.10337E-9,1.10617E-9,1.10912E-9,1.11221E-9
398.107,1.10003E-9,1.09758E-9,1.09525E-9,1.09305E-9,1.09096E-9,1.08900E-9,1.08716E-9,1.08545E-9,1.08386E-9,1.08239E-9,1.08105E-9,1.07984E-9,1.07875E-9,1.07779E-9,1.07695E-9,1.07624E-9,1.07566E-9,1.07520E-9,1.07488E-9,1.07468E-9,1.07460E-9,1.07466E-9,1.07485E-9,1.07516E-9,1.07560E-9,1.07616E-9,1.07685E-9,1.07767E-9,1.07861E-9,1.07968E-9,1.08087E-9,1.08219E-9,1.08363E-9,1.08519E-9,1.08687E-9,1.08868E-9,1.09061E-9,1.09265E-9,1.09482E-9,1.09711E-9,1.09951E-9
501.187,1.09001E-9,1.08811E-9,1.08631E-9,1.08460E-9,1.08299E-9,1.08147E-9,1.08005E-9,1.07873E-9,1.07750E-9,1.07636E-9,1.07533E-9,1.07439E-9,1.07355E-9,1.07281E-9,1.07216E-9,1.07161E-9,1.07116E-9,1.07081E-9,1.07055E-9,1.07040E-9,1.07034E-9,1.07038E-9,1.07052E-9,1.07076E-9,1.07110E-9,1.07154E-9,1.07207E-9,1.07270E-9,1.07342E-9,1.07424E-9,1.07516E-9,1.07618E-9,1.07729E-9,1.07849E-9,1.07979E-9,1.08119E-9,1.08267E-9,1.08426E-9,1.08593E-9,1.08770E-9,1.08956E-9
630.957,1.08218E-9,1.08071E-9,1.07931E-9,1.07799E-9,1.07675E-9,1.07557E-9,1.07448E-9,1.07345E-9,1.07250E-9,1.07163E-9,1.07083E-9,1.07010E-9,1.06945E-9,1.06888E-9,1.06838E-9,1.06796E-9,1.06761E-9,1.06733E-9,1.06714E-9,1.06701E-9,1.06697E-9,1.06700E-9,1.06711E-9,1.06729E-9,1.06755E-9,1.06788E-9,1.06829E-9,1.06878E-9,1.06933E-9,1.06997E-9,1.07067E-9,1.07145E-9,1.07231E-9,1.07324E-9,1.07424E-9,1.07531E-9,1.07646E-9,1.07768E-9,1.07897E-9,1.08034E-9,1.08177E-9
794.328,1.07606E-9,1.07492E-9,1.07385E-9,1.07283E-9,1.07186E-9,1.07096E-9,1.07011E-9,1.06932E-9,1.06859E-9,1.06791E-9,1.06729E-9,1.06673E-9,1.06623E-9,1.06579E-9,1.06540E-9,1.06507E-9,1.06480E-9,1.06459E-9,1.06443E-9,1.06434E-9,1.06430E-9,1.06433E-9,1.06441E-9,1.06455E-9,1.06475E-9,1.06500E-9,1.06532E-9,1.06569E-9,1.06612E-9,1.06660E-9,1.06715E-9,1.06775E-9,1.06840E-9,1.06912E-9,1.06989E-9,1.07072E-9,1.07160E-9,1.07254E-9,1.07353E-9,1.07459E-9,1.07569E-9
1.00000E3,1.07128E-9,1.07041E-9,1.06958E-9,1.06879E-9,1.06804E-9,1.06735E-9,1.06669E-9,1.06608E-9,1.06551E-9,1.06499E-9,1.06451E-9,1.06408E-9,1.06369E-9,1.06335E-9,1.06305E-9,1.06280E-9,1.06259E-9,1.06242E-9,1.06230E-9,1.06223E-9,1.06219E-9,1.06221E-9,1.06228E-9,1.06238E-9,1.06253E-9,1.06273E-9,1.06297E-9,1.06326E-9,1.06359E-9,1.06396E-9,1.06438E-9,1.06484E-9,1.06534E-9,1.06589E-9,1.06648E-9,1.06712E-9,1.06780E-9,1.06852E-9,1.06929E-9,1.07010E-9,1.07095E-9
1.25893E3,1.06756E-9,1.06689E-9,1.06624E-9,1.06563E-9,1.06506E-9,1.06452E-9,1.06401E-9,1.06354E-9,1.06311E-9,1.06270E-9,1.06233E-9,1.06200E-9,1.06170E-9,1.06143E-9,1.06120E-9,1.06100E-9,1.06084E-9,1.06071E-9,1.06062E-9,1.06056E-9,1.06053E-9,1.06054E-9,1.06059E-9,1.06067E-9,1.06079E-9,1.06094E-9,1.06112E-9,1.06134E-9,1.06159E-9,1.06188E-9,1.06220E-9,1.06255E-9,1.06294E-9,1.06336E-9,1.06382E-9,1.06431E-9,1.06483E-9,1.06538E-9,1.06597E-9,1.06660E-9,1.06725E-9
1.58489E3,1.06466E-9,1.06414E-9,1.06364E-9,1.06317E-9,1.06273E-9,1.06231E-9,1.06192E-9,1.06156E-9,1.06122E-9,1.06091E-9,1.06062E-9,1.06036E-9,1.06013E-9,1.05992E-9,1.05974E-9,1.05959E-9,1.05946E-9,1.05936E-9,1.05929E-9,1.05924E-9,1.05922E-9,1.05923E-9,1.05926E-9,1.05932E-9,1.05941E-9,1.05953E-9,1.05967E-9,1.05983E-9,1.06003E-9,1.06025E-9,1.06049E-9,1.06076E-9,1.06106E-9,1.06138E-9,1.06173E-9,1.06211E-9,1.06251E-9,1.06294E-9,1.06339E-9,1.06387E-9,1.06437E-9
1.99526E3,1.06240E-9,1.06200E-9,1.06162E-9,1.06125E-9,1.06091E-9,1.06059E-9,1.06028E-9,1.06000E-9,1.05974E-9,1.05950E-9,1.05928E-9,1.05908E-9,1.05890E-9,1.05873E-9,1.05859E-9,1.05847E-9,1.05837E-9,1.05829E-9,1.05824E-9,1.05820E-9,1.05818E-9,1.05818E-9,1.05821E-9,1.05826E-9,1.05833E-9,1.05841E-9,1.05852E-9,1.05865E-9,1.05880E-9,1.05896E-9,1.05915E-9,1.05936E-9,1.05959E-9,1.05984E-9,1.06010E-9,1.06039E-9,1.06070E-9,1.06103E-9,1.06137E-9,1.06174E-9,1.06213E-9
2.51189E3,1.06064E-9,1.06033E-9,1.06004E-9,1.05975E-9,1.05949E-9,1.05924E-9,1.05900E-9,1.05878E-9,1.05858E-9,1.05839E-9,1.05822E-9,1.05807E-9,1.05792E-9,1.05780E-9,1.05769E-9,1.05759E-9,1.05752E-9,1.05745E-9,1.05741E-9,1.05737E-9,1.05736E-9,1.05736E-9,1.05738E-9,1.05742E-9,1.05747E-9,1.05753E-9,1.05762E-9,1.05771E-9,1.05783E-9,1.05796E-9,1.05810E-9,1.05826E-9,1.05843E-9,1.05862E-9,1.05883E-9,1.05905E-9,1.05928E-9,1.05953E-9,1.05980E-9,1.06008E-9,1.06038E-9
3.16228E3,1.05927E-9,1.05903E-9,1.05880E-9,1.05858E-9,1.05838E-9,1.05818E-9,1.05800E-9,1.05783E-9,1.05767E-9,1.05753E-9,1.05739E-9,1.05727E-9,1.05716E-9,1.05706E-9,1.05698E-9,1.05690E-9,1.05684E-9,1.05679E-9,1.05675E-9,1.05672E-9,1.05671E-9,1.05671E-9,1.05673E-9,1.05675E-9,1.05679E-9,1.05684E-9,1.05690E-9,1.05698E-9,1.05706E-9,1.05716E-9,1.05727E-9,1.05739E-9,1.05753E-9,1.05767E-9,1.05783E-9,1.05800E-9,1.05818E-9,1.05837E-9,1.05857E-9,1.05879E-9,1.05902E-9
3.98107E3,1.05821E-9,1.05802E-9,1.05784E-9,1.05767E-9,1.05751E-9,1.05736E-9,1.05722E-9,1.05708E-9,1.05696E-9,1.05685E-9,1.05674E-9,1.05665E-9,1.05656E-9,1.05648E-9,1.05641E-9,1.05635E-9,1.05630E-9,1.05626E-9,1.05623E-9,1.05621E-9,1.05620E-9,1.05620E-9,1.05621E-9,1.05623E-9,1.05626E-9,1.05630E-9,1.05634E-9,1.05640E-9,1.05646E-9,1.05654E-9,1.05662E-9,1.05672E-9,1.05682E-9,1.05693E-9,1.05705E-9,1.05718E-9,1.05732E-9,1.05746E-9,1.05762E-9,1.05778E-9,1.05796E-9
5.01187E3,1.05738E-9,1.05723E-9,1.05709E-9,1.05696E-9,1.05683E-9,1.05671E-9,1.05660E-9,1.05650E-9,1.05640E-9,1.05631E-9,1.05623E-9,1.05615E-9,1.05609E-9,1.05602E-9,1.05597E-9,1.05592E-9,1.05588E-9,1.05585E-9,1.05582E-9,1.05580E-9,1.05579E-9,1.05579E-9,1.05580E-9,1.05581E-9,1.05584E-9,1.05586E-9,1.05590E-9,1.05594E-9,1.05599E-9,1.05605E-9,1.05611E-9,1.05618E-9,1.05626E-9,1.05635E-9,1.05644E-9,1.05654E-9,1.05664E-9,1.05675E-9,1.05687E-9,1.05700E-9,1.05713E-9
6.30957E3,1.05673E-9,1.05662E-9,1.05651E-9,1.05640E-9,1.05630E-9,1.05621E-9,1.05612E-9,1.05604E-9,1.05596E-9,1.05589E-9,1.05583E-9,1.05577E-9,1.05571E-9,1.05566E-9,1.05562E-9,1.05558E-9,1.05555E-9,1.05552E-9,1.05550E-9,1.05548E-9,1.05547E-9,1.05547E-9,1.05548E-9,1.05549E-9,1.05550E-9,1.05552E-9,1.05555E-9,1.05558E-9,1.05562E-9,1.05566E-9,1.05571E-9,1.05576E-9,1.05582E-9,1.05589E-9,1.05596E-9,1.05603E-9,1.05611E-9,1.05620E-9,1.05629E-9,1.05639E-9,1.05649E-9
7.94328E3,1.05623E-9,1.05614E-9,1.05605E-9,1.05597E-9,1.05589E-9,1.05582E-9,1.05575E-9,1.05568E-9,1.05562E-9,1.05556E-9,1.05551E-9,1.05546E-9,1.05542E-9,1.05538E-9,1.05534E-9,1.05531E-9,1.05528E-9,1.05526E-9,1.05524E-9,1.05523E-9,1.05522E-9,1.05522E-9,1.05522E-9,1.05523E-9,1.05524E-9,1.05525E-9,1.05527E-9,1.05530E-9,1.05533E-9,1.05536E-9,1.05540E-9,1.05544E-9,1.05548E-9,1.05553E-9,1.05558E-9,1.05564E-9,1.05570E-9,1.05577E-9,1.05584E-9,1.05591E-9,1.05599E-9
10.0000E3,1.05583E-9,1.05576E-9,1.05569E-9,1.05563E-9,1.05557E-9,1.05551E-9,1.05545E-9,1.05540E-9,1.05535E-9,1.05531E-9,1.05526E-9,1.05522E-9,1.05519E-9,1.05516E-9,1.05513E-9,1.05510E-9,1.05508E-9,1.05506E-9,1.05504E-9,1.05503E-9,1.05502E-9,1.05502E-9,1.05502E-9,1.05502E-9,1.05503E-9,1.05504E-9,1.05506E-9,1.05507E-9,1.05510E-9,1.05512E-9,1.05515E-9,1.05518E-9,1.05521E-9,1.05525E-9,1.05529E-9,1.05533E-9,1.05538E-9,1.05543E-9,1.05548E-9,1.05554E-9,1.05560E-9
12.5893E3,1.05553E-9,1.05547E-9,1.05541E-9,1.05536E-9,1.05531E-9,1.05527E-9,1.05522E-9,1.05518E-9,1.05514E-9,1.05510E-9,1.05507E-9,1.05503E-9,1.05501E-9,1.05498E-9,1.05495E-9,1.05493E-9,1.05491E-9,1.05489E-9,1.05488E-9,1.05487E-9,1.05486E-9,1.05486E-9,1.05486E-9,1.05486E-9,1.05487E-9,1.05487E-9,1.05489E-9,1.05490E-9,1.05491E-9,1.05493E-9,1.05495E-9,1.05498E-9,1.05500E-9,1.05503E-9,1.05506E-9,1.05509E-9,1.05513E-9,1.05517E-9,1.05521E-9,1.05525E-9,1.05529E-9
15.8489E3,1.05529E-9,1.05524E-9,1.05520E-9,1.05515E-9,1.05511E-9,1.05508E-9,1.05504E-9,1.05500E-9,1.05497E-9,1.05494E-9,1.05491E-9,1.05489E-9,1.05486E-9,1.05484E-9,1.05482E-9,1.05480E-9,1.05478E-9,1.05477E-9,1.05475E-9,1.05474E-9,1.05473E-9,1.05473E-9,1.05473E-9,1.05473E-9,1.05474E-9,1.05474E-9,1.05475E-9,1.05476E-9,1.05477E-9,1.05478E-9,1.05480E-9,1.05482E-9,1.05484E-9,1.05486E-9,1.05488E-9,1.05490E-9,1.05493E-9,1.05496E-9,1.05499E-9,1.05502E-9,1.05506E-9
19.9526E3,1.05510E-9,1.05506E-9,1.05503E-9,1.05499E-9,1.05496E-9,1.05493E-9,1.05490E-9,1.05487E-9,1.05484E-9,1.05482E-9,1.05479E-9,1.05477E-9,1.05475E-9,1.05473E-9,1.05471E-9,1.05469E-9,1.05468E-9,1.05467E-9,1.05465E-9,1.05464E-9,1.05463E-9,1.05463E-9,1.05463E-9,1.05463E-9,1.05463E-9,1.05464E-9,1.05464E-9,1.05465E-9,1.05466E-9,1.05467E-9,1.05468E-9,1.05469E-9,1.05471E-9,1.05472E-9,1.05474E-9,1.05476E-9,1.05478E-9,1.05480E-9,1.05482E-9,1.05485E-9,1.05487E-9
25.1189E3,1.05496E-9,1.05492E-9,1.05489E-9,1.05487E-9,1.05484E-9,1.05481E-9,1.05479E-9,1.05476E-9,1.05474E-9,1.05472E-9,1.05470E-9,1.05468E-9,1.05466E-9,1.05464E-9,1.05463E-9,1.05461E-9,1.05460E-9,1.05458E-9,1.05457E-9,1.05456E-9,1.05455E-9,1.05455E-9,1.05455E-9,1.05455E-9,1.05455E-9,1.05455E-9,1.05456E-9,1.05456E-9,1.05457E-9,1.05458E-9,1.05458E-9,1.05459E-9,1.05460E-9,1.05461E-9,1.05463E-9,1.05464E-9,1.05466E-9,1.05467E-9,1.05469E-9,1.05471E-9,1.05473E-9
31.6228E3,1.05484E-9,1.05482E-9,1.05479E-9,1.05477E-9,1.05474E-9,1.05472E-9,1.05470E-9,1.05468E-9,1.05466E-9,1.05464E-9,1.05462E-9,1.05460E-9,1.05459E-9,1.05457E-9,1.05456E-9,1.05455E-9,1.05453E-9,1.05452E-9,1.05451E-9,1.05450E-9,1.05449E-9,1.05449E-9,1.05449E-9,1.05449E-9,1.05449E-9,1.05449E-9,1.05449E-9,1.05449E-9,1.05450E-9,1.05450E-9,1.05451E-9,1.05451E-9,1.05452E-9,1.05453E-9,1.05454E-9,1.05455E-9,1.05456E-9,1.05457E-9,1.05459E-9,1.05460E-9,1.05461E-9
39.8107E3,1.05475E-9,1.05473E-9,1.05471E-9,1.05469E-9,1.05467E-9,1.05465E-9,1.05463E-9,1.05461E-9,1.05459E-9,1.05458E-9,1.05456E-9,1.05455E-9,1.05453E-9,1.05452E-9,1.05451E-9,1.05449E-9,1.05448E-9,1.05447E-9,1.05446E-9,1.05445E-9,1.05444E-9,1.05444E-9,1.05444E-9,1.05444E-9,1.05444E-9,1.05444E-9,1.05444E-9,1.05444E-9,1.05444E-9,1.05445E-9,1.05445E-9,1.05445E-9,1.05446E-9,1.05446E-9,1.05447E-9,1.05448E-9,1.05449E-9,1.05450E-9,1.05450E-9,1.05451E-9,1.05453E-9
50.1187E3,1.05468E-9,1.05466E-9,1.05465E-9,1.05463E-9,1.05461E-9,1.05459E-9,1.05458E-9,1.05456E-9,1.05454E-9,1.05453E-9,1.05452E-9,1.05450E-9,1.05449E-9,1.05448E-9,1.05446E-9,1.05445E-9,1.05444E-9,1.05443E-9,1.05442E-9,1.05441E-9,1.05440E-9,1.05440E-9,1.05440E-9,1.05440E-9,1.05440E-9,1.05440E-9,1.05440E-9,1.05440E-9,1.05440E-9,1.05440E-9,1.05440E-9,1.05441E-9,1.05441E-9,1.05441E-9,1.05442E-9,1.05442E-9,1.05443E-9,1.05443E-9,1.05444E-9,1.05445E-9,1.05446E-9
63.0957E3,1.05463E-9,1.05461E-9,1.05460E-9,1.05458E-9,1.05456E-9,1.05455E-9,1.05453E-9,1.05452E-9,1.05450E-9,1.05449E-9,1.05448E-9,1.05447E-9,1.05445E-9,1.05444E-9,1.05443E-9,1.05442E-9,1.05441E-9,1.05440E-9,1.05439E-9,1.05438E-9,1.05437E-9,1.05437E-9,1.05437E-9,1.05437E-9,1.05436E-9,1.05436E-9,1.05436E-9,1.05436E-9,1.05436E-9,1.05436E-9,1.05437E-9,1.05437E-9,1.05437E-9,1.05437E-9,1.05438E-9,1.05438E-9,1.05438E-9,1.05439E-9,1.05439E-9,1.05440E-9,1.05440E-9
79.4328E3,1.05459E-9,1.05457E-9,1.05456E-9,1.05454E-9,1.05453E-9,1.05451E-9,1.05450E-9,1.05449E-9,1.05447E-9,1.05446E-9,1.05445E-9,1.05444E-9,1.05443E-9,1.05441E-9,1.05440E-9,1.05439E-9,1.05438E-9,1.05437E-9,1.05436E-9,1.05436E-9,1.05435E-9,1.05434E-9,1.05434E-9,1.05434E-9,1.05434E-9,1.05434E-9,1.05434E-9,1.05434E-9,1.05434E-9,1.05434E-9,1.05434E-9,1.05434E-9,1.05434E-9,1.05434E-9,1.05434E-9,1.05434E-9,1.05435E-9,1.05435E-9,1.05435E-9,1.05436E-9,1.05436E-9
100.000E3,1.05455E-9,1.05454E-9,1.05453E-9,1.05451E-9,1.05450E-9,1.05449E-9,1.05447E-9,1.05446E-9,1.05445E-9,1.05444E-9,1.05443E-9,1.05441E-9,1.05440E-9,1.05439E-9,1.05438E-9,1.05437E-9,1.05436E-9,1.05435E-9,1.05435E-9,1.05434E-9,1.05433E-9,1.05433E-9,1.05432E-9,1.05432E-9,1.05432E-9,1.05432E-9,1.05432E-9,1.05431E-9,1.05431E-9,1.05431E-9,1.05431E-9,1.05431E-9,1.05431E-9,1.05431E-9,1.05432E-9,1.05432E-9,1.05432E-9,1.05432E-9,1.05432E-9,1.05432E-9,1.05433E-9
125.893E3,1.05453E-9,1.05451E-9,1.05450E-9,1.05449E-9,1.05448E-9,1.05446E-9,1.05445E-9,1.05444E-9,1.05443E-9,1.05442E-9,1.05441E-9,1.05440E-9,1.05439E-9,1.05438E-9,1.05437E-9,1.05436E-9,1.05435E-9,1.05434E-9,1.05433E-9,1.05432E-9,1.05431E-9,1.05431E-9,1.05431E-9,1.05430E-9,1.05430E-9,1.05430E-9,1.05430E-9,1.05430E-9,1.05430E-9,1.05430E-9,1.05430E-9,1.05429E-9,1.05429E-9,1.05429E-9,1.05430E-9,1.05430E-9,1.05430E-9,1.05430E-9,1.05430E-9,1.05430E-9,1.05430E-9
158.489E3,1.05451E-9,1.05449E-9,1.05448E-9,1.05447E-9,1.05446E-9,1.05445E-9,1.05444E-9,1.05443E-9,1.05441E-9,1.05440E-9,1.05439E-9,1.05438E-9,1.05437E-9,1.05436E-9,1.05435E-9,1.05434E-9,1.05434E-9,1.05433E-9,1.05432E-9,1.05431E-9,1.05430E-9,1.05430E-9,1.05429E-9,1.05429E-9,1.05429E-9,1.05429E-9,1.05429E-9,1.05428E-9,1.05428E-9,1.05428E-9,1.05428E-9,1.05428E-9,1.05428E-9,1.05428E-9,1.05428E-9,1.05428E-9,1.05428E-9,1.05428E-9,1.05428E-9,1.05428E-9,1.05428E-9
199.526E3,1.05449E-9,1.05448E-9,1.05447E-9,1.05446E-9,1.05445E-9,1.05443E-9,1.05442E-9,1.05441E-9,1.05440E-9,1.05439E-9,1.05438E-9,1.05437E-9,1.05436E-9,1.05435E-9,1.05434E-9,1.05433E-9,1.05433E-9,1.05432E-9,1.05431E-9,1.05430E-9,1.05429E-9,1.05429E-9,1.05428E-9,1.05428E-9,1.05428E-9,1.05428E-9,1.05428E-9,1.05427E-9,1.05427E-9,1.05427E-9,1.05427E-9,1.05427E-9,1.05427E-9,1.05427E-9,1.05427E-9,1.05427E-9,1.05427E-9,1.05427E-9,1.05427E-9,1.05427E-9,1.05427E-9
251.189E3,1.05448E-9,1.05447E-9,1.05446E-9,1.05445E-9,1.05443E-9,1.05442E-9,1.05441E-9,1.05440E-9,1.05439E-9,1.05438E-9,1.05437E-9,1.05436E-9,1.05435E-9,1.05434E-9,1.05434E-9,1.05433E-9,1.05432E-9,1.05431E-9,1.05430E-9,1.05429E-9,1.05428E-9,1.05428E-9,1.05428E-9,1.05427E-9,1.05427E-9,1.05427E-9,1.05427E-9,1.05427E-9,1.05426E-9,1.05426E-9,1.05426E-9,1.05426E-9,1.05426E-9,1.05426E-9,1.05426E-9,1.05426E-9,1.05425E-9,1.05425E-9,1.05425E-9,1.05425E-9,1.05425E-9
316.228E3,1.05447E-9,1.05446E-9,1.05445E-9,1.05444E-9,1.05443E-9,1.05442E-9,1.05441E-9,1.05440E-9,1.05439E-9,1.05438E-9,1.05437E-9,1.05436E-9,1.05435E-9,1.05434E-9,1.05433E-9,1.05432E-9,1.05431E-9,1.05430E-9,1.05429E-9,1.05429E-9,1.05428E-9,1.05427E-9,1.05427E-9,1.05427E-9,1.05427E-9,1.05426E-9,1.05426E-9,1.05426E-9,1.05426E-9,1.05426E-9,1.05425E-9,1.05425E-9,1.05425E-9,1.05425E-9,1.05425E-9,1.05425E-9,1.05425E-9,1.05425E-9,1.05424E-9,1.05424E-9,1.05424E-9
398.107E3,1.05446E-9,1.05445E-9,1.05444E-9,1.05443E-9,1.05442E-9,1.05441E-9,1.05440E-9,1.05439E-9,1.05438E-9,1.05437E-9,1.05436E-9,1.05435E-9,1.05434E-9,1.05433E-9,1.05432E-9,1.05432E-9,1.05431E-9,1.05430E-9,1.05429E-9,1.05428E-9,1.05427E-9,1.05427E-9,1.05427E-9,1.05426E-9,1.05426E-9,1.05426E-9,1.05426E-9,1.05425E-9,1.05425E-9,1.05425E-9,1.05425E-9,1.05425E-9,1.05425E-9,1.05424E-9,1.05424E-9,1.05424E-9,1.05424E-9,1.05424E-9,1.05424E-9,1.05424E-9,1.05424E-9
501.187E3,1.05446E-9,1.05445E-9,1.05444E-9,1.05443E-9,1.05442E-9,1.05441E-9,1.05440E-9,1.05439E-9,1.05438E-9,1.05437E-9,1.05436E-9,1.05435E-9,1.05434E-9,1.05433E-9,1.05432E-9,1.05431E-9,1.05430E-9,1.05429E-9,1.05429E-9,1.05428E-9,1.05427E-9,1.05427E-9,1.05426E-9,1.05426E-9,1.05426E-9,1.05426E-9,1.05425E-9,1.05425E-9,1.05425E-9,1.05425E-9,1.05424E-9,1.05424E-9,1.05424E-9,1.05424E-9,1.05424E-9,1.05424E-9,1.05424E-9,1.05423E-9,1.05423E-9,1.05423E-9,1.05423E-9
630.957E3,1.05445E-9,1.05444E-9,1.05443E-9,1.05442E-9,1.05441E-9,1.05440E-9,1.05439E-9,1.05438E-9,1.05437E-9,1.05436E-9,1.05435E-9,1.05435E-9,1.05434E-9,1.05433E-9,1.05432E-9,1.05431E-9,1.05430E-9,1.05429E-9,1.05428E-9,1.05427E-9,1.05427E-9,1.05426E-9,1.05426E-9,1.05426E-9,1.05426E-9,1.05425E-9,1.05425E-9,1.05425E-9,1.05425E-9,1.05424E-9,1.05424E-9,1.05424E-9,1.05424E-9,1.05424E-9,1.05424E-9,1.05423E-9,1.05423E-9,1.05423E-9,1.05423E-9,1.05423E-9,1.05423E-9
794.328E3,1.05445E-9,1.05444E-9,1.05443E-9,1.05442E-9,1.05441E-9,1.05440E-9,1.05439E-9,1.05438E-9,1.05437E-9,1.05436E-9,1.05435E-9,1.05434E-9,1.05433E-9,1.05433E-9,1.05432E-9,1.05431E-9,1.05430E-9,1.05429E-9,1.05428E-9,1.05427E-9,1.05427E-9,1.05426E-9,1.05426E-9,1.05426E-9,1.05425E-9,1.05425E-9,1.05425E-9,1.05425E-9,1.05424E-9,1.05424E-9,1.05424E-9,1.05424E-9,1.05424E-9,1.05424E-9,1.05423E-9,1.05423E-9,1.05423E-9,1.05423E-9,1.05423E-9,1.05423E-9,1.05422E-9
1.00000E6,1.05445E-9,1.05444E-9,1.05443E-9,1.05442E-9,1.05441E-9,1.05440E-9,1.05439E-9,1.05438E-9,1.05437E-9,1.05436E-9,1.05435E-9,1.05434E-9,1.05433E-9,1.05433E-9,1.05432E-9,1.05431E-9,1.05430E-9,1.05429E-9,1.05428E-9,1.05427E-9,1.05427E-9,1.05426E-9,1.05426E-9,1.05426E-9,1.05425E-9,1.05425E-9,1.05425E-9,1.05425E-9,1.05424E-9,1.05424E-9,1.05424E-9,1.05424E-9,1.05424E-9,1.05423E-9,1.05423E-9,1.05423E-9,1.05423E-9,1.05423E-9,1.05423E-9,1.05423E-9,1.05422E-9
1.25893E6,1.05445E-9,1.05444E-9,1.05443E-9,1.05442E-9,1.05441E-9,1.05440E-9,1.05439E-9,1.05438E-9,1.05437E-9,1.05436E-9,1.05435E-9,1.05435E-9,1.05434E-9,1.05433E-9,1.05432E-9,1.05431E-9,1.05430E-9,1.05429E-9,1.05428E-9,1.05428E-9,1.05427E-9,1.05426E-9,1.05426E-9,1.05426E-9,1.05426E-9,1.05425E-9,1.05425E-9,1.05425E-9,1.05425E-9,1.05424E-9,1.05424E-9,1.05424E-9,1.05424E-9,1.05424E-9,1.05423E-9,1.05423E-9,1.05423E-9,1.05423E-9,1.05423E-9,1.05423E-9,1.05422E-9
1.58489E6,1.05445E-9,1.05444E-9,1.05443E-9,1.05442E-9,1.05441E-9,1.05440E-9,1.05440E-9,1.05439E-9,1.05438E-9,1.05437E-9,1.05436E-9,1.05435E-9,1.05434E-9,1.05433E-9,1.05432E-9,1.05431E-9,1.05430E-9,1.05430E-9,1.05429E-9,1.05428E-9,1.05427E-9,1.05427E-9,1.05427E-9,1.05426E-9,1.05426E-9,1.05426E-9,1.05425E-9,1.05425E-9,1.05425E-9,1.05425E-9,1.05425E-9,1.05424E-9,1.05424E-9,1.05424E-9,1.05424E-9,1.05424E-9,1.05423E-9,1.05423E-9,1.05423E-9,1.05423E-9,1.05423E-9
1.99526E6,1.05446E-9,1.05445E-9,1.05444E-9,1.05443E-9,1.05442E-9,1.05441E-9,1.05440E-9,1.05439E-9,1.05438E-9,1.05437E-9,1.05437E-9,1.05436E-9,1.05435E-9,1.05434E-9,1.05433E-9,1.05432E-9,1.05431E-9,1.05430E-9,1.05429E-9,1.05429E-9,1.05428E-9,1.05428E-9,1.05427E-9,1.05427E-9,1.05427E-9,1.05426E-9,1.05426E-9,1.05426E-9,1.05426E-9,1.05426E-9,1.05425E-9,1.05425E-9,1.05425E-9,1.05425E-9,1.05424E-9,1.05424E-9,1.05424E-9,1.05424E-9,1.05424E-9,1.05424E-9,1.05423E-9
2.51189E6,1.05447E-9,1.05446E-9,1.05445E-9,1.05444E-9,1.05443E-9,1.05442E-9,1.05441E-9,1.05441E-9,1.05440E-9,1.05439E-9,1.05438E-9,1.05437E-9,1.05436E-9,1.05435E-9,1.05434E-9,1.05433E-9,1.05432E-9,1.05432E-9,1.05431E-9,1.05430E-9,1.05429E-9,1.05429E-9,1.05428E-9,1.05428E-9,1.05428E-9,1.05428E-9,1.05427E-9,1.05427E-9,1.05427E-9,1.05427E-9,1.05426E-9,1.05426E-9,1.05426E-9,1.05426E-9,1.05426E-9,1.05426E-9,1.05425E-9,1.05425E-9,1.05425E-9,1.05425E-9,1.05425E-9
3.16228E6,1.05449E-9,1.05448E-9,1.05447E-9,1.05446E-9,1.05445E-9,1.05444E-9,1.05443E-9,1.05443E-9,1.05442E-9,1.05441E-9,1.05440E-9,1.05439E-9,1.05438E-9,1.05437E-9,1.05436E-9,1.05435E-9,1.05434E-9,1.05434E-9,1.05433E-9,1.05432E-9,1.05431E-9,1.05431E-9,1.05430E-9,1.05430E-9,1.05430E-9,1.05430E-9,1.05429E-9,1.05429E-9,1.05429E-9,1.05429E-9,1.05428E-9,1.05428E-9,1.05428E-9,1.05428E-9,1.05428E-9,1.05427E-9,1.05427E-9,1.05427E-9,1.05427E-9,1.05427E-9,1.05427E-9
3.98107E6,1.05452E-9,1.05451E-9,1.05450E-9,1.05450E-9,1.05449E-9,1.05448E-9,1.05447E-9,1.05446E-9,1.05445E-9,1.05444E-9,1.05443E-9,1.05442E-9,1.05441E-9,1.05440E-9,1.05439E-9,1.05438E-9,1.05438E-9,1.05437E-9,1.05436E-9,1.05435E-9,1.05434E-9,1.05434E-9,1.05434E-9,1.05433E-9,1.05433E-9,1.05433E-9,1.05433E-9,1.05432E-9,1.05432E-9,1.05432E-9,1.05432E-9,1.05431E-9,1.05431E-9,1.05431E-9,1.05431E-9,1.05431E-9,1.05430E-9,1.05430E-9,1.05430E-9,1.05430E-9,1.05430E-9
5.01187E6,1.05458E-9,1.05457E-9,1.05456E-9,1.05455E-9,1.05454E-9,1.05453E-9,1.05452E-9,1.05451E-9,1.05450E-9,1.05449E-9,1.05448E-9,1.05447E-9,1.05446E-9,1.05445E-9,1.05445E-9,1.05444E-9,1.05443E-9,1.05442E-9,1.05441E-9,1.05440E-9,1.05439E-9,1.05439E-9,1.05439E-9,1.05438E-9,1.05438E-9,1.05438E-9,1.05438E-9,1.05437E-9,1.05437E-9,1.05437E-9,1.05437E-9,1.05437E-9,1.05436E-9,1.05436E-9,1.05436E-9,1.05436E-9,1.05436E-9,1.05435E-9,1.05435E-9,1.05435E-9,1.05435E-9
6.30957E6,1.05466E-9,1.05465E-9,1.05464E-9,1.05463E-9,1.05462E-9,1.05461E-9,1.05460E-9,1.05459E-9,1.05458E-9,1.05457E-9,1.05456E-9,1.05455E-9,1.05454E-9,1.05454E-9,1.05453E-9,1.05452E-9,1.05451E-9,1.05450E-9,1.05449E-9,1.05448E-9,1.05447E-9,1.05447E-9,1.05447E-9,1.05447E-9,1.05446E-9,1.05446E-9,1.05446E-9,1.05446E-9,1.05445E-9,1.05445E-9,1.05445E-9,1.05445E-9,1.05444E-9,1.05444E-9,1.05444E-9,1.05444E-9,1.05444E-9,1.05444E-9,1.05443E-9,1.05443E-9,1.05443E-9
7.94328E6,1.05479E-9,1.05478E-9,1.05477E-9,1.05476E-9,1.05475E-9,1.05474E-9,1.05473E-9,1.05472E-9,1.05471E-9,1.05470E-9,1.05469E-9,1.05468E-9,1.05467E-9,1.05466E-9,1.05466E-9,1.05465E-9,1.05464E-9,1.05463E-9,1.05462E-9,1.05461E-9,1.05460E-9,1.05460E-9,1.05460E-9,1.05459E-9,1.05459E-9,1.05459E-9,1.05459E-9,1.05458E-9,1.05458E-9,1.05458E-9,1.05458E-9,1.05458E-9,1.05457E-9,1.05457E-9,1.05457E-9,1.05457E-9,1.05457E-9,1.05456E-9,1.05456E-9,1.05456E-9,1.05456E-9
10.0000E6,1.05499E-9,1.05498E-9,1.05497E-9,1.05496E-9,1.05495E-9,1.05495E-9,1.05494E-9,1.05493E-9,1.05492E-9,1.05491E-9,1.05490E-9,1.05489E-9,1.05488E-9,1.05487E-9,1.05486E-9,1.05485E-9,1.05484E-9,1.05483E-9,1.05482E-9,1.05482E-9,1.05481E-9,1.05480E-9,1.05480E-9,1.05480E-9,1.05480E-9,1.05479E-9,1.05479E-9,1.05479E-9,1.05479E-9,1.05478E-9,1.05478E-9,1.05478E-9,1.05478E-9,1.05478E-9,1.05477E-9,1.05477E-9,1.05477E-9,1.05477E-9,1.05477E-9,1.05477E-9,1.05476E-9
12.5893E6,1.05532E-9,1.05531E-9,1.05530E-9,1.05529E-9,1.05528E-9,1.05527E-9,1.05526E-9,1.05525E-9,1.05524E-9,1.05523E-9,1.05522E-9,1.05521E-9,1.05520E-9,1.05519E-9,1.05518E-9,1.05517E-9,1.05517E-9,1.05516E-9,1.05515E-9,1.05514E-9,1.05513E-9,1.05513E-9,1.05512E-9,1.05512E-9,1.05512E-9,1.05512E-9,1.05511E-9,1.05511E-9,1.05511E-9,1.05511E-9,1.05510E-9,1.05510E-9,1.05510E-9,1.05510E-9,1.05510E-9,1.05509E-9,1.05509E-9,1.05509E-9,1.05509E-9,1.05509E-9,1.05509E-9
15.8489E6,1.05583E-9,1.05582E-9,1.05581E-9,1.05580E-9,1.05579E-9,1.05578E-9,1.05577E-9,1.05576E-9,1.05575E-9,1.05574E-9,1.05573E-9,1.05572E-9,1.05571E-9,1.05570E-9,1.05569E-9,1.05568E-9,1.05567E-9,1.05566E-9,1.05566E-9,1.05565E-9,1.05564E-9,1.05563E-9,1.05563E-9,1.05563E-9,1.05563E-9,1.05562E-9,1.05562E-9,1.05562E-9,1.05562E-9,1.05561E-9,1.05561E-9,1.05561E-9,1.05561E-9,1.05561E-9,1.05560E-9,1.05560E-9,1.05560E-9,1.05560E-9,1.05560E-9,1.05560E-9,1.05559E-9
19.9526E6,1.05664E-9,1.05663E-9,1.05662E-9,1.05661E-9,1.05660E-9,1.05659E-9,1.05658E-9,1.05657E-9,1.05656E-9,1.05655E-9,1.05654E-9,1.05652E-9,1.05651E-9,1.05650E-9,1.05649E-9,1.05648E-9,1.05647E-9,1.05646E-9,1.05645E-9,1.05644E-9,1.05643E-9,1.05643E-9,1.05643E-9,1.05643E-9,1.05642E-9,1.05642E-9,1.05642E-9,1.05642E-9,1.05641E-9,1.05641E-9,1.05641E-9,1.05641E-9,1.05641E-9,1.05640E-9,1.05640E-9,1.05640E-9,1.05640E-9,1.05640E-9,1.05640E-9,1.05639E-9,1.05639E-9
25.1189E6,1.05791E-9,1.05789E-9,1.05788E-9,1.05787E-9,1.05786E-9,1.05785E-9,1.05784E-9,1.05782E-9,1.05781E-9,1.05780E-9,1.05779E-9,1.05778E-9,1.05777E-9,1.05776E-9,1.05774E-9,1.05773E-9,1.05772E-9,1.05771E-9,1.05770E-9,1.05769E-9,1.05768E-9,1.05768E-9,1.05768E-9,1.05767E-9,1.05767E-9,1.05767E-9,1.05767E-9,1.05766E-9,1.05766E-9,1.05766E-9,1.05766E-9,1.05766E-9,1.05765E-9,1.05765E-9,1.05765E-9,1.05765E-9,1.05765E-9,1.05765E-9,1.05764E-9,1.05764E-9,1.05764E-9
31.6228E6,1.05986E-9,1.05985E-9,1.05984E-9,1.05983E-9,1.05981E-9,1.05980E-9,1.05979E-9,1.05977E-9,1.05976E-9,1.05975E-9,1.05974E-9,1.05972E-9,1.05971E-9,1.05970E-9,1.05969E-9,1.05967E-9,1.05966E-9,1.05965E-9,1.05964E-9,1.05962E-9,1.05961E-9,1.05961E-9,1.05961E-9,1.05961E-9,1.05960E-9,1.05960E-9,1.05960E-9,1.05960E-9,1.05960E-9,1.05959E-9,1.05959E-9,1.05959E-9,1.05959E-9,1.05959E-9,1.05959E-9,1.05958E-9,1.05958E-9,1.05958E-9,1.05958E-9,1.05958E-9,1.05958E-9
39.8107E6,1.06287E-9,1.06285E-9,1.06284E-9,1.06282E-9,1.06281E-9,1.06279E-9,1.06278E-9,1.06276E-9,1.06275E-9,1.06273E-9,1.06272E-9,1.06270E-9,1.06269E-9,1.06267E-9,1.06266E-9,1.06265E-9,1.06263E-9,1.06262E-9,1.06260E-9,1.06259E-9,1.06258E-9,1.06257E-9,1.06257E-9,1.06257E-9,1.06257E-9,1.06257E-9,1.06256E-9,1.06256E-9,1.06256E-9,1.06256E-9,1.06256E-9,1.06256E-9,1.06255E-9,1.06255E-9,1.06255E-9,1.06255E-9,1.06255E-9,1.06255E-9,1.06255E-9,1.06255E-9,1.06255E-9
50.1187E6,1.06740E-9,1.06738E-9,1.06736E-9,1.06734E-9,1.06733E-9,1.06731E-9,1.06729E-9,1.06727E-9,1.06725E-9,1.06723E-9,1.06722E-9,1.06720E-9,1.06718E-9,1.06716E-9,1.06715E-9,1.06713E-9,1.06711E-9,1.06709E-9,1.06708E-9,1.06706E-9,1.06704E-9,1.06704E-9,1.06704E-9,1.06704E-9,1.06704E-9,1.06703E-9,1.06703E-9,1.06703E-9,1.06703E-9,1.06703E-9,1.06703E-9,1.06703E-9,1.06702E-9,1.06702E-9,1.06702E-9,1.06702E-9,1.06702E-9,1.06702E-9,1.06702E-9,1.06702E-9,1.06702E-9
63.0957E6,1.07408E-9,1.07406E-9,1.07403E-9,1.07401E-9,1.07399E-9,1.07396E-9,1.07394E-9,1.07392E-9,1.07389E-9,1.07387E-9,1.07385E-9,1.07383E-9,1.07380E-9,1.07378E-9,1.07376E-9,1.07374E-9,1.07371E-9,1.07369E-9,1.07367E-9,1.07365E-9,1.07363E-9,1.07363E-9,1.07362E-9,1.07362E-9,1.07362E-9,1.07362E-9,1.07362E-9,1.07362E-9,1.07362E-9,1.07361E-9,1.07361E-9,1.07361E-9,1.07361E-9,1.07361E-9,1.07361E-9,1.07361E-9,1.07361E-9,1.07361E-9,1.07361E-9,1.07361E-9,1.07361E-9
79.4328E6,1.08365E-9,1.08362E-9,1.08359E-9,1.08356E-9,1.08353E-9,1.08350E-9,1.08347E-9,1.08344E-9,1.08341E-9,1.08338E-9,1.08335E-9,1.08332E-9,1.08329E-9,1.08326E-9,1.08323E-9,1.08320E-9,1.08317E-9,1.08315E-9,1.08312E-9,1.08309E-9,1.08306E-9,1.08306E-9,1.08306E-9,1.08305E-9,1.08305E-9,1.08305E-9,1.08305E-9,1.08305E-9,1.08305E-9,1.08305E-9,1.08304E-9,1.08304E-9,1.08304E-9,1.08304E-9,1.08304E-9,1.08304E-9,1.08304E-9,1.08304E-9,1.08304E-9,1.08304E-9,1.08304E-9
100.000E6,1.09693E-9,1.09689E-9,1.09685E-9,1.09681E-9,1.09677E-9,1.09673E-9,1.09669E-9,1.09665E-9,1.09661E-9,1.09657E-9,1.09653E-9,1.09649E-9,1.09645E-9,1.09642E-9,1.09638E-9,1.09634E-9,1.09630E-9,1.09626E-9,1.09622E-9,1.09619E-9,1.09615E-9,1.09615E-9,1.09614E-9,1.09614E-9,1.09614E-9,1.09614E-9,1.09613E-9,1.09613E-9,1.09613E-9,1.09613E-9,1.09612E-9,1.09612E-9,1.09612E-9,1.09612E-9,1.09612E-9,1.09612E-9,1.09612E-9,1.09612E-9,1.09611E-9,1.09611E-9,1.09611E-9
125.893E6,1.11484E-9,1.11479E-9,1.11473E-9,1.11468E-9,1.11463E-9,1.11458E-9,1.11452E-9,1.11447E-9,1.11442E-9,1.11437E-9,1.11432E-9,1.11426E-9,1.11421E-9,1.11416E-9,1.11411E-9,1.11406E-9,1.11401E-9,1.11396E-9,1.11391E-9,1.11386E-9,1.11381E-9,1.11380E-9,1.11380E-9,1.11379E-9,1.11379E-9,1.11378E-9,1.11378E-9,1.11378E-9,1.11377E-9,1.11377E-9,1.11376E-9,1.11376E-9,1.11376E-9,1.11375E-9,1.11375E-9,1.11375E-9,1.11374E-9,1.11374E-9,1.11374E-9,1.11374E-9,1.11373E-9
158.489E6,1.13862E-9,1.13855E-9,1.13848E-9,1.13842E-9,1.13835E-9,1.13828E-9,1.13821E-9,1.13814E-9,1.13807E-9,1.13800E-9,1.13794E-9,1.13787E-9,1.13780E-9,1.13774E-9,1.13767E-9,1.13760E-9,1.13754E-9,1.13747E-9,1.13740E-9,1.13734E-9,1.13727E-9,1.13726E-9,1.13726E-9,1.13725E-9,1.13724E-9,1.13723E-9,1.13722E-9,1.13722E-9,1.13721E-9,1.13720E-9,1.13719E-9,1.13719E-9,1.13718E-9,1.13717E-9,1.13717E-9,1.13716E-9,1.13715E-9,1.13715E-9,1.13714E-9,1.13713E-9,1.13713E-9
199.526E6,1.17029E-9,1.17020E-9,1.17011E-9,1.17002E-9,1.16993E-9,1.16984E-9,1.16975E-9,1.16967E-9,1.16958E-9,1.16949E-9,1.16940E-9,1.16932E-9,1.16923E-9,1.16914E-9,1.16906E-9,1.16897E-9,1.16889E-9,1.16880E-9,1.16872E-9,1.16863E-9,1.16855E-9,1.16853E-9,1.16852E-9,1.16851E-9,1.16849E-9,1.16848E-9,1.16847E-9,1.16845E-9,1.16844E-9,1.16843E-9,1.16842E-9,1.16840E-9,1.16839E-9,1.16838E-9,1.16837E-9,1.16836E-9,1.16834E-9,1.16833E-9,1.16832E-9,1.16831E-9,1.16830E-9
251.189E6,1.21314E-9,1.21303E-9,1.21292E-9,1.21281E-9,1.21269E-9,1.21258E-9,1.21247E-9,1.21236E-9,1.21225E-9,1.21214E-9,1.21203E-9,1.21192E-9,1.21181E-9,1.21170E-9,1.21159E-9,1.21148E-9,1.21137E-9,1.21126E-9,1.21116E-9,1.21105E-9,1.21094E-9,1.21092E-9,1.21090E-9,1.21088E-9,1.21086E-9,1.21084E-9,1.21082E-9,1.21080E-9,1.21078E-9,1.21076E-9,1.21074E-9,1.21072E-9,1.21070E-9,1.21068E-9,1.21066E-9,1.21064E-9,1.21062E-9,1.21060E-9,1.21059E-9,1.21057E-9,1.21055E-9
316.228E6,1.27216E-9,1.27201E-9,1.27187E-9,1.27173E-9,1.27159E-9,1.27145E-9,1.27131E-9,1.27117E-9,1.27103E-9,1.27090E-9,1.27076E-9,1.27062E-9,1.27048E-9,1.27034E-9,1.27021E-9,1.27007E-9,1.26993E-9,1.26980E-9,1.26966E-9,1.26952E-9,1.26939E-9,1.26936E-9,1.26933E-9,1.26930E-9,1.26927E-9,1.26924E-9,1.26921E-9,1.26918E-9,1.26915E-9,1.26912E-9,1.26909E-9,1.26906E-9,1.26903E-9,1.26900E-9,1.26897E-9,1.26895E-9,1.26892E-9,1.26889E-9,1.26886E-9,1.26883E-9,1.26880E-9
398.107E6,1.35391E-9,1.35373E-9,1.35356E-9,1.35338E-9,1.35321E-9,1.35303E-9,1.35286E-9,1.35268E-9,1.35251E-9,1.35234E-9,1.35217E-9,1.35199E-9,1.35182E-9,1.35165E-9,1.35148E-9,1.35131E-9,1.35114E-9,1.35097E-9,1.35080E-9,1.35063E-9,1.35046E-9,1.35041E-9,1.35037E-9,1.35033E-9,1.35029E-9,1.35024E-9,1.35020E-9,1.35016E-9,1.35011E-9,1.35007E-9,1.35003E-9,1.34999E-9,1.34995E-9,1.34990E-9,1.34986E-9,1.34982E-9,1.34978E-9,1.34974E-9,1.34970E-9,1.34966E-9,1.34962E-9
501.187E6,1.46633E-9,1.46611E-9,1.46589E-9,1.46568E-9,1.46546E-9,1.46524E-9,1.46503E-9,1.46481E-9,1.46460E-9,1.46438E-9,1.46417E-9,1.46396E-9,1.46374E-9,1.46353E-9,1.46332E-9,1.46311E-9,1.46289E-9,1.46268E-9,1.46247E-9,1.46226E-9,1.46205E-9,1.46199E-9,1.46193E-9,1.46187E-9,1.46181E-9,1.46175E-9,1.46169E-9,1.46163E-9,1.46157E-9,1.46151E-9,1.46145E-9,1.46140E-9,1.46134E-9,1.46128E-9,1.46122E-9,1.46116E-9,1.46110E-9,1.46104E-9,1.46099E-9,1.46093E-9,1.46087E-9
630.957E6,1.61819E-9,1.61792E-9,1.61765E-9,1.61739E-9,1.61712E-9,1.61685E-9,1.61659E-9,1.61632E-9,1.61606E-9,1.61579E-9,1.61553E-9,1.61527E-9,1.61501E-9,1.61474E-9,1.61448E-9,1.61422E-9,1.61396E-9,1.61370E-9,1.61344E-9,1.61318E-9,1.61292E-9,1.61284E-9,1.61275E-9,1.61267E-9,1.61259E-9,1.61251E-9,1.61243E-9,1.61235E-9,1.61227E-9,1.61219E-9,1.61211E-9,1.61203E-9,1.61195E-9,1.61187E-9,1.61179E-9,1.61171E-9,1.61163E-9,1.61155E-9,1.61147E-9,1.61139E-9,1.61131E-9
794.328E6,1.81833E-9,1.81800E-9,1.81767E-9,1.81735E-9,1.81702E-9,1.81670E-9,1.81637E-9,1.81605E-9,1.81572E-9,1.81540E-9,1.81508E-9,1.81476E-9,1.81443E-9,1.81411E-9,1.81379E-9,1.81347E-9,1.81315E-9,1.81283E-9,1.81251E-9,1.81219E-9,1.81187E-9,1.81177E-9,1.81166E-9,1.81156E-9,1.81145E-9,1.81135E-9,1.81124E-9,1.81114E-9,1.81103E-9,1.81092E-9,1.81082E-9,1.81071E-9,1.81061E-9,1.81050E-9,1.81040E-9,1.81029E-9,1.81019E-9,1.81008E-9,1.80997E-9,1.80987E-9,1.80976E-9
1.00000E9,2.07462E-9,2.07423E-9,2.07383E-9,2.07343E-9,2.07304E-9,2.07264E-9,2.07225E-9,2.07186E-9,2.07146E-9,2.07107E-9,2.07067E-9,2.07028E-9,2.06989E-9,2.06950E-9,2.06911E-9,2.06871E-9,2.06832E-9,2.06793E-9,2.06754E-9,2.06715E-9,2.06676E-9,2.06663E-9,2.06650E-9,2.06637E-9,2.06624E-9,2.06610E-9,2.06597E-9,2.06584E-9,2.06571E-9,2.06557E-9,2.06544E-9,2.06531E-9,2.06517E-9,2.06504E-9,2.06491E-9,2.06477E-9,2.06464E-9,2.06451E-9,2.06437E-9,2.06424E-9,2.06410E-9
