freq (Hz),input noise; V / sqrt(Hz) (V / sqrt(Hz))
1.00000,4.06511E-9
1.00231,4.06033E-9
1.00462,4.05555E-9
1.00693,4.05078E-9
1.00925,4.04602E-9
1.01158,4.04127E-9
1.01391,4.03652E-9
1.01625,4.03178E-9
1.01859,4.02704E-9
1.02094,4.02231E-9
1.02329,4.01759E-9
1.02565,4.01287E-9
1.02802,4.00816E-9
1.03039,4.00346E-9
1.03276,3.99876E-9
1.03514,3.99407E-9
1.03753,3.98938E-9
1.03992,3.98471E-9
1.04232,3.98003E-9
1.04472,3.97537E-9
1.04713,3.97071E-9
1.04954,3.96606E-9
1.05196,3.96141E-9
1.05439,3.95677E-9
1.05682,3.95213E-9
1.05925,3.94751E-9
1.06170,3.94289E-9
1.06414,3.93827E-9
1.06660,3.93366E-9
1.06905,3.92906E-9
1.07152,3.92446E-9
1.07399,3.91987E-9
1.07647,3.91529E-9
1.07895,3.91071E-9
1.08143,3.90614E-9
1.08393,3.90157E-9
1.08643,3.89702E-9
1.08893,3.89246E-9
1.09144,3.88792E-9
1.09396,3.88338E-9
1.09648,3.87884E-9
1.09901,3.87431E-9
1.10154,3.86979E-9
1.10408,3.86528E-9
1.10662,3.86077E-9
1.10917,3.85627E-9
1.11173,3.85177E-9
1.11429,3.84728E-9
1.11686,3.84279E-9
1.11944,3.83831E-9
1.12202,3.83384E-9
1.12460,3.82937E-9
1.12720,3.82491E-9
1.12980,3.82046E-9
1.13240,3.81601E-9
1.13501,3.81157E-9
1.13763,3.80713E-9
1.14025,3.80270E-9
1.14288,3.79828E-9
1.14551,3.79386E-9
1.14815,3.78945E-9
1.15080,3.78504E-9
1.15345,3.78064E-9
1.15611,3.77625E-9
1.15878,3.77186E-9
1.16145,3.76748E-9
1.16413,3.76311E-9
1.16681,3.75874E-9
1.16950,3.75437E-9
1.17220,3.75002E-9
1.17490,3.74566E-9
1.17761,3.74132E-9
1.18032,3.73698E-9
1.18304,3.73264E-9
1.18577,3.72832E-9
1.18850,3.72399E-9
1.19124,3.71968E-9
1.19399,3.71537E-9
1.19674,3.71106E-9
1.19950,3.70677E-9
1.20226,3.70247E-9
1.20504,3.69819E-9
1.20781,3.69391E-9
1.21060,3.68963E-9
1.21339,3.68536E-9
1.21619,3.68110E-9
1.21899,3.67684E-9
1.22180,3.67259E-9
1.22462,3.66835E-9
1.22744,3.66411E-9
1.23027,3.65987E-9
1.23310,3.65564E-9
1.23595,3.65142E-9
1.23880,3.64721E-9
1.24165,3.64300E-9
1.24451,3.63879E-9
1.24738,3.63459E-9
1.25026,3.63040E-9
1.25314,3.62621E-9
1.25603,3.62203E-9
1.25893,3.61785E-9
1.26183,3.61368E-9
1.26474,3.60952E-9
1.26765,3.60536E-9
1.27057,3.60121E-9
1.27350,3.59706E-9
1.27644,3.59292E-9
1.27938,3.58878E-9
1.28233,3.58465E-9
1.28529,3.58053E-9
1.28825,3.57641E-9
1.29122,3.57230E-9
1.29420,3.56819E-9
1.29718,3.56409E-9
1.30017,3.55999E-9
1.30317,3.55590E-9
1.30617,3.55182E-9
1.30918,3.54774E-9
1.31220,3.54367E-9
1.31522,3.53960E-9
1.31826,3.53554E-9
1.32130,3.53148E-9
1.32434,3.52743E-9
1.32739,3.52339E-9
1.33045,3.51935E-9
1.33352,3.51531E-9
1.33660,3.51128E-9
1.33968,3.50726E-9
1.34276,3.50324E-9
1.34586,3.49923E-9
1.34896,3.49523E-9
1.35207,3.49123E-9
1.35519,3.48723E-9
1.35831,3.48324E-9
1.36144,3.47926E-9
1.36458,3.47528E-9
1.36773,3.47131E-9
1.37088,3.46734E-9
1.37404,3.46338E-9
1.37721,3.45942E-9
1.38038,3.45547E-9
1.38357,3.45152E-9
1.38676,3.44758E-9
1.38995,3.44365E-9
1.39316,3.43972E-9
1.39637,3.43580E-9
1.39959,3.43188E-9
1.40281,3.42797E-9
1.40605,3.42406E-9
1.40929,3.42016E-9
1.41254,3.41626E-9
1.41579,3.41237E-9
1.41906,3.40849E-9
1.42233,3.40461E-9
1.42561,3.40073E-9
1.42889,3.39686E-9
1.43219,3.39300E-9
1.43549,3.38914E-9
1.43880,3.38529E-9
1.44212,3.38144E-9
1.44544,3.37760E-9
1.44877,3.37376E-9
1.45211,3.36993E-9
1.45546,3.36610E-9
1.45881,3.36228E-9
1.46218,3.35847E-9
1.46555,3.35466E-9
1.46893,3.35085E-9
1.47231,3.34705E-9
1.47571,3.34326E-9
1.47911,3.33947E-9
1.48252,3.33568E-9
1.48594,3.33191E-9
1.48936,3.32813E-9
1.49279,3.32437E-9
1.49624,3.32060E-9
1.49968,3.31685E-9
1.50314,3.31309E-9
1.50661,3.30935E-9
1.51008,3.30561E-9
1.51356,3.30187E-9
1.51705,3.29814E-9
1.52055,3.29441E-9
1.52405,3.29069E-9
1.52757,3.28698E-9
1.53109,3.28327E-9
1.53462,3.27956E-9
1.53815,3.27586E-9
1.54170,3.27217E-9
1.54525,3.26848E-9
1.54882,3.26479E-9
1.55239,3.26111E-9
1.55597,3.25744E-9
1.55955,3.25377E-9
1.56315,3.25011E-9
1.56675,3.24645E-9
1.57036,3.24280E-9
1.57398,3.23915E-9
1.57761,3.23551E-9
1.58125,3.23187E-9
1.58489,3.22823E-9
1.58855,3.22461E-9
1.59221,3.22098E-9
1.59588,3.21737E-9
1.59956,3.21376E-9
1.60325,3.21015E-9
1.60694,3.20655E-9
1.61065,3.20295E-9
1.61436,3.19936E-9
1.61808,3.19577E-9
1.62181,3.19219E-9
1.62555,3.18861E-9
1.62930,3.18504E-9
1.63305,3.18147E-9
1.63682,3.17791E-9
1.64059,3.17435E-9
1.64437,3.17080E-9
1.64816,3.16726E-9
1.65196,3.16371E-9
1.65577,3.16018E-9
1.65959,3.15665E-9
1.66341,3.15312E-9
1.66725,3.14960E-9
1.67109,3.14608E-9
1.67494,3.14257E-9
1.67880,3.13906E-9
1.68267,3.13556E-9
1.68655,3.13206E-9
1.69044,3.12857E-9
1.69434,3.12509E-9
1.69824,3.12160E-9
1.70216,3.11813E-9
1.70608,3.11465E-9
1.71002,3.11119E-9
1.71396,3.10772E-9
1.71791,3.10427E-9
1.72187,3.10082E-9
1.72584,3.09737E-9
1.72982,3.09392E-9
1.73380,3.09049E-9
1.73780,3.08705E-9
1.74181,3.08363E-9
1.74582,3.08020E-9
1.74985,3.07678E-9
1.75388,3.07337E-9
1.75792,3.06996E-9
1.76198,3.06656E-9
1.76604,3.06316E-9
1.77011,3.05977E-9
1.77419,3.05638E-9
1.77828,3.05299E-9
1.78238,3.04961E-9
1.78649,3.04624E-9
1.79061,3.04287E-9
1.79473,3.03950E-9
1.79887,3.03614E-9
1.80302,3.03279E-9
1.80717,3.02944E-9
1.81134,3.02609E-9
1.81552,3.02275E-9
1.81970,3.01941E-9
1.82390,3.01608E-9
1.82810,3.01275E-9
1.83231,3.00943E-9
1.83654,3.00612E-9
1.84077,3.00280E-9
1.84502,2.99949E-9
1.84927,2.99619E-9
1.85353,2.99289E-9
1.85780,2.98960E-9
1.86209,2.98631E-9
1.86638,2.98303E-9
1.87068,2.97975E-9
1.87499,2.97647E-9
1.87932,2.97320E-9
1.88365,2.96994E-9
1.88799,2.96667E-9
1.89234,2.96342E-9
1.89671,2.96017E-9
1.90108,2.95692E-9
1.90546,2.95368E-9
1.90985,2.95044E-9
1.91426,2.94721E-9
1.91867,2.94398E-9
1.92309,2.94076E-9
1.92752,2.93754E-9
1.93197,2.93432E-9
1.93642,2.93111E-9
1.94089,2.92791E-9
1.94536,2.92471E-9
1.94984,2.92151E-9
1.95434,2.91832E-9
1.95884,2.91513E-9
1.96336,2.91195E-9
1.96789,2.90877E-9
1.97242,2.90560E-9
1.97697,2.90243E-9
1.98153,2.89927E-9
1.98609,2.89611E-9
1.99067,2.89295E-9
1.99526,2.88980E-9
1.99986,2.88666E-9
2.00447,2.88352E-9
2.00909,2.88038E-9
2.01372,2.87725E-9
2.01837,2.87412E-9
2.02302,2.87100E-9
2.02768,2.86788E-9
2.03236,2.86477E-9
2.03704,2.86166E-9
2.04174,2.85855E-9
2.04644,2.85545E-9
2.05116,2.85235E-9
2.05589,2.84926E-9
2.06063,2.84618E-9
2.06538,2.84309E-9
2.07014,2.84001E-9
2.07491,2.83694E-9
2.07970,2.83387E-9
2.08449,2.83081E-9
2.08930,2.82775E-9
2.09411,2.82469E-9
2.09894,2.82164E-9
2.10378,2.81859E-9
2.10863,2.81555E-9
2.11349,2.81251E-9
2.11836,2.80948E-9
2.12324,2.80645E-9
2.12814,2.80342E-9
2.13304,2.80040E-9
2.13796,2.79739E-9
2.14289,2.79438E-9
2.14783,2.79137E-9
2.15278,2.78836E-9
2.15774,2.78537E-9
2.16272,2.78237E-9
2.16770,2.77938E-9
2.17270,2.77640E-9
2.17771,2.77341E-9
2.18273,2.77044E-9
2.18776,2.76747E-9
2.19280,2.76450E-9
2.19786,2.76153E-9
2.20293,2.75857E-9
2.20800,2.75562E-9
2.21309,2.75267E-9
2.21820,2.74972E-9
2.22331,2.74678E-9
2.22844,2.74384E-9
2.23357,2.74091E-9
2.23872,2.73798E-9
2.24388,2.73505E-9
2.24905,2.73213E-9
2.25424,2.72922E-9
2.25944,2.72630E-9
2.26464,2.72339E-9
2.26986,2.72049E-9
2.27510,2.71759E-9
2.28034,2.71470E-9
2.28560,2.71181E-9
2.29087,2.70892E-9
2.29615,2.70604E-9
2.30144,2.70316E-9
2.30675,2.70028E-9
2.31206,2.69741E-9
2.31739,2.69455E-9
2.32274,2.69169E-9
2.32809,2.68883E-9
2.33346,2.68598E-9
2.33884,2.68313E-9
2.34423,2.68028E-9
2.34963,2.67744E-9
2.35505,2.67461E-9
2.36048,2.67177E-9
2.36592,2.66895E-9
2.37137,2.66612E-9
2.37684,2.66330E-9
2.38232,2.66049E-9
2.38781,2.65768E-9
2.39332,2.65487E-9
2.39883,2.65207E-9
2.40436,2.64927E-9
2.40991,2.64647E-9
2.41546,2.64368E-9
2.42103,2.64089E-9
2.42661,2.63811E-9
2.43220,2.63533E-9
2.43781,2.63256E-9
2.44343,2.62979E-9
2.44906,2.62702E-9
2.45471,2.62426E-9
2.46037,2.62150E-9
2.46604,2.61875E-9
2.47172,2.61600E-9
2.47742,2.61325E-9
2.48313,2.61051E-9
2.48886,2.60778E-9
2.49459,2.60504E-9
2.50035,2.60231E-9
2.50611,2.59959E-9
2.51189,2.59687E-9
2.51768,2.59415E-9
2.52348,2.59144E-9
2.52930,2.58873E-9
2.53513,2.58602E-9
2.54097,2.58332E-9
2.54683,2.58062E-9
2.55270,2.57793E-9
2.55859,2.57524E-9
2.56448,2.57256E-9
2.57040,2.56988E-9
2.57632,2.56720E-9
2.58226,2.56453E-9
2.58821,2.56186E-9
2.59418,2.55919E-9
2.60016,2.55653E-9
2.60615,2.55387E-9
2.61216,2.55122E-9
2.61818,2.54857E-9
2.62422,2.54593E-9
2.63027,2.54328E-9
2.63633,2.54065E-9
2.64241,2.53801E-9
2.64850,2.53538E-9
2.65461,2.53276E-9
2.66073,2.53014E-9
2.66686,2.52752E-9
2.67301,2.52491E-9
2.67917,2.52230E-9
2.68534,2.51969E-9
2.69153,2.51709E-9
2.69774,2.51449E-9
2.70396,2.51189E-9
2.71019,2.50930E-9
2.71644,2.50672E-9
2.72270,2.50414E-9
2.72898,2.50156E-9
2.73527,2.49898E-9
2.74157,2.49641E-9
2.74789,2.49384E-9
2.75423,2.49128E-9
2.76058,2.48872E-9
2.76694,2.48617E-9
2.77332,2.48361E-9
2.77971,2.48107E-9
2.78612,2.47852E-9
2.79254,2.47598E-9
2.79898,2.47344E-9
2.80543,2.47091E-9
2.81190,2.46838E-9
2.81838,2.46586E-9
2.82488,2.46334E-9
2.83139,2.46082E-9
2.83792,2.45831E-9
2.84446,2.45580E-9
2.85102,2.45329E-9
2.85759,2.45079E-9
2.86418,2.44829E-9
2.87078,2.44580E-9
2.87740,2.44330E-9
2.88403,2.44082E-9
2.89068,2.43833E-9
2.89734,2.43586E-9
2.90402,2.43338E-9
2.91072,2.43091E-9
2.91743,2.42844E-9
2.92415,2.42597E-9
2.93089,2.42351E-9
2.93765,2.42106E-9
2.94442,2.41860E-9
2.95121,2.41615E-9
2.95801,2.41371E-9
2.96483,2.41127E-9
2.97167,2.40883E-9
2.97852,2.40639E-9
2.98538,2.40396E-9
2.99226,2.40153E-9
2.99916,2.39911E-9
3.00608,2.39669E-9
3.01301,2.39427E-9
3.01995,2.39186E-9
3.02691,2.38945E-9
3.03389,2.38705E-9
3.04089,2.38465E-9
3.04789,2.38225E-9
3.05492,2.37985E-9
3.06196,2.37746E-9
3.06902,2.37508E-9
3.07610,2.37269E-9
3.08319,2.37031E-9
3.09030,2.36794E-9
3.09742,2.36556E-9
3.10456,2.36320E-9
3.11172,2.36083E-9
3.11889,2.35847E-9
3.12608,2.35611E-9
3.13329,2.35376E-9
3.14051,2.35141E-9
3.14775,2.34906E-9
3.15500,2.34672E-9
3.16228,2.34438E-9
3.16957,2.34204E-9
3.17687,2.33971E-9
3.18420,2.33738E-9
3.19154,2.33505E-9
3.19890,2.33273E-9
3.20627,2.33041E-9
3.21366,2.32810E-9
3.22107,2.32578E-9
3.22849,2.32348E-9
3.23594,2.32117E-9
3.24340,2.31887E-9
3.25087,2.31658E-9
3.25837,2.31428E-9
3.26588,2.31199E-9
3.27341,2.30971E-9
3.28095,2.30742E-9
3.28852,2.30514E-9
3.29610,2.30287E-9
3.30370,2.30059E-9
3.31131,2.29833E-9
3.31894,2.29606E-9
3.32660,2.29380E-9
3.33426,2.29154E-9
3.34195,2.28928E-9
3.34965,2.28703E-9
3.35738,2.28479E-9
3.36512,2.28254E-9
3.37287,2.28030E-9
3.38065,2.27806E-9
3.38844,2.27583E-9
3.39625,2.27360E-9
3.40408,2.27137E-9
3.41193,2.26915E-9
3.41979,2.26693E-9
3.42768,2.26471E-9
3.43558,2.26250E-9
3.44350,2.26029E-9
3.45144,2.25808E-9
3.45939,2.25588E-9
3.46737,2.25368E-9
3.47536,2.25148E-9
3.48337,2.24929E-9
3.49140,2.24710E-9
3.49945,2.24491E-9
3.50752,2.24273E-9
3.51560,2.24055E-9
3.52371,2.23838E-9
3.53183,2.23620E-9
3.53997,2.23404E-9
3.54813,2.23187E-9
3.55631,2.22971E-9
3.56451,2.22755E-9
3.57273,2.22539E-9
3.58096,2.22324E-9
3.58922,2.22109E-9
3.59749,2.21895E-9
3.60579,2.21681E-9
3.61410,2.21467E-9
3.62243,2.21253E-9
3.63078,2.21040E-9
3.63915,2.20827E-9
3.64754,2.20615E-9
3.65595,2.20402E-9
3.66438,2.20191E-9
3.67282,2.19979E-9
3.68129,2.19768E-9
3.68978,2.19557E-9
3.69828,2.19347E-9
3.70681,2.19136E-9
3.71535,2.18926E-9
3.72392,2.18717E-9
3.73250,2.18508E-9
3.74111,2.18299E-9
3.74973,2.18090E-9
3.75837,2.17882E-9
3.76704,2.17674E-9
3.77572,2.17467E-9
3.78443,2.17259E-9
3.79315,2.17052E-9
3.80189,2.16846E-9
3.81066,2.16640E-9
3.81944,2.16434E-9
3.82825,2.16228E-9
3.83707,2.16023E-9
3.84592,2.15818E-9
3.85478,2.15613E-9
3.86367,2.15409E-9
3.87258,2.15205E-9
3.88150,2.15001E-9
3.89045,2.14798E-9
3.89942,2.14595E-9
3.90841,2.14392E-9
3.91742,2.14190E-9
3.92645,2.13988E-9
3.93550,2.13786E-9
3.94457,2.13585E-9
3.95367,2.13384E-9
3.96278,2.13183E-9
3.97192,2.12982E-9
3.98107,2.12782E-9
3.99025,2.12583E-9
3.99945,2.12383E-9
4.00867,2.12184E-9
4.01791,2.11985E-9
4.02717,2.11787E-9
4.03645,2.11588E-9
4.04576,2.11390E-9
4.05509,2.11193E-9
4.06443,2.10996E-9
4.07380,2.10799E-9
4.08319,2.10602E-9
4.09261,2.10406E-9
4.10204,2.10210E-9
4.11150,2.10014E-9
4.12098,2.09818E-9
4.13048,2.09623E-9
4.14000,2.09429E-9
4.14954,2.09234E-9
4.15911,2.09040E-9
4.16869,2.08846E-9
4.17830,2.08653E-9
4.18794,2.08460E-9
4.19759,2.08267E-9
4.20727,2.08074E-9
4.21697,2.07882E-9
4.22669,2.07690E-9
4.23643,2.07498E-9
4.24620,2.07307E-9
4.25598,2.07116E-9
4.26580,2.06925E-9
4.27563,2.06735E-9
4.28549,2.06544E-9
4.29536,2.06355E-9
4.30527,2.06165E-9
4.31519,2.05976E-9
4.32514,2.05787E-9
4.33511,2.05598E-9
4.34510,2.05410E-9
4.35512,2.05222E-9
4.36516,2.05034E-9
4.37522,2.04847E-9
4.38531,2.04660E-9
4.39542,2.04473E-9
4.40555,2.04287E-9
4.41570,2.04101E-9
4.42588,2.03915E-9
4.43609,2.03729E-9
4.44631,2.03544E-9
4.45656,2.03359E-9
4.46684,2.03174E-9
4.47713,2.02990E-9
4.48745,2.02806E-9
4.49780,2.02622E-9
4.50817,2.02439E-9
4.51856,2.02256E-9
4.52898,2.02073E-9
4.53942,2.01890E-9
4.54988,2.01708E-9
4.56037,2.01526E-9
4.57088,2.01344E-9
4.58142,2.01163E-9
4.59198,2.00982E-9
4.60257,2.00801E-9
4.61318,2.00620E-9
4.62381,2.00440E-9
4.63447,2.00260E-9
4.64515,2.00081E-9
4.65586,1.99901E-9
4.66659,1.99722E-9
4.67735,1.99544E-9
4.68813,1.99365E-9
4.69894,1.99187E-9
4.70977,1.99009E-9
4.72063,1.98832E-9
4.73151,1.98654E-9
4.74242,1.98477E-9
4.75335,1.98301E-9
4.76431,1.98124E-9
4.77529,1.97948E-9
4.78630,1.97772E-9
4.79733,1.97597E-9
4.80839,1.97421E-9
4.81948,1.97246E-9
4.83059,1.97072E-9
4.84172,1.96897E-9
4.85289,1.96723E-9
4.86407,1.96550E-9
4.87528,1.96376E-9
4.88652,1.96203E-9
4.89779,1.96030E-9
4.90908,1.95857E-9
4.92040,1.95685E-9
4.93174,1.95513E-9
4.94311,1.95341E-9
4.95450,1.95169E-9
4.96592,1.94998E-9
4.97737,1.94827E-9
4.98884,1.94656E-9
5.00035,1.94486E-9
5.01187,1.94316E-9
5.02343,1.94146E-9
5.03501,1.93977E-9
5.04661,1.93807E-9
5.05825,1.93638E-9
5.06991,1.93470E-9
5.08159,1.93301E-9
5.09331,1.93133E-9
5.10505,1.92965E-9
5.11682,1.92798E-9
5.12861,1.92630E-9
5.14044,1.92463E-9
5.15229,1.92296E-9
5.16416,1.92130E-9
5.17607,1.91964E-9
5.18800,1.91798E-9
5.19996,1.91632E-9
5.21195,1.91467E-9
5.22396,1.91302E-9
5.23600,1.91137E-9
5.24807,1.90972E-9
5.26017,1.90808E-9
5.27230,1.90644E-9
5.28445,1.90480E-9
5.29663,1.90317E-9
5.30884,1.90154E-9
5.32108,1.89991E-9
5.33335,1.89828E-9
5.34564,1.89666E-9
5.35797,1.89504E-9
5.37032,1.89342E-9
5.38270,1.89180E-9
5.39511,1.89019E-9
5.40754,1.88858E-9
5.42001,1.88697E-9
5.43250,1.88537E-9
5.44503,1.88377E-9
5.45758,1.88217E-9
5.47016,1.88057E-9
5.48277,1.87898E-9
5.49541,1.87739E-9
5.50808,1.87580E-9
5.52077,1.87421E-9
5.53350,1.87263E-9
5.54626,1.87105E-9
5.55904,1.86947E-9
5.57186,1.86790E-9
5.58470,1.86632E-9
5.59758,1.86475E-9
5.61048,1.86319E-9
5.62341,1.86162E-9
5.63638,1.86006E-9
5.64937,1.85850E-9
5.66239,1.85694E-9
5.67545,1.85539E-9
5.68853,1.85384E-9
5.70164,1.85229E-9
5.71479,1.85075E-9
5.72796,1.84920E-9
5.74116,1.84766E-9
5.75440,1.84612E-9
5.76766,1.84459E-9
5.78096,1.84305E-9
5.79429,1.84152E-9
5.80764,1.84000E-9
5.82103,1.83847E-9
5.83445,1.83695E-9
5.84790,1.83543E-9
5.86138,1.83391E-9
5.87489,1.83240E-9
5.88844,1.83088E-9
5.90201,1.82937E-9
5.91562,1.82787E-9
5.92925,1.82636E-9
5.94292,1.82486E-9
5.95662,1.82336E-9
5.97035,1.82187E-9
5.98412,1.82037E-9
5.99791,1.81888E-9
6.01174,1.81739E-9
6.02560,1.81590E-9
6.03949,1.81442E-9
6.05341,1.81294E-9
6.06736,1.81146E-9
6.08135,1.80998E-9
6.09537,1.80851E-9
6.10942,1.80704E-9
6.12350,1.80557E-9
6.13762,1.80410E-9
6.15177,1.80264E-9
6.16595,1.80118E-9
6.18016,1.79972E-9
6.19441,1.79826E-9
6.20869,1.79681E-9
6.22300,1.79536E-9
6.23735,1.79391E-9
6.25173,1.79246E-9
6.26614,1.79102E-9
6.28058,1.78958E-9
6.29506,1.78814E-9
6.30957,1.78670E-9
6.32412,1.78527E-9
6.33870,1.78384E-9
6.35331,1.78241E-9
6.36796,1.78098E-9
6.38263,1.77956E-9
6.39735,1.77814E-9
6.41210,1.77672E-9
6.42688,1.77530E-9
6.44169,1.77389E-9
6.45654,1.77248E-9
6.47143,1.77107E-9
6.48634,1.76966E-9
6.50130,1.76826E-9
6.51628,1.76686E-9
6.53131,1.76546E-9
6.54636,1.76406E-9
6.56145,1.76267E-9
6.57658,1.76127E-9
6.59174,1.75988E-9
6.60693,1.75850E-9
6.62217,1.75711E-9
6.63743,1.75573E-9
6.65273,1.75435E-9
6.66807,1.75297E-9
6.68344,1.75160E-9
6.69885,1.75022E-9
6.71429,1.74885E-9
6.72977,1.74749E-9
6.74528,1.74612E-9
6.76083,1.74476E-9
6.77642,1.74340E-9
6.79204,1.74204E-9
6.80769,1.74068E-9
6.82339,1.73933E-9
6.83912,1.73798E-9
6.85488,1.73663E-9
6.87068,1.73528E-9
6.88652,1.73394E-9
6.90240,1.73260E-9
6.91831,1.73126E-9
6.93426,1.72992E-9
6.95024,1.72859E-9
6.96627,1.72725E-9
6.98232,1.72592E-9
6.99842,1.72460E-9
7.01455,1.72327E-9
7.03072,1.72195E-9
7.04693,1.72063E-9
7.06318,1.71931E-9
7.07946,1.71799E-9
7.09578,1.71668E-9
7.11214,1.71537E-9
7.12853,1.71406E-9
7.14496,1.71275E-9
7.16143,1.71145E-9
7.17794,1.71014E-9
7.19449,1.70884E-9
7.21107,1.70755E-9
7.22770,1.70625E-9
7.24436,1.70496E-9
7.26106,1.70367E-9
7.27780,1.70238E-9
7.29458,1.70109E-9
7.31139,1.69981E-9
7.32825,1.69853E-9
7.34514,1.69725E-9
7.36207,1.69597E-9
7.37904,1.69470E-9
7.39605,1.69343E-9
7.41310,1.69216E-9
7.43019,1.69089E-9
7.44732,1.68962E-9
7.46449,1.68836E-9
7.48170,1.68710E-9
7.49894,1.68584E-9
7.51623,1.68458E-9
7.53356,1.68333E-9
7.55092,1.68208E-9
7.56833,1.68083E-9
7.58578,1.67958E-9
7.60326,1.67833E-9
7.62079,1.67709E-9
7.63836,1.67585E-9
7.65597,1.67461E-9
7.67361,1.67337E-9
7.69130,1.67214E-9
7.70903,1.67091E-9
7.72681,1.66968E-9
7.74462,1.66845E-9
7.76247,1.66722E-9
7.78037,1.66600E-9
7.79830,1.66478E-9
7.81628,1.66356E-9
7.83430,1.66235E-9
7.85236,1.66113E-9
7.87046,1.65992E-9
7.88860,1.65871E-9
7.90679,1.65750E-9
7.92501,1.65629E-9
7.94328,1.65509E-9
7.96159,1.65389E-9
7.97995,1.65269E-9
7.99834,1.65149E-9
8.01678,1.65030E-9
8.03526,1.64911E-9
8.05378,1.64792E-9
8.07235,1.64673E-9
8.09096,1.64554E-9
8.10961,1.64436E-9
8.12831,1.64317E-9
8.14704,1.64199E-9
8.16582,1.64082E-9
8.18465,1.63964E-9
8.20352,1.63847E-9
8.22243,1.63730E-9
8.24138,1.63613E-9
8.26038,1.63496E-9
8.27942,1.63380E-9
8.29851,1.63263E-9
8.31764,1.63147E-9
8.33681,1.63031E-9
8.35603,1.62916E-9
8.37529,1.62800E-9
8.39460,1.62685E-9
8.41395,1.62570E-9
8.43335,1.62455E-9
8.45279,1.62341E-9
8.47227,1.62226E-9
8.49180,1.62112E-9
8.51138,1.61998E-9
8.53100,1.61884E-9
8.55067,1.61771E-9
8.57038,1.61657E-9
8.59014,1.61544E-9
8.60994,1.61431E-9
8.62979,1.61319E-9
8.64968,1.61206E-9
8.66962,1.61094E-9
8.68960,1.60982E-9
8.70964,1.60870E-9
8.72971,1.60758E-9
8.74984,1.60647E-9
8.77001,1.60535E-9
8.79023,1.60424E-9
8.81049,1.60313E-9
8.83080,1.60203E-9
8.85116,1.60092E-9
8.87156,1.59982E-9
8.89201,1.59872E-9
8.91251,1.59762E-9
8.93305,1.59653E-9
8.95365,1.59543E-9
8.97429,1.59434E-9
8.99498,1.59325E-9
9.01571,1.59216E-9
9.03649,1.59107E-9
9.05733,1.58999E-9
9.07821,1.58891E-9
9.09913,1.58783E-9
9.12011,1.58675E-9
9.14113,1.58567E-9
9.16220,1.58460E-9
9.18333,1.58352E-9
9.20450,1.58245E-9
9.22571,1.58139E-9
9.24698,1.58032E-9
9.26830,1.57925E-9
9.28966,1.57819E-9
9.31108,1.57713E-9
9.33254,1.57607E-9
9.35406,1.57502E-9
9.37562,1.57396E-9
9.39723,1.57291E-9
9.41890,1.57186E-9
9.44061,1.57081E-9
9.46237,1.56976E-9
9.48418,1.56872E-9
9.50605,1.56767E-9
9.52796,1.56663E-9
9.54993,1.56559E-9
9.57194,1.56456E-9
9.59401,1.56352E-9
9.61612,1.56249E-9
9.63829,1.56146E-9
9.66051,1.56043E-9
9.68278,1.55940E-9
9.70510,1.55838E-9
9.72747,1.55735E-9
9.74990,1.55633E-9
9.77237,1.55531E-9
9.79490,1.55429E-9
9.81748,1.55328E-9
9.84011,1.55226E-9
9.86279,1.55125E-9
9.88553,1.55024E-9
9.90832,1.54923E-9
9.93116,1.54823E-9
9.95405,1.54722E-9
9.97700,1.54622E-9
10.0000,1.54522E-9
10.0231,1.54422E-9
10.0462,1.54322E-9
10.0693,1.54223E-9
10.0925,1.54123E-9
10.1158,1.54024E-9
10.1391,1.53925E-9
10.1625,1.53827E-9
10.1859,1.53728E-9
10.2094,1.53630E-9
10.2329,1.53531E-9
10.2565,1.53433E-9
10.2802,1.53336E-9
10.3039,1.53238E-9
10.3276,1.53140E-9
10.3514,1.53043E-9
10.3753,1.52946E-9
10.3992,1.52849E-9
10.4232,1.52753E-9
10.4472,1.52656E-9
10.4713,1.52560E-9
10.4954,1.52463E-9
10.5196,1.52367E-9
10.5439,1.52272E-9
10.5682,1.52176E-9
10.5925,1.52081E-9
10.6170,1.51985E-9
10.6414,1.51890E-9
10.6660,1.51795E-9
10.6905,1.51701E-9
10.7152,1.51606E-9
10.7399,1.51512E-9
10.7647,1.51418E-9
10.7895,1.51324E-9
10.8143,1.51230E-9
10.8393,1.51136E-9
10.8643,1.51043E-9
10.8893,1.50949E-9
10.9144,1.50856E-9
10.9396,1.50763E-9
10.9648,1.50671E-9
10.9901,1.50578E-9
11.0154,1.50486E-9
11.0408,1.50393E-9
11.0662,1.50301E-9
11.0917,1.50210E-9
11.1173,1.50118E-9
11.1429,1.50026E-9
11.1686,1.49935E-9
11.1944,1.49844E-9
11.2202,1.49753E-9
11.2460,1.49662E-9
11.2720,1.49572E-9
11.2980,1.49481E-9
11.3240,1.49391E-9
11.3501,1.49301E-9
11.3763,1.49211E-9
11.4025,1.49121E-9
11.4288,1.49031E-9
11.4551,1.48942E-9
11.4815,1.48853E-9
11.5080,1.48764E-9
11.5345,1.48675E-9
11.5611,1.48586E-9
11.5878,1.48498E-9
11.6145,1.48409E-9
11.6413,1.48321E-9
11.6681,1.48233E-9
11.6950,1.48145E-9
11.7220,1.48057E-9
11.7490,1.47970E-9
11.7761,1.47882E-9
11.8032,1.47795E-9
11.8304,1.47708E-9
11.8577,1.47621E-9
11.8850,1.47535E-9
11.9124,1.47448E-9
11.9399,1.47362E-9
11.9674,1.47276E-9
11.9950,1.47190E-9
12.0226,1.47104E-9
12.0504,1.47018E-9
12.0781,1.46933E-9
12.1060,1.46847E-9
12.1339,1.46762E-9
12.1619,1.46677E-9
12.1899,1.46592E-9
12.2180,1.46508E-9
12.2462,1.46423E-9
12.2744,1.46339E-9
12.3027,1.46255E-9
12.3310,1.46171E-9
12.3595,1.46087E-9
12.3880,1.46003E-9
12.4165,1.45920E-9
12.4451,1.45836E-9
12.4738,1.45753E-9
12.5026,1.45670E-9
12.5314,1.45587E-9
12.5603,1.45504E-9
12.5893,1.45422E-9
12.6183,1.45339E-9
12.6474,1.45257E-9
12.6765,1.45175E-9
12.7057,1.45093E-9
12.7350,1.45011E-9
12.7644,1.44930E-9
12.7938,1.44849E-9
12.8233,1.44767E-9
12.8529,1.44686E-9
12.8825,1.44605E-9
12.9122,1.44524E-9
12.9420,1.44444E-9
12.9718,1.44363E-9
13.0017,1.44283E-9
13.0317,1.44203E-9
13.0617,1.44123E-9
13.0918,1.44043E-9
13.1220,1.43963E-9
13.1522,1.43884E-9
13.1826,1.43805E-9
13.2130,1.43725E-9
13.2434,1.43646E-9
13.2739,1.43567E-9
13.3045,1.43489E-9
13.3352,1.43410E-9
13.3660,1.43332E-9
13.3968,1.43254E-9
13.4276,1.43175E-9
13.4586,1.43097E-9
13.4896,1.43020E-9
13.5207,1.42942E-9
13.5519,1.42865E-9
13.5831,1.42787E-9
13.6144,1.42710E-9
13.6458,1.42633E-9
13.6773,1.42556E-9
13.7088,1.42479E-9
13.7404,1.42403E-9
13.7721,1.42327E-9
13.8038,1.42250E-9
13.8357,1.42174E-9
13.8676,1.42098E-9
13.8995,1.42022E-9
13.9316,1.41947E-9
13.9637,1.41871E-9
13.9959,1.41796E-9
14.0281,1.41721E-9
14.0605,1.41646E-9
14.0929,1.41571E-9
14.1254,1.41496E-9
14.1579,1.41421E-9
14.1906,1.41347E-9
14.2233,1.41273E-9
14.2561,1.41199E-9
14.2889,1.41125E-9
14.3219,1.41051E-9
14.3549,1.40977E-9
14.3880,1.40903E-9
14.4212,1.40830E-9
14.4544,1.40757E-9
14.4877,1.40684E-9
14.5211,1.40611E-9
14.5546,1.40538E-9
14.5881,1.40465E-9
14.6218,1.40393E-9
14.6555,1.40320E-9
14.6893,1.40248E-9
14.7231,1.40176E-9
14.7571,1.40104E-9
14.7911,1.40032E-9
14.8252,1.39961E-9
14.8594,1.39889E-9
14.8936,1.39818E-9
14.9279,1.39746E-9
14.9624,1.39675E-9
14.9968,1.39604E-9
15.0314,1.39534E-9
15.0661,1.39463E-9
15.1008,1.39393E-9
15.1356,1.39322E-9
15.1705,1.39252E-9
15.2055,1.39182E-9
15.2405,1.39112E-9
15.2757,1.39042E-9
15.3109,1.38973E-9
15.3462,1.38903E-9
15.3815,1.38834E-9
15.4170,1.38764E-9
15.4525,1.38695E-9
15.4882,1.38626E-9
15.5239,1.38558E-9
15.5597,1.38489E-9
15.5955,1.38420E-9
15.6315,1.38352E-9
15.6675,1.38284E-9
15.7036,1.38216E-9
15.7398,1.38148E-9
15.7761,1.38080E-9
15.8125,1.38012E-9
15.8489,1.37945E-9
15.8855,1.37877E-9
15.9221,1.37810E-9
15.9588,1.37743E-9
15.9956,1.37676E-9
16.0325,1.37609E-9
16.0694,1.37542E-9
16.1065,1.37476E-9
16.1436,1.37409E-9
16.1808,1.37343E-9
16.2181,1.37277E-9
16.2555,1.37211E-9
16.2930,1.37145E-9
16.3305,1.37079E-9
16.3682,1.37013E-9
16.4059,1.36948E-9
16.4437,1.36882E-9
16.4816,1.36817E-9
16.5196,1.36752E-9
16.5577,1.36687E-9
16.5959,1.36622E-9
16.6341,1.36558E-9
16.6725,1.36493E-9
16.7109,1.36429E-9
16.7494,1.36364E-9
16.7880,1.36300E-9
16.8267,1.36236E-9
16.8655,1.36172E-9
16.9044,1.36108E-9
16.9434,1.36045E-9
16.9824,1.35981E-9
17.0216,1.35918E-9
17.0608,1.35855E-9
17.1002,1.35791E-9
17.1396,1.35728E-9
17.1791,1.35666E-9
17.2187,1.35603E-9
17.2584,1.35540E-9
17.2982,1.35478E-9
17.3380,1.35415E-9
17.3780,1.35353E-9
17.4181,1.35291E-9
17.4582,1.35229E-9
17.4985,1.35167E-9
17.5388,1.35106E-9
17.5792,1.35044E-9
17.6198,1.34983E-9
17.6604,1.34921E-9
17.7011,1.34860E-9
17.7419,1.34799E-9
17.7828,1.34738E-9
17.8238,1.34677E-9
17.8649,1.34617E-9
17.9061,1.34556E-9
17.9473,1.34496E-9
17.9887,1.34435E-9
18.0302,1.34375E-9
18.0717,1.34315E-9
18.1134,1.34255E-9
18.1552,1.34195E-9
18.1970,1.34136E-9
18.2390,1.34076E-9
18.2810,1.34017E-9
18.3231,1.33958E-9
18.3654,1.33898E-9
18.4077,1.33839E-9
18.4502,1.33780E-9
18.4927,1.33722E-9
18.5353,1.33663E-9
18.5780,1.33604E-9
18.6209,1.33546E-9
18.6638,1.33488E-9
18.7068,1.33429E-9
18.7499,1.33371E-9
18.7932,1.33313E-9
18.8365,1.33255E-9
18.8799,1.33198E-9
18.9234,1.33140E-9
18.9671,1.33083E-9
19.0108,1.33025E-9
19.0546,1.32968E-9
19.0985,1.32911E-9
19.1426,1.32854E-9
19.1867,1.32797E-9
19.2309,1.32740E-9
19.2752,1.32684E-9
19.3197,1.32627E-9
19.3642,1.32571E-9
19.4089,1.32515E-9
19.4536,1.32458E-9
19.4984,1.32402E-9
19.5434,1.32347E-9
19.5884,1.32291E-9
19.6336,1.32235E-9
19.6789,1.32179E-9
19.7242,1.32124E-9
19.7697,1.32069E-9
19.8153,1.32014E-9
19.8609,1.31958E-9
19.9067,1.31903E-9
19.9526,1.31849E-9
19.9986,1.31794E-9
20.0447,1.31739E-9
20.0909,1.31685E-9
20.1372,1.31630E-9
20.1837,1.31576E-9
20.2302,1.31522E-9
20.2768,1.31468E-9
20.3236,1.31414E-9
20.3704,1.31360E-9
20.4174,1.31306E-9
20.4644,1.31253E-9
20.5116,1.31199E-9
20.5589,1.31146E-9
20.6063,1.31093E-9
20.6538,1.31039E-9
20.7014,1.30986E-9
20.7491,1.30933E-9
20.7970,1.30881E-9
20.8449,1.30828E-9
20.8930,1.30775E-9
20.9411,1.30723E-9
20.9894,1.30671E-9
21.0378,1.30618E-9
21.0863,1.30566E-9
21.1349,1.30514E-9
21.1836,1.30462E-9
21.2324,1.30410E-9
21.2814,1.30359E-9
21.3304,1.30307E-9
21.3796,1.30256E-9
21.4289,1.30204E-9
21.4783,1.30153E-9
21.5278,1.30102E-9
21.5774,1.30051E-9
21.6272,1.30000E-9
21.6770,1.29949E-9
21.7270,1.29899E-9
21.7771,1.29848E-9
21.8273,1.29797E-9
21.8776,1.29747E-9
21.9280,1.29697E-9
21.9786,1.29647E-9
22.0293,1.29597E-9
22.0800,1.29547E-9
22.1309,1.29497E-9
22.1820,1.29447E-9
22.2331,1.29397E-9
22.2844,1.29348E-9
22.3357,1.29298E-9
22.3872,1.29249E-9
22.4388,1.29200E-9
22.4905,1.29151E-9
22.5424,1.29102E-9
22.5944,1.29053E-9
22.6464,1.29004E-9
22.6986,1.28955E-9
22.7510,1.28907E-9
22.8034,1.28858E-9
22.8560,1.28810E-9
22.9087,1.28762E-9
22.9615,1.28714E-9
23.0144,1.28666E-9
23.0675,1.28618E-9
23.1206,1.28570E-9
23.1739,1.28522E-9
23.2274,1.28474E-9
23.2809,1.28427E-9
23.3346,1.28379E-9
23.3884,1.28332E-9
23.4423,1.28285E-9
23.4963,1.28238E-9
23.5505,1.28191E-9
23.6048,1.28144E-9
23.6592,1.28097E-9
23.7137,1.28050E-9
23.7684,1.28004E-9
23.8232,1.27957E-9
23.8781,1.27911E-9
23.9332,1.27864E-9
23.9883,1.27818E-9
24.0436,1.27772E-9
24.0991,1.27726E-9
24.1546,1.27680E-9
24.2103,1.27634E-9
24.2661,1.27589E-9
24.3220,1.27543E-9
24.3781,1.27498E-9
24.4343,1.27452E-9
24.4906,1.27407E-9
24.5471,1.27362E-9
24.6037,1.27316E-9
24.6604,1.27271E-9
24.7172,1.27227E-9
24.7742,1.27182E-9
24.8313,1.27137E-9
24.8886,1.27092E-9
24.9459,1.27048E-9
25.0035,1.27003E-9
25.0611,1.26959E-9
25.1189,1.26915E-9
25.1768,1.26871E-9
25.2348,1.26827E-9
25.2930,1.26783E-9
25.3513,1.26739E-9
25.4097,1.26695E-9
25.4683,1.26651E-9
25.5270,1.26608E-9
25.5859,1.26564E-9
25.6448,1.26521E-9
25.7040,1.26478E-9
25.7632,1.26434E-9
25.8226,1.26391E-9
25.8821,1.26348E-9
25.9418,1.26305E-9
26.0016,1.26263E-9
26.0615,1.26220E-9
26.1216,1.26177E-9
26.1818,1.26135E-9
26.2422,1.26092E-9
26.3027,1.26050E-9
26.3633,1.26008E-9
26.4241,1.25966E-9
26.4850,1.25923E-9
26.5461,1.25881E-9
26.6073,1.25840E-9
26.6686,1.25798E-9
26.7301,1.25756E-9
26.7917,1.25714E-9
26.8534,1.25673E-9
26.9153,1.25632E-9
26.9774,1.25590E-9
27.0396,1.25549E-9
27.1019,1.25508E-9
27.1644,1.25467E-9
27.2270,1.25426E-9
27.2898,1.25385E-9
27.3527,1.25344E-9
27.4157,1.25303E-9
27.4789,1.25263E-9
27.5423,1.25222E-9
27.6058,1.25182E-9
27.6694,1.25142E-9
27.7332,1.25101E-9
27.7971,1.25061E-9
27.8612,1.25021E-9
27.9254,1.24981E-9
27.9898,1.24941E-9
28.0543,1.24901E-9
28.1190,1.24862E-9
28.1838,1.24822E-9
28.2488,1.24782E-9
28.3139,1.24743E-9
28.3792,1.24704E-9
28.4446,1.24664E-9
28.5102,1.24625E-9
28.5759,1.24586E-9
28.6418,1.24547E-9
28.7078,1.24508E-9
28.7740,1.24469E-9
28.8403,1.24430E-9
28.9068,1.24392E-9
28.9734,1.24353E-9
29.0402,1.24315E-9
29.1072,1.24276E-9
29.1743,1.24238E-9
29.2415,1.24200E-9
29.3089,1.24161E-9
29.3765,1.24123E-9
29.4442,1.24085E-9
29.5121,1.24047E-9
29.5801,1.24010E-9
29.6483,1.23972E-9
29.7167,1.23934E-9
29.7852,1.23897E-9
29.8538,1.23859E-9
29.9226,1.23822E-9
29.9916,1.23784E-9
30.0608,1.23747E-9
30.1301,1.23710E-9
30.1995,1.23673E-9
30.2691,1.23636E-9
30.3389,1.23599E-9
30.4089,1.23562E-9
30.4789,1.23525E-9
30.5492,1.23489E-9
30.6196,1.23452E-9
30.6902,1.23416E-9
30.7610,1.23379E-9
30.8319,1.23343E-9
30.9030,1.23307E-9
30.9742,1.23271E-9
31.0456,1.23234E-9
31.1172,1.23198E-9
31.1889,1.23162E-9
31.2608,1.23127E-9
31.3329,1.23091E-9
31.4051,1.23055E-9
31.4775,1.23020E-9
31.5500,1.22984E-9
31.6228,1.22949E-9
31.6957,1.22913E-9
31.7687,1.22878E-9
31.8420,1.22843E-9
31.9154,1.22808E-9
31.9890,1.22772E-9
32.0627,1.22737E-9
32.1366,1.22703E-9
32.2107,1.22668E-9
32.2849,1.22633E-9
32.3594,1.22598E-9
32.4340,1.22564E-9
32.5087,1.22529E-9
32.5837,1.22495E-9
32.6588,1.22460E-9
32.7341,1.22426E-9
32.8095,1.22392E-9
32.8852,1.22358E-9
32.9610,1.22324E-9
33.0370,1.22290E-9
33.1131,1.22256E-9
33.1894,1.22222E-9
33.2660,1.22188E-9
33.3426,1.22155E-9
33.4195,1.22121E-9
33.4965,1.22088E-9
33.5738,1.22054E-9
33.6512,1.22021E-9
33.7287,1.21988E-9
33.8065,1.21954E-9
33.8844,1.21921E-9
33.9625,1.21888E-9
34.0408,1.21855E-9
34.1193,1.21822E-9
34.1979,1.21789E-9
34.2768,1.21757E-9
34.3558,1.21724E-9
34.4350,1.21691E-9
34.5144,1.21659E-9
34.5939,1.21626E-9
34.6737,1.21594E-9
34.7536,1.21562E-9
34.8337,1.21529E-9
34.9140,1.21497E-9
34.9945,1.21465E-9
35.0752,1.21433E-9
35.1560,1.21401E-9
35.2371,1.21369E-9
35.3183,1.21337E-9
35.3997,1.21306E-9
35.4813,1.21274E-9
35.5631,1.21242E-9
35.6451,1.21211E-9
35.7273,1.21179E-9
35.8096,1.21148E-9
35.8922,1.21117E-9
35.9749,1.21085E-9
36.0579,1.21054E-9
36.1410,1.21023E-9
36.2243,1.20992E-9
36.3078,1.20961E-9
36.3915,1.20930E-9
36.4754,1.20900E-9
36.5595,1.20869E-9
36.6438,1.20838E-9
36.7282,1.20808E-9
36.8129,1.20777E-9
36.8978,1.20747E-9
36.9828,1.20716E-9
37.0681,1.20686E-9
37.1535,1.20656E-9
37.2392,1.20625E-9
37.3250,1.20595E-9
37.4111,1.20565E-9
37.4973,1.20535E-9
37.5837,1.20505E-9
37.6704,1.20475E-9
37.7572,1.20446E-9
37.8443,1.20416E-9
37.9315,1.20386E-9
38.0189,1.20357E-9
38.1066,1.20327E-9
38.1944,1.20298E-9
38.2825,1.20268E-9
38.3707,1.20239E-9
38.4592,1.20210E-9
38.5478,1.20181E-9
38.6367,1.20152E-9
38.7258,1.20123E-9
38.8150,1.20094E-9
38.9045,1.20065E-9
38.9942,1.20036E-9
39.0841,1.20007E-9
39.1742,1.19978E-9
39.2645,1.19950E-9
39.3550,1.19921E-9
39.4457,1.19893E-9
39.5367,1.19864E-9
39.6278,1.19836E-9
39.7192,1.19807E-9
39.8107,1.19779E-9
39.9025,1.19751E-9
39.9945,1.19723E-9
40.0867,1.19695E-9
40.1791,1.19667E-9
40.2717,1.19639E-9
40.3645,1.19611E-9
40.4576,1.19583E-9
40.5509,1.19556E-9
40.6443,1.19528E-9
40.7380,1.19500E-9
40.8319,1.19473E-9
40.9261,1.19445E-9
41.0204,1.19418E-9
41.1150,1.19390E-9
41.2098,1.19363E-9
41.3048,1.19336E-9
41.4000,1.19309E-9
41.4954,1.19282E-9
41.5911,1.19255E-9
41.6869,1.19228E-9
41.7830,1.19201E-9
41.8794,1.19174E-9
41.9759,1.19147E-9
42.0727,1.19120E-9
42.1697,1.19094E-9
42.2669,1.19067E-9
42.3643,1.19041E-9
42.4620,1.19014E-9
42.5598,1.18988E-9
42.6580,1.18961E-9
42.7563,1.18935E-9
42.8549,1.18909E-9
42.9536,1.18883E-9
43.0527,1.18856E-9
43.1519,1.18830E-9
43.2514,1.18804E-9
43.3511,1.18778E-9
43.4510,1.18753E-9
43.5512,1.18727E-9
43.6516,1.18701E-9
43.7522,1.18675E-9
43.8531,1.18650E-9
43.9542,1.18624E-9
44.0555,1.18599E-9
44.1570,1.18573E-9
44.2588,1.18548E-9
44.3609,1.18522E-9
44.4631,1.18497E-9
44.5656,1.18472E-9
44.6684,1.18447E-9
44.7713,1.18422E-9
44.8745,1.18396E-9
44.9780,1.18372E-9
45.0817,1.18347E-9
45.1856,1.18322E-9
45.2898,1.18297E-9
45.3942,1.18272E-9
45.4988,1.18247E-9
45.6037,1.18223E-9
45.7088,1.18198E-9
45.8142,1.18174E-9
45.9198,1.18149E-9
46.0257,1.18125E-9
46.1318,1.18100E-9
46.2381,1.18076E-9
46.3447,1.18052E-9
46.4515,1.18028E-9
46.5586,1.18003E-9
46.6659,1.17979E-9
46.7735,1.17955E-9
46.8813,1.17931E-9
46.9894,1.17907E-9
47.0977,1.17884E-9
47.2063,1.17860E-9
47.3151,1.17836E-9
47.4242,1.17812E-9
47.5335,1.17789E-9
47.6431,1.17765E-9
47.7529,1.17742E-9
47.8630,1.17718E-9
47.9733,1.17695E-9
48.0839,1.17671E-9
48.1948,1.17648E-9
48.3059,1.17625E-9
48.4172,1.17602E-9
48.5289,1.17578E-9
48.6407,1.17555E-9
48.7528,1.17532E-9
48.8652,1.17509E-9
48.9779,1.17486E-9
49.0908,1.17464E-9
49.2040,1.17441E-9
49.3174,1.17418E-9
49.4311,1.17395E-9
49.5450,1.17373E-9
49.6592,1.17350E-9
49.7737,1.17327E-9
49.8884,1.17305E-9
50.0035,1.17282E-9
50.1187,1.17260E-9
50.2343,1.17238E-9
50.3501,1.17215E-9
50.4661,1.17193E-9
50.5825,1.17171E-9
50.6991,1.17149E-9
50.8159,1.17127E-9
50.9331,1.17105E-9
51.0505,1.17083E-9
51.1682,1.17061E-9
51.2861,1.17039E-9
51.4044,1.17017E-9
51.5229,1.16995E-9
51.6416,1.16974E-9
51.7607,1.16952E-9
51.8800,1.16930E-9
51.9996,1.16909E-9
52.1195,1.16887E-9
52.2396,1.16866E-9
52.3600,1.16844E-9
52.4807,1.16823E-9
52.6017,1.16802E-9
52.7230,1.16780E-9
52.8445,1.16759E-9
52.9663,1.16738E-9
53.0884,1.16717E-9
53.2108,1.16696E-9
53.3335,1.16675E-9
53.4564,1.16654E-9
53.5797,1.16633E-9
53.7032,1.16612E-9
53.8270,1.16591E-9
53.9511,1.16570E-9
54.0754,1.16550E-9
54.2001,1.16529E-9
54.3250,1.16508E-9
54.4503,1.16488E-9
54.5758,1.16467E-9
54.7016,1.16447E-9
54.8277,1.16426E-9
54.9541,1.16406E-9
55.0808,1.16385E-9
55.2077,1.16365E-9
55.3350,1.16345E-9
55.4626,1.16325E-9
55.5904,1.16305E-9
55.7186,1.16284E-9
55.8470,1.16264E-9
55.9758,1.16244E-9
56.1048,1.16224E-9
56.2341,1.16205E-9
56.3638,1.16185E-9
56.4937,1.16165E-9
56.6239,1.16145E-9
56.7545,1.16125E-9
56.8853,1.16106E-9
57.0164,1.16086E-9
57.1479,1.16066E-9
57.2796,1.16047E-9
57.4116,1.16027E-9
57.5440,1.16008E-9
57.6766,1.15989E-9
57.8096,1.15969E-9
57.9429,1.15950E-9
58.0764,1.15931E-9
58.2103,1.15911E-9
58.3445,1.15892E-9
58.4790,1.15873E-9
58.6138,1.15854E-9
58.7489,1.15835E-9
58.8844,1.15816E-9
59.0201,1.15797E-9
59.1562,1.15778E-9
59.2925,1.15759E-9
59.4292,1.15740E-9
59.5662,1.15722E-9
59.7035,1.15703E-9
59.8412,1.15684E-9
59.9791,1.15666E-9
60.1174,1.15647E-9
60.2560,1.15628E-9
60.3949,1.15610E-9
60.5341,1.15592E-9
60.6736,1.15573E-9
60.8135,1.15555E-9
60.9537,1.15536E-9
61.0942,1.15518E-9
61.2350,1.15500E-9
61.3762,1.15482E-9
61.5177,1.15463E-9
61.6595,1.15445E-9
61.8016,1.15427E-9
61.9441,1.15409E-9
62.0869,1.15391E-9
62.2300,1.15373E-9
62.3735,1.15355E-9
62.5173,1.15338E-9
62.6614,1.15320E-9
62.8058,1.15302E-9
62.9506,1.15284E-9
63.0957,1.15267E-9
63.2412,1.15249E-9
63.3870,1.15231E-9
63.5331,1.15214E-9
63.6796,1.15196E-9
63.8263,1.15179E-9
63.9735,1.15161E-9
64.1210,1.15144E-9
64.2688,1.15127E-9
64.4169,1.15109E-9
64.5654,1.15092E-9
64.7143,1.15075E-9
64.8634,1.15058E-9
65.0130,1.15040E-9
65.1628,1.15023E-9
65.3131,1.15006E-9
65.4636,1.14989E-9
65.6145,1.14972E-9
65.7658,1.14955E-9
65.9174,1.14938E-9
66.0693,1.14921E-9
66.2217,1.14905E-9
66.3743,1.14888E-9
66.5273,1.14871E-9
66.6807,1.14854E-9
66.8344,1.14838E-9
66.9885,1.14821E-9
67.1429,1.14805E-9
67.2977,1.14788E-9
67.4528,1.14771E-9
67.6083,1.14755E-9
67.7642,1.14739E-9
67.9204,1.14722E-9
68.0769,1.14706E-9
68.2339,1.14690E-9
68.3912,1.14673E-9
68.5488,1.14657E-9
68.7068,1.14641E-9
68.8652,1.14625E-9
69.0240,1.14609E-9
69.1831,1.14592E-9
69.3426,1.14576E-9
69.5024,1.14560E-9
69.6627,1.14544E-9
69.8232,1.14529E-9
69.9842,1.14513E-9
70.1455,1.14497E-9
70.3072,1.14481E-9
70.4693,1.14465E-9
70.6318,1.14450E-9
70.7946,1.14434E-9
70.9578,1.14418E-9
71.1214,1.14403E-9
71.2853,1.14387E-9
71.4496,1.14371E-9
71.6143,1.14356E-9
71.7794,1.14340E-9
71.9449,1.14325E-9
72.1107,1.14310E-9
72.2770,1.14294E-9
72.4436,1.14279E-9
72.6106,1.14264E-9
72.7780,1.14248E-9
72.9458,1.14233E-9
73.1139,1.14218E-9
73.2825,1.14203E-9
73.4514,1.14188E-9
73.6207,1.14173E-9
73.7904,1.14158E-9
73.9605,1.14143E-9
74.1310,1.14128E-9
74.3019,1.14113E-9
74.4732,1.14098E-9
74.6449,1.14083E-9
74.8170,1.14068E-9
74.9894,1.14053E-9
75.1623,1.14039E-9
75.3356,1.14024E-9
75.5092,1.14009E-9
75.6833,1.13995E-9
75.8578,1.13980E-9
76.0326,1.13965E-9
76.2079,1.13951E-9
76.3836,1.13936E-9
76.5597,1.13922E-9
76.7361,1.13907E-9
76.9130,1.13893E-9
77.0903,1.13879E-9
77.2681,1.13864E-9
77.4462,1.13850E-9
77.6247,1.13836E-9
77.8037,1.13822E-9
77.9830,1.13807E-9
78.1628,1.13793E-9
78.3430,1.13779E-9
78.5236,1.13765E-9
78.7046,1.13751E-9
78.8860,1.13737E-9
79.0679,1.13723E-9
79.2501,1.13709E-9
79.4328,1.13695E-9
79.6159,1.13681E-9
79.7995,1.13667E-9
79.9834,1.13653E-9
80.1678,1.13640E-9
80.3526,1.13626E-9
80.5378,1.13612E-9
80.7235,1.13599E-9
80.9096,1.13585E-9
81.0961,1.13571E-9
81.2831,1.13558E-9
81.4704,1.13544E-9
81.6582,1.13531E-9
81.8465,1.13517E-9
82.0352,1.13504E-9
82.2243,1.13490E-9
82.4138,1.13477E-9
82.6038,1.13463E-9
82.7942,1.13450E-9
82.9851,1.13437E-9
83.1764,1.13424E-9
83.3681,1.13410E-9
83.5603,1.13397E-9
83.7529,1.13384E-9
83.9460,1.13371E-9
84.1395,1.13358E-9
84.3335,1.13345E-9
84.5279,1.13332E-9
84.7227,1.13319E-9
84.9180,1.13306E-9
85.1138,1.13293E-9
85.3100,1.13280E-9
85.5067,1.13267E-9
85.7038,1.13254E-9
85.9014,1.13241E-9
86.0994,1.13228E-9
86.2979,1.13216E-9
86.4968,1.13203E-9
86.6962,1.13190E-9
86.8960,1.13178E-9
87.0964,1.13165E-9
87.2971,1.13152E-9
87.4984,1.13140E-9
87.7001,1.13127E-9
87.9023,1.13115E-9
88.1049,1.13102E-9
88.3080,1.13090E-9
88.5116,1.13077E-9
88.7156,1.13065E-9
88.9201,1.13053E-9
89.1251,1.13040E-9
89.3305,1.13028E-9
89.5365,1.13016E-9
89.7429,1.13003E-9
89.9498,1.12991E-9
90.1571,1.12979E-9
90.3649,1.12967E-9
90.5733,1.12955E-9
90.7821,1.12943E-9
90.9913,1.12930E-9
91.2011,1.12918E-9
91.4113,1.12906E-9
91.6220,1.12894E-9
91.8333,1.12882E-9
92.0450,1.12871E-9
92.2571,1.12859E-9
92.4698,1.12847E-9
92.6830,1.12835E-9
92.8966,1.12823E-9
93.1108,1.12811E-9
93.3254,1.12800E-9
93.5406,1.12788E-9
93.7562,1.12776E-9
93.9723,1.12765E-9
94.1890,1.12753E-9
94.4061,1.12741E-9
94.6237,1.12730E-9
94.8418,1.12718E-9
95.0605,1.12707E-9
95.2796,1.12695E-9
95.4993,1.12684E-9
95.7194,1.12672E-9
95.9401,1.12661E-9
96.1612,1.12649E-9
96.3829,1.12638E-9
96.6051,1.12627E-9
96.8278,1.12615E-9
97.0510,1.12604E-9
97.2747,1.12593E-9
97.4990,1.12582E-9
97.7237,1.12570E-9
97.9490,1.12559E-9
98.1748,1.12548E-9
98.4011,1.12537E-9
98.6279,1.12526E-9
98.8553,1.12515E-9
99.0832,1.12504E-9
99.3116,1.12493E-9
99.5405,1.12482E-9
99.7700,1.12471E-9
100.000,1.12460E-9
100.231,1.12449E-9
100.462,1.12438E-9
100.693,1.12427E-9
100.925,1.12417E-9
101.158,1.12406E-9
101.391,1.12395E-9
101.625,1.12384E-9
101.859,1.12374E-9
102.094,1.12363E-9
102.329,1.12352E-9
102.565,1.12342E-9
102.802,1.12331E-9
103.039,1.12320E-9
103.276,1.12310E-9
103.514,1.12299E-9
103.753,1.12289E-9
103.992,1.12278E-9
104.232,1.12268E-9
104.472,1.12257E-9
104.713,1.12247E-9
104.954,1.12237E-9
105.196,1.12226E-9
105.439,1.12216E-9
105.682,1.12206E-9
105.925,1.12195E-9
106.170,1.12185E-9
106.414,1.12175E-9
106.660,1.12165E-9
106.905,1.12155E-9
107.152,1.12144E-9
107.399,1.12134E-9
107.647,1.12124E-9
107.895,1.12114E-9
108.143,1.12104E-9
108.393,1.12094E-9
108.643,1.12084E-9
108.893,1.12074E-9
109.144,1.12064E-9
109.396,1.12054E-9
109.648,1.12044E-9
109.901,1.12034E-9
110.154,1.12024E-9
110.408,1.12015E-9
110.662,1.12005E-9
110.917,1.11995E-9
111.173,1.11985E-9
111.429,1.11975E-9
111.686,1.11966E-9
111.944,1.11956E-9
112.202,1.11946E-9
112.460,1.11937E-9
112.720,1.11927E-9
112.980,1.11918E-9
113.240,1.11908E-9
113.501,1.11898E-9
113.763,1.11889E-9
114.025,1.11879E-9
114.288,1.11870E-9
114.551,1.11860E-9
114.815,1.11851E-9
115.080,1.11842E-9
115.345,1.11832E-9
115.611,1.11823E-9
115.878,1.11813E-9
116.145,1.11804E-9
116.413,1.11795E-9
116.681,1.11786E-9
116.950,1.11776E-9
117.220,1.11767E-9
117.490,1.11758E-9
117.761,1.11749E-9
118.032,1.11740E-9
118.304,1.11730E-9
118.577,1.11721E-9
118.850,1.11712E-9
119.124,1.11703E-9
119.399,1.11694E-9
119.674,1.11685E-9
119.950,1.11676E-9
120.226,1.11667E-9
120.504,1.11658E-9
120.781,1.11649E-9
121.060,1.11640E-9
121.339,1.11631E-9
121.619,1.11622E-9
121.899,1.11614E-9
122.180,1.11605E-9
122.462,1.11596E-9
122.744,1.11587E-9
123.027,1.11578E-9
123.310,1.11570E-9
123.595,1.11561E-9
123.880,1.11552E-9
124.165,1.11544E-9
124.451,1.11535E-9
124.738,1.11526E-9
125.026,1.11518E-9
125.314,1.11509E-9
125.603,1.11500E-9
125.893,1.11492E-9
126.183,1.11483E-9
126.474,1.11475E-9
126.765,1.11466E-9
127.057,1.11458E-9
127.350,1.11449E-9
127.644,1.11441E-9
127.938,1.11433E-9
128.233,1.11424E-9
128.529,1.11416E-9
128.825,1.11408E-9
129.122,1.11399E-9
129.420,1.11391E-9
129.718,1.11383E-9
130.017,1.11374E-9
130.317,1.11366E-9
130.617,1.11358E-9
130.918,1.11350E-9
131.220,1.11341E-9
131.522,1.11333E-9
131.826,1.11325E-9
132.130,1.11317E-9
132.434,1.11309E-9
132.739,1.11301E-9
133.045,1.11293E-9
133.352,1.11285E-9
133.660,1.11277E-9
133.968,1.11269E-9
134.276,1.11261E-9
134.586,1.11253E-9
134.896,1.11245E-9
135.207,1.11237E-9
135.519,1.11229E-9
135.831,1.11221E-9
136.144,1.11213E-9
136.458,1.11205E-9
136.773,1.11198E-9
137.088,1.11190E-9
137.404,1.11182E-9
137.721,1.11174E-9
138.038,1.11166E-9
138.357,1.11159E-9
138.676,1.11151E-9
138.995,1.11143E-9
139.316,1.11136E-9
139.637,1.11128E-9
139.959,1.11120E-9
140.281,1.11113E-9
140.605,1.11105E-9
140.929,1.11098E-9
141.254,1.11090E-9
141.579,1.11082E-9
141.906,1.11075E-9
142.233,1.11067E-9
142.561,1.11060E-9
142.889,1.11052E-9
143.219,1.11045E-9
143.549,1.11038E-9
143.880,1.11030E-9
144.212,1.11023E-9
144.544,1.11015E-9
144.877,1.11008E-9
145.211,1.11001E-9
145.546,1.10993E-9
145.881,1.10986E-9
146.218,1.10979E-9
146.555,1.10971E-9
146.893,1.10964E-9
147.231,1.10957E-9
147.571,1.10950E-9
147.911,1.10943E-9
148.252,1.10935E-9
148.594,1.10928E-9
148.936,1.10921E-9
149.279,1.10914E-9
149.624,1.10907E-9
149.968,1.10900E-9
150.314,1.10893E-9
150.661,1.10886E-9
151.008,1.10879E-9
151.356,1.10871E-9
151.705,1.10864E-9
152.055,1.10857E-9
152.405,1.10851E-9
152.757,1.10844E-9
153.109,1.10837E-9
153.462,1.10830E-9
153.815,1.10823E-9
154.170,1.10816E-9
154.525,1.10809E-9
154.882,1.10802E-9
155.239,1.10795E-9
155.597,1.10789E-9
155.955,1.10782E-9
156.315,1.10775E-9
156.675,1.10768E-9
157.036,1.10761E-9
157.398,1.10755E-9
157.761,1.10748E-9
158.125,1.10741E-9
158.489,1.10735E-9
158.855,1.10728E-9
159.221,1.10721E-9
159.588,1.10715E-9
159.956,1.10708E-9
160.325,1.10701E-9
160.694,1.10695E-9
161.065,1.10688E-9
161.436,1.10682E-9
161.808,1.10675E-9
162.181,1.10669E-9
162.555,1.10662E-9
162.930,1.10656E-9
163.305,1.10649E-9
163.682,1.10643E-9
164.059,1.10636E-9
164.437,1.10630E-9
164.816,1.10623E-9
165.196,1.10617E-9
165.577,1.10611E-9
165.959,1.10604E-9
166.341,1.10598E-9
166.725,1.10592E-9
167.109,1.10585E-9
167.494,1.10579E-9
167.880,1.10573E-9
168.267,1.10566E-9
168.655,1.10560E-9
169.044,1.10554E-9
169.434,1.10548E-9
169.824,1.10542E-9
170.216,1.10535E-9
170.608,1.10529E-9
171.002,1.10523E-9
171.396,1.10517E-9
171.791,1.10511E-9
172.187,1.10505E-9
172.584,1.10498E-9
172.982,1.10492E-9
173.380,1.10486E-9
173.780,1.10480E-9
174.181,1.10474E-9
174.582,1.10468E-9
174.985,1.10462E-9
175.388,1.10456E-9
175.792,1.10450E-9
176.198,1.10444E-9
176.604,1.10438E-9
177.011,1.10432E-9
177.419,1.10426E-9
177.828,1.10421E-9
178.238,1.10415E-9
178.649,1.10409E-9
179.061,1.10403E-9
179.473,1.10397E-9
179.887,1.10391E-9
180.302,1.10385E-9
180.717,1.10380E-9
181.134,1.10374E-9
181.552,1.10368E-9
181.970,1.10362E-9
182.390,1.10357E-9
182.810,1.10351E-9
183.231,1.10345E-9
183.654,1.10339E-9
184.077,1.10334E-9
184.502,1.10328E-9
184.927,1.10322E-9
185.353,1.10317E-9
185.780,1.10311E-9
186.209,1.10305E-9
186.638,1.10300E-9
187.068,1.10294E-9
187.499,1.10289E-9
187.932,1.10283E-9
188.365,1.10278E-9
188.799,1.10272E-9
189.234,1.10266E-9
189.671,1.10261E-9
190.108,1.10255E-9
190.546,1.10250E-9
190.985,1.10244E-9
191.426,1.10239E-9
191.867,1.10234E-9
192.309,1.10228E-9
192.752,1.10223E-9
193.197,1.10217E-9
193.642,1.10212E-9
194.089,1.10207E-9
194.536,1.10201E-9
194.984,1.10196E-9
195.434,1.10191E-9
195.884,1.10185E-9
196.336,1.10180E-9
196.789,1.10175E-9
197.242,1.10169E-9
197.697,1.10164E-9
198.153,1.10159E-9
198.609,1.10154E-9
199.067,1.10148E-9
199.526,1.10143E-9
199.986,1.10138E-9
200.447,1.10133E-9
200.909,1.10128E-9
201.372,1.10122E-9
201.837,1.10117E-9
202.302,1.10112E-9
202.768,1.10107E-9
203.236,1.10102E-9
203.704,1.10097E-9
204.174,1.10092E-9
204.644,1.10087E-9
205.116,1.10081E-9
205.589,1.10076E-9
206.063,1.10071E-9
206.538,1.10066E-9
207.014,1.10061E-9
207.491,1.10056E-9
207.970,1.10051E-9
208.449,1.10046E-9
208.930,1.10041E-9
209.411,1.10036E-9
209.894,1.10032E-9
210.378,1.10027E-9
210.863,1.10022E-9
211.349,1.10017E-9
211.836,1.10012E-9
212.324,1.10007E-9
212.814,1.10002E-9
213.304,1.09997E-9
213.796,1.09992E-9
214.289,1.09988E-9
214.783,1.09983E-9
215.278,1.09978E-9
215.774,1.09973E-9
216.272,1.09968E-9
216.770,1.09964E-9
217.270,1.09959E-9
217.771,1.09954E-9
218.273,1.09949E-9
218.776,1.09945E-9
219.280,1.09940E-9
219.786,1.09935E-9
220.293,1.09931E-9
220.800,1.09926E-9
221.309,1.09921E-9
221.820,1.09917E-9
222.331,1.09912E-9
222.844,1.09907E-9
223.357,1.09903E-9
223.872,1.09898E-9
224.388,1.09894E-9
224.905,1.09889E-9
225.424,1.09884E-9
225.944,1.09880E-9
226.464,1.09875E-9
226.986,1.09871E-9
227.510,1.09866E-9
228.034,1.09862E-9
228.560,1.09857E-9
229.087,1.09853E-9
229.615,1.09848E-9
230.144,1.09844E-9
230.675,1.09839E-9
231.206,1.09835E-9
231.739,1.09830E-9
232.274,1.09826E-9
232.809,1.09822E-9
233.346,1.09817E-9
233.884,1.09813E-9
234.423,1.09808E-9
234.963,1.09804E-9
235.505,1.09800E-9
236.048,1.09795E-9
236.592,1.09791E-9
237.137,1.09787E-9
237.684,1.09782E-9
238.232,1.09778E-9
238.781,1.09774E-9
239.332,1.09769E-9
239.883,1.09765E-9
240.436,1.09761E-9
240.991,1.09757E-9
241.546,1.09752E-9
242.103,1.09748E-9
242.661,1.09744E-9
243.220,1.09740E-9
243.781,1.09735E-9
244.343,1.09731E-9
244.906,1.09727E-9
245.471,1.09723E-9
246.037,1.09719E-9
246.604,1.09715E-9
247.172,1.09710E-9
247.742,1.09706E-9
248.313,1.09702E-9
248.886,1.09698E-9
249.459,1.09694E-9
250.035,1.09690E-9
250.611,1.09686E-9
251.189,1.09682E-9
251.768,1.09678E-9
252.348,1.09674E-9
252.930,1.09670E-9
253.513,1.09666E-9
254.097,1.09662E-9
254.683,1.09658E-9
255.270,1.09654E-9
255.859,1.09650E-9
256.448,1.09646E-9
257.040,1.09642E-9
257.632,1.09638E-9
258.226,1.09634E-9
258.821,1.09630E-9
259.418,1.09626E-9
260.016,1.09622E-9
260.615,1.09618E-9
261.216,1.09614E-9
261.818,1.09610E-9
262.422,1.09606E-9
263.027,1.09603E-9
263.633,1.09599E-9
264.241,1.09595E-9
264.850,1.09591E-9
265.461,1.09587E-9
266.073,1.09583E-9
266.686,1.09580E-9
267.301,1.09576E-9
267.917,1.09572E-9
268.534,1.09568E-9
269.153,1.09564E-9
269.774,1.09561E-9
270.396,1.09557E-9
271.019,1.09553E-9
271.644,1.09549E-9
272.270,1.09546E-9
272.898,1.09542E-9
273.527,1.09538E-9
274.157,1.09535E-9
274.789,1.09531E-9
275.423,1.09527E-9
276.058,1.09523E-9
276.694,1.09520E-9
277.332,1.09516E-9
277.971,1.09513E-9
278.612,1.09509E-9
279.254,1.09505E-9
279.898,1.09502E-9
280.543,1.09498E-9
281.190,1.09494E-9
281.838,1.09491E-9
282.488,1.09487E-9
283.139,1.09484E-9
283.792,1.09480E-9
284.446,1.09477E-9
285.102,1.09473E-9
285.759,1.09469E-9
286.418,1.09466E-9
287.078,1.09462E-9
287.740,1.09459E-9
288.403,1.09455E-9
289.068,1.09452E-9
289.734,1.09448E-9
290.402,1.09445E-9
291.072,1.09442E-9
291.743,1.09438E-9
292.415,1.09435E-9
293.089,1.09431E-9
293.765,1.09428E-9
294.442,1.09424E-9
295.121,1.09421E-9
295.801,1.09417E-9
296.483,1.09414E-9
297.167,1.09411E-9
297.852,1.09407E-9
298.538,1.09404E-9
299.226,1.09401E-9
299.916,1.09397E-9
300.608,1.09394E-9
301.301,1.09391E-9
301.995,1.09387E-9
302.691,1.09384E-9
303.389,1.09381E-9
304.089,1.09377E-9
304.789,1.09374E-9
305.492,1.09371E-9
306.196,1.09367E-9
306.902,1.09364E-9
307.610,1.09361E-9
308.319,1.09358E-9
309.030,1.09354E-9
309.742,1.09351E-9
310.456,1.09348E-9
311.172,1.09345E-9
311.889,1.09341E-9
312.608,1.09338E-9
313.329,1.09335E-9
314.051,1.09332E-9
314.775,1.09329E-9
315.500,1.09326E-9
316.228,1.09322E-9
316.957,1.09319E-9
317.687,1.09316E-9
318.420,1.09313E-9
319.154,1.09310E-9
319.890,1.09307E-9
320.627,1.09303E-9
321.366,1.09300E-9
322.107,1.09297E-9
322.849,1.09294E-9
323.594,1.09291E-9
324.340,1.09288E-9
325.087,1.09285E-9
325.837,1.09282E-9
326.588,1.09279E-9
327.341,1.09276E-9
328.095,1.09273E-9
328.852,1.09270E-9
329.610,1.09267E-9
330.370,1.09264E-9
331.131,1.09261E-9
331.894,1.09258E-9
332.660,1.09255E-9
333.426,1.09252E-9
334.195,1.09249E-9
334.965,1.09246E-9
335.738,1.09243E-9
336.512,1.09240E-9
337.287,1.09237E-9
338.065,1.09234E-9
338.844,1.09231E-9
339.625,1.09228E-9
340.408,1.09225E-9
341.193,1.09222E-9
341.979,1.09219E-9
342.768,1.09216E-9
343.558,1.09213E-9
344.350,1.09211E-9
345.144,1.09208E-9
345.939,1.09205E-9
346.737,1.09202E-9
347.536,1.09199E-9
348.337,1.09196E-9
349.140,1.09193E-9
349.945,1.09191E-9
350.752,1.09188E-9
351.560,1.09185E-9
352.371,1.09182E-9
353.183,1.09179E-9
353.997,1.09176E-9
354.813,1.09174E-9
355.631,1.09171E-9
356.451,1.09168E-9
357.273,1.09165E-9
358.096,1.09163E-9
358.922,1.09160E-9
359.749,1.09157E-9
360.579,1.09154E-9
361.410,1.09152E-9
362.243,1.09149E-9
363.078,1.09146E-9
363.915,1.09143E-9
364.754,1.09141E-9
365.595,1.09138E-9
366.438,1.09135E-9
367.282,1.09133E-9
368.129,1.09130E-9
368.978,1.09127E-9
369.828,1.09125E-9
370.681,1.09122E-9
371.535,1.09119E-9
372.392,1.09117E-9
373.250,1.09114E-9
374.111,1.09111E-9
374.973,1.09109E-9
375.837,1.09106E-9
376.704,1.09103E-9
377.572,1.09101E-9
378.443,1.09098E-9
379.315,1.09096E-9
380.189,1.09093E-9
381.066,1.09090E-9
381.944,1.09088E-9
382.825,1.09085E-9
383.707,1.09083E-9
384.592,1.09080E-9
385.478,1.09078E-9
386.367,1.09075E-9
387.258,1.09072E-9
388.150,1.09070E-9
389.045,1.09067E-9
389.942,1.09065E-9
390.841,1.09062E-9
391.742,1.09060E-9
392.645,1.09057E-9
393.550,1.09055E-9
394.457,1.09052E-9
395.367,1.09050E-9
396.278,1.09047E-9
397.192,1.09045E-9
398.107,1.09043E-9
399.025,1.09040E-9
399.945,1.09038E-9
400.867,1.09035E-9
401.791,1.09033E-9
402.717,1.09030E-9
403.645,1.09028E-9
404.576,1.09025E-9
405.509,1.09023E-9
406.443,1.09021E-9
407.380,1.09018E-9
408.319,1.09016E-9
409.261,1.09013E-9
410.204,1.09011E-9
411.150,1.09009E-9
412.098,1.09006E-9
413.048,1.09004E-9
414.000,1.09002E-9
414.954,1.08999E-9
415.911,1.08997E-9
416.869,1.08994E-9
417.830,1.08992E-9
418.794,1.08990E-9
419.759,1.08987E-9
420.727,1.08985E-9
421.697,1.08983E-9
422.669,1.08981E-9
423.643,1.08978E-9
424.620,1.08976E-9
425.598,1.08974E-9
426.580,1.08971E-9
427.563,1.08969E-9
428.549,1.08967E-9
429.536,1.08965E-9
430.527,1.08962E-9
431.519,1.08960E-9
432.514,1.08958E-9
433.511,1.08956E-9
434.510,1.08953E-9
435.512,1.08951E-9
436.516,1.08949E-9
437.522,1.08947E-9
438.531,1.08944E-9
439.542,1.08942E-9
440.555,1.08940E-9
441.570,1.08938E-9
442.588,1.08936E-9
443.609,1.08933E-9
444.631,1.08931E-9
445.656,1.08929E-9
446.684,1.08927E-9
447.713,1.08925E-9
448.745,1.08922E-9
449.780,1.08920E-9
450.817,1.08918E-9
451.856,1.08916E-9
452.898,1.08914E-9
453.942,1.08912E-9
454.988,1.08910E-9
456.037,1.08907E-9
457.088,1.08905E-9
458.142,1.08903E-9
459.198,1.08901E-9
460.257,1.08899E-9
461.318,1.08897E-9
462.381,1.08895E-9
463.447,1.08893E-9
464.515,1.08891E-9
465.586,1.08889E-9
466.659,1.08887E-9
467.735,1.08884E-9
468.813,1.08882E-9
469.894,1.08880E-9
470.977,1.08878E-9
472.063,1.08876E-9
473.151,1.08874E-9
474.242,1.08872E-9
475.335,1.08870E-9
476.431,1.08868E-9
477.529,1.08866E-9
478.630,1.08864E-9
479.733,1.08862E-9
480.839,1.08860E-9
481.948,1.08858E-9
483.059,1.08856E-9
484.172,1.08854E-9
485.289,1.08852E-9
486.407,1.08850E-9
487.528,1.08848E-9
488.652,1.08846E-9
489.779,1.08844E-9
490.908,1.08842E-9
492.040,1.08840E-9
493.174,1.08838E-9
494.311,1.08836E-9
495.450,1.08834E-9
496.592,1.08832E-9
497.737,1.08831E-9
498.884,1.08829E-9
500.035,1.08827E-9
501.187,1.08825E-9
502.343,1.08823E-9
503.501,1.08821E-9
504.661,1.08819E-9
505.825,1.08817E-9
506.991,1.08815E-9
508.159,1.08813E-9
509.331,1.08812E-9
510.505,1.08810E-9
511.682,1.08808E-9
512.861,1.08806E-9
514.044,1.08804E-9
515.229,1.08802E-9
516.416,1.08800E-9
517.607,1.08798E-9
518.800,1.08797E-9
519.996,1.08795E-9
521.195,1.08793E-9
522.396,1.08791E-9
523.600,1.08789E-9
524.807,1.08787E-9
526.017,1.08786E-9
527.230,1.08784E-9
528.445,1.08782E-9
529.663,1.08780E-9
530.884,1.08778E-9
532.108,1.08777E-9
533.335,1.08775E-9
534.564,1.08773E-9
535.797,1.08771E-9
537.032,1.08769E-9
538.270,1.08768E-9
539.511,1.08766E-9
540.754,1.08764E-9
542.001,1.08762E-9
543.250,1.08761E-9
544.503,1.08759E-9
545.758,1.08757E-9
547.016,1.08755E-9
548.277,1.08754E-9
549.541,1.08752E-9
550.808,1.08750E-9
552.077,1.08748E-9
553.350,1.08747E-9
554.626,1.08745E-9
555.904,1.08743E-9
557.186,1.08742E-9
558.470,1.08740E-9
559.758,1.08738E-9
561.048,1.08737E-9
562.341,1.08735E-9
563.638,1.08733E-9
564.937,1.08731E-9
566.239,1.08730E-9
567.545,1.08728E-9
568.853,1.08726E-9
570.164,1.08725E-9
571.479,1.08723E-9
572.796,1.08721E-9
574.116,1.08720E-9
575.440,1.08718E-9
576.766,1.08716E-9
578.096,1.08715E-9
579.429,1.08713E-9
580.764,1.08712E-9
582.103,1.08710E-9
583.445,1.08708E-9
584.790,1.08707E-9
586.138,1.08705E-9
587.489,1.08703E-9
588.844,1.08702E-9
590.201,1.08700E-9
591.562,1.08699E-9
592.925,1.08697E-9
594.292,1.08695E-9
595.662,1.08694E-9
597.035,1.08692E-9
598.412,1.08691E-9
599.791,1.08689E-9
601.174,1.08688E-9
602.560,1.08686E-9
603.949,1.08684E-9
605.341,1.08683E-9
606.736,1.08681E-9
608.135,1.08680E-9
609.537,1.08678E-9
610.942,1.08677E-9
612.350,1.08675E-9
613.762,1.08674E-9
615.177,1.08672E-9
616.595,1.08671E-9
618.016,1.08669E-9
619.441,1.08668E-9
620.869,1.08666E-9
622.300,1.08664E-9
623.735,1.08663E-9
625.173,1.08661E-9
626.614,1.08660E-9
628.058,1.08658E-9
629.506,1.08657E-9
630.957,1.08655E-9
632.412,1.08654E-9
633.870,1.08653E-9
635.331,1.08651E-9
636.796,1.08650E-9
638.263,1.08648E-9
639.735,1.08647E-9
641.210,1.08645E-9
642.688,1.08644E-9
644.169,1.08642E-9
645.654,1.08641E-9
647.143,1.08639E-9
648.634,1.08638E-9
650.130,1.08636E-9
651.628,1.08635E-9
653.131,1.08634E-9
654.636,1.08632E-9
656.145,1.08631E-9
657.658,1.08629E-9
659.174,1.08628E-9
660.693,1.08626E-9
662.217,1.08625E-9
663.743,1.08624E-9
665.273,1.08622E-9
666.807,1.08621E-9
668.344,1.08619E-9
669.885,1.08618E-9
671.429,1.08617E-9
672.977,1.08615E-9
674.528,1.08614E-9
676.083,1.08612E-9
677.642,1.08611E-9
679.204,1.08610E-9
680.769,1.08608E-9
682.339,1.08607E-9
683.912,1.08606E-9
685.488,1.08604E-9
687.068,1.08603E-9
688.652,1.08602E-9
690.240,1.08600E-9
691.831,1.08599E-9
693.426,1.08597E-9
695.024,1.08596E-9
696.627,1.08595E-9
698.232,1.08593E-9
699.842,1.08592E-9
701.455,1.08591E-9
703.072,1.08589E-9
704.693,1.08588E-9
706.318,1.08587E-9
707.946,1.08586E-9
709.578,1.08584E-9
711.214,1.08583E-9
712.853,1.08582E-9
714.496,1.08580E-9
716.143,1.08579E-9
717.794,1.08578E-9
719.449,1.08576E-9
721.107,1.08575E-9
722.770,1.08574E-9
724.436,1.08573E-9
726.106,1.08571E-9
727.780,1.08570E-9
729.458,1.08569E-9
731.139,1.08567E-9
732.825,1.08566E-9
734.514,1.08565E-9
736.207,1.08564E-9
737.904,1.08562E-9
739.605,1.08561E-9
741.310,1.08560E-9
743.019,1.08559E-9
744.732,1.08557E-9
746.449,1.08556E-9
748.170,1.08555E-9
749.894,1.08554E-9
751.623,1.08553E-9
753.356,1.08551E-9
755.092,1.08550E-9
756.833,1.08549E-9
758.578,1.08548E-9
760.326,1.08546E-9
762.079,1.08545E-9
763.836,1.08544E-9
765.597,1.08543E-9
767.361,1.08542E-9
769.130,1.08540E-9
770.903,1.08539E-9
772.681,1.08538E-9
774.462,1.08537E-9
776.247,1.08536E-9
778.037,1.08534E-9
779.830,1.08533E-9
781.628,1.08532E-9
783.430,1.08531E-9
785.236,1.08530E-9
787.046,1.08529E-9
788.860,1.08527E-9
790.679,1.08526E-9
792.501,1.08525E-9
794.328,1.08524E-9
796.159,1.08523E-9
797.995,1.08522E-9
799.834,1.08520E-9
801.678,1.08519E-9
803.526,1.08518E-9
805.378,1.08517E-9
807.235,1.08516E-9
809.096,1.08515E-9
810.961,1.08514E-9
812.831,1.08512E-9
814.704,1.08511E-9
816.582,1.08510E-9
818.465,1.08509E-9
820.352,1.08508E-9
822.243,1.08507E-9
824.138,1.08506E-9
826.038,1.08505E-9
827.942,1.08504E-9
829.851,1.08502E-9
831.764,1.08501E-9
833.681,1.08500E-9
835.603,1.08499E-9
837.529,1.08498E-9
839.460,1.08497E-9
841.395,1.08496E-9
843.335,1.08495E-9
845.279,1.08494E-9
847.227,1.08493E-9
849.180,1.08492E-9
851.138,1.08490E-9
853.100,1.08489E-9
855.067,1.08488E-9
857.038,1.08487E-9
859.014,1.08486E-9
860.994,1.08485E-9
862.979,1.08484E-9
864.968,1.08483E-9
866.962,1.08482E-9
868.960,1.08481E-9
870.964,1.08480E-9
872.971,1.08479E-9
874.984,1.08478E-9
877.001,1.08477E-9
879.023,1.08476E-9
881.049,1.08475E-9
883.080,1.08474E-9
885.116,1.08473E-9
887.156,1.08472E-9
889.201,1.08471E-9
891.251,1.08470E-9
893.305,1.08469E-9
895.365,1.08467E-9
897.429,1.08466E-9
899.498,1.08465E-9
901.571,1.08464E-9
903.649,1.08463E-9
905.733,1.08462E-9
907.821,1.08461E-9
909.913,1.08460E-9
912.011,1.08459E-9
914.113,1.08458E-9
916.220,1.08457E-9
918.333,1.08456E-9
920.450,1.08455E-9
922.571,1.08455E-9
924.698,1.08454E-9
926.830,1.08453E-9
928.966,1.08452E-9
931.108,1.08451E-9
933.254,1.08450E-9
935.406,1.08449E-9
937.562,1.08448E-9
939.723,1.08447E-9
941.890,1.08446E-9
944.061,1.08445E-9
946.237,1.08444E-9
948.418,1.08443E-9
950.605,1.08442E-9
952.796,1.08441E-9
954.993,1.08440E-9
957.194,1.08439E-9
959.401,1.08438E-9
961.612,1.08437E-9
963.829,1.08436E-9
966.051,1.08435E-9
968.278,1.08434E-9
970.510,1.08433E-9
972.747,1.08433E-9
974.990,1.08432E-9
977.237,1.08431E-9
979.490,1.08430E-9
981.748,1.08429E-9
984.011,1.08428E-9
986.279,1.08427E-9
988.553,1.08426E-9
990.832,1.08425E-9
993.116,1.08424E-9
995.405,1.08423E-9
997.700,1.08423E-9
1.00000E3,1.08422E-9
