freq (Hz),input noise; V / sqrt(Hz) Rptat2 175.5376  (V / sqrt(Hz)),input noise; V / sqrt(Hz) Rptat2 219.2198  (V / sqrt(Hz)),input noise; V / sqrt(Hz) Rptat2 438.4395  (V / sqrt(Hz)),input noise; V / sqrt(Hz) Rptat2 1753.758  (V / sqrt(Hz))
1.00000,7.29363E-9,6.07344E-9,3.99173E-9,3.49522E-9
1.02329,7.20274E-9,5.99832E-9,3.94535E-9,3.46802E-9
1.04713,7.11299E-9,5.92417E-9,3.89961E-9,3.44128E-9
1.07152,7.02439E-9,5.85096E-9,3.85448E-9,3.41502E-9
1.09648,6.93692E-9,5.77869E-9,3.80997E-9,3.38921E-9
1.12202,6.85055E-9,5.70735E-9,3.76607E-9,3.36387E-9
1.14815,6.76529E-9,5.63692E-9,3.72277E-9,3.33897E-9
1.17490,6.68111E-9,5.56740E-9,3.68006E-9,3.31451E-9
1.20226,6.59800E-9,5.49877E-9,3.63793E-9,3.29049E-9
1.23027,6.51595E-9,5.43102E-9,3.59638E-9,3.26690E-9
1.25893,6.43494E-9,5.36414E-9,3.55541E-9,3.24373E-9
1.28825,6.35497E-9,5.29812E-9,3.51500E-9,3.22098E-9
1.31826,6.27601E-9,5.23295E-9,3.47515E-9,3.19865E-9
1.34896,6.19807E-9,5.16862E-9,3.43585E-9,3.17672E-9
1.38038,6.12111E-9,5.10512E-9,3.39709E-9,3.15520E-9
1.41254,6.04514E-9,5.04244E-9,3.35888E-9,3.13407E-9
1.44544,5.97014E-9,4.98056E-9,3.32119E-9,3.11333E-9
1.47911,5.89609E-9,4.91948E-9,3.28404E-9,3.09298E-9
1.51356,5.82299E-9,4.85919E-9,3.24740E-9,3.07301E-9
1.54882,5.75082E-9,4.79968E-9,3.21128E-9,3.05341E-9
1.58489,5.67958E-9,4.74094E-9,3.17566E-9,3.03418E-9
1.62181,5.60924E-9,4.68296E-9,3.14055E-9,3.01531E-9
1.65959,5.53981E-9,4.62573E-9,3.10593E-9,2.99680E-9
1.69824,5.47126E-9,4.56924E-9,3.07180E-9,2.97864E-9
1.73780,5.40359E-9,4.51348E-9,3.03816E-9,2.96082E-9
1.77828,5.33679E-9,4.45845E-9,3.00499E-9,2.94335E-9
1.81970,5.27084E-9,4.40413E-9,2.97230E-9,2.92622E-9
1.86209,5.20574E-9,4.35052E-9,2.94008E-9,2.90942E-9
1.90546,5.14147E-9,4.29760E-9,2.90832E-9,2.89294E-9
1.94984,5.07803E-9,4.24537E-9,2.87701E-9,2.87679E-9
1.99526,5.01540E-9,4.19382E-9,2.84616E-9,2.86095E-9
2.04174,4.95358E-9,4.14295E-9,2.81575E-9,2.84542E-9
2.08930,4.89255E-9,4.09273E-9,2.78579E-9,2.83020E-9
2.13796,4.83230E-9,4.04318E-9,2.75626E-9,2.81528E-9
2.18776,4.77283E-9,3.99427E-9,2.72716E-9,2.80066E-9
2.23872,4.71412E-9,3.94600E-9,2.69848E-9,2.78632E-9
2.29087,4.65617E-9,3.89836E-9,2.67023E-9,2.77228E-9
2.34423,4.59896E-9,3.85134E-9,2.64239E-9,2.75852E-9
2.39883,4.54250E-9,3.80494E-9,2.61497E-9,2.74503E-9
2.45471,4.48676E-9,3.75916E-9,2.58795E-9,2.73182E-9
2.51189,4.43174E-9,3.71397E-9,2.56133E-9,2.71888E-9
2.57040,4.37743E-9,3.66938E-9,2.53511E-9,2.70620E-9
2.63027,4.32382E-9,3.62537E-9,2.50928E-9,2.69378E-9
2.69153,4.27090E-9,3.58194E-9,2.48383E-9,2.68162E-9
2.75423,4.21867E-9,3.53909E-9,2.45877E-9,2.66971E-9
2.81838,4.16712E-9,3.49681E-9,2.43409E-9,2.65804E-9
2.88403,4.11623E-9,3.45508E-9,2.40979E-9,2.64662E-9
2.95121,4.06600E-9,3.41391E-9,2.38585E-9,2.63543E-9
3.01995,4.01643E-9,3.37328E-9,2.36227E-9,2.62448E-9
3.09030,3.96749E-9,3.33319E-9,2.33906E-9,2.61376E-9
3.16228,3.91920E-9,3.29363E-9,2.31621E-9,2.60326E-9
3.23594,3.87153E-9,3.25460E-9,2.29370E-9,2.59299E-9
3.31131,3.82448E-9,3.21609E-9,2.27155E-9,2.58293E-9
3.38844,3.77804E-9,3.17810E-9,2.24974E-9,2.57309E-9
3.46737,3.73221E-9,3.14061E-9,2.22827E-9,2.56345E-9
3.54813,3.68698E-9,3.10363E-9,2.20713E-9,2.55403E-9
3.63078,3.64234E-9,3.06714E-9,2.18633E-9,2.54480E-9
3.71535,3.59828E-9,3.03113E-9,2.16585E-9,2.53577E-9
3.80189,3.55479E-9,2.99562E-9,2.14570E-9,2.52694E-9
3.89045,3.51188E-9,2.96058E-9,2.12587E-9,2.51830E-9
3.98107,3.46953E-9,2.92601E-9,2.10636E-9,2.50985E-9
4.07380,3.42773E-9,2.89191E-9,2.08716E-9,2.50158E-9
4.16869,3.38648E-9,2.85827E-9,2.06826E-9,2.49349E-9
4.26580,3.34578E-9,2.82509E-9,2.04967E-9,2.48557E-9
4.36516,3.30561E-9,2.79236E-9,2.03138E-9,2.47783E-9
4.46684,3.26597E-9,2.76007E-9,2.01339E-9,2.47027E-9
4.57088,3.22685E-9,2.72822E-9,1.99570E-9,2.46286E-9
4.67735,3.18825E-9,2.69681E-9,1.97829E-9,2.45563E-9
4.78630,3.15015E-9,2.66583E-9,1.96117E-9,2.44855E-9
4.89779,3.11257E-9,2.63527E-9,1.94434E-9,2.44163E-9
5.01187,3.07548E-9,2.60513E-9,1.92778E-9,2.43486E-9
5.12861,3.03888E-9,2.57540E-9,1.91150E-9,2.42825E-9
5.24807,3.00276E-9,2.54608E-9,1.89549E-9,2.42178E-9
5.37032,2.96713E-9,2.51717E-9,1.87975E-9,2.41546E-9
5.49541,2.93197E-9,2.48866E-9,1.86428E-9,2.40928E-9
5.62341,2.89728E-9,2.46054E-9,1.84906E-9,2.40324E-9
5.75440,2.86306E-9,2.43281E-9,1.83411E-9,2.39733E-9
5.88844,2.82929E-9,2.40547E-9,1.81941E-9,2.39156E-9
6.02560,2.79597E-9,2.37851E-9,1.80497E-9,2.38592E-9
6.16595,2.76310E-9,2.35193E-9,1.79077E-9,2.38041E-9
6.30957,2.73067E-9,2.32572E-9,1.77683E-9,2.37502E-9
6.45654,2.69868E-9,2.29987E-9,1.76312E-9,2.36976E-9
6.60693,2.66711E-9,2.27439E-9,1.74965E-9,2.36462E-9
6.76083,2.63597E-9,2.24927E-9,1.73642E-9,2.35959E-9
6.91831,2.60526E-9,2.22451E-9,1.72342E-9,2.35468E-9
7.07946,2.57496E-9,2.20009E-9,1.71065E-9,2.34989E-9
7.24436,2.54506E-9,2.17603E-9,1.69811E-9,2.34520E-9
7.41310,2.51558E-9,2.15230E-9,1.68580E-9,2.34062E-9
7.58578,2.48649E-9,2.12892E-9,1.67370E-9,2.33615E-9
7.76247,2.45781E-9,2.10586E-9,1.66182E-9,2.33178E-9
7.94328,2.42951E-9,2.08314E-9,1.65016E-9,2.32751E-9
8.12831,2.40160E-9,2.06075E-9,1.63870E-9,2.32335E-9
8.31764,2.37407E-9,2.03868E-9,1.62746E-9,2.31927E-9
8.51138,2.34692E-9,2.01693E-9,1.61642E-9,2.31530E-9
8.70964,2.32014E-9,1.99550E-9,1.60559E-9,2.31141E-9
8.91251,2.29373E-9,1.97438E-9,1.59495E-9,2.30762E-9
9.12011,2.26769E-9,1.95356E-9,1.58452E-9,2.30392E-9
9.33254,2.24200E-9,1.93305E-9,1.57427E-9,2.30030E-9
9.54993,2.21668E-9,1.91284E-9,1.56422E-9,2.29677E-9
9.77237,2.19170E-9,1.89293E-9,1.55436E-9,2.29332E-9
10.0000,2.16707E-9,1.87332E-9,1.54469E-9,2.28995E-9
10.2329,2.14278E-9,1.85399E-9,1.53519E-9,2.28667E-9
10.4713,2.11884E-9,1.83496E-9,1.52588E-9,2.28346E-9
10.7152,2.09523E-9,1.81620E-9,1.51675E-9,2.28032E-9
10.9648,2.07195E-9,1.79773E-9,1.50779E-9,2.27726E-9
11.2202,2.04899E-9,1.77953E-9,1.49900E-9,2.27427E-9
11.4815,2.02637E-9,1.76161E-9,1.49038E-9,2.27136E-9
11.7490,2.00406E-9,1.74396E-9,1.48193E-9,2.26851E-9
12.0226,1.98207E-9,1.72658E-9,1.47365E-9,2.26573E-9
12.3027,1.96039E-9,1.70946E-9,1.46552E-9,2.26302E-9
12.5893,1.93902E-9,1.69260E-9,1.45756E-9,2.26037E-9
12.8825,1.91795E-9,1.67601E-9,1.44976E-9,2.25778E-9
13.1826,1.89719E-9,1.65966E-9,1.44210E-9,2.25526E-9
13.4896,1.87672E-9,1.64357E-9,1.43460E-9,2.25280E-9
13.8038,1.85655E-9,1.62773E-9,1.42725E-9,2.25039E-9
14.1254,1.83667E-9,1.61214E-9,1.42005E-9,2.24805E-9
14.4544,1.81708E-9,1.59678E-9,1.41299E-9,2.24576E-9
14.7911,1.79777E-9,1.58167E-9,1.40608E-9,2.24352E-9
15.1356,1.77875E-9,1.56680E-9,1.39930E-9,2.24134E-9
15.4882,1.76000E-9,1.55216E-9,1.39266E-9,2.23921E-9
15.8489,1.74152E-9,1.53775E-9,1.38616E-9,2.23713E-9
16.2181,1.72332E-9,1.52358E-9,1.37979E-9,2.23511E-9
16.5959,1.70539E-9,1.50962E-9,1.37355E-9,2.23313E-9
16.9824,1.68772E-9,1.49590E-9,1.36744E-9,2.23120E-9
17.3780,1.67031E-9,1.48239E-9,1.36146E-9,2.22931E-9
17.7828,1.65316E-9,1.46910E-9,1.35560E-9,2.22748E-9
18.1970,1.63627E-9,1.45603E-9,1.34987E-9,2.22568E-9
18.6209,1.61963E-9,1.44317E-9,1.34425E-9,2.22393E-9
19.0546,1.60324E-9,1.43052E-9,1.33875E-9,2.22222E-9
19.4984,1.58710E-9,1.41808E-9,1.33336E-9,2.22056E-9
19.9526,1.57120E-9,1.40584E-9,1.32809E-9,2.21893E-9
20.4174,1.55554E-9,1.39381E-9,1.32294E-9,2.21734E-9
20.8930,1.54012E-9,1.38197E-9,1.31789E-9,2.21580E-9
21.3796,1.52494E-9,1.37034E-9,1.31295E-9,2.21429E-9
21.8776,1.50999E-9,1.35889E-9,1.30811E-9,2.21281E-9
22.3872,1.49527E-9,1.34765E-9,1.30338E-9,2.21138E-9
22.9087,1.48077E-9,1.33659E-9,1.29875E-9,2.20997E-9
23.4423,1.46650E-9,1.32572E-9,1.29422E-9,2.20860E-9
23.9883,1.45246E-9,1.31503E-9,1.28979E-9,2.20727E-9
24.5471,1.43863E-9,1.30453E-9,1.28545E-9,2.20597E-9
25.1189,1.42502E-9,1.29421E-9,1.28121E-9,2.20470E-9
25.7040,1.41162E-9,1.28406E-9,1.27706E-9,2.20346E-9
26.3027,1.39844E-9,1.27410E-9,1.27300E-9,2.20225E-9
26.9153,1.38546E-9,1.26430E-9,1.26903E-9,2.20107E-9
27.5423,1.37269E-9,1.25468E-9,1.26515E-9,2.19992E-9
28.1838,1.36012E-9,1.24523E-9,1.26135E-9,2.19880E-9
28.8403,1.34776E-9,1.23594E-9,1.25764E-9,2.19770E-9
29.5121,1.33559E-9,1.22682E-9,1.25401E-9,2.19663E-9
30.1995,1.32362E-9,1.21786E-9,1.25046E-9,2.19559E-9
30.9030,1.31185E-9,1.20906E-9,1.24699E-9,2.19458E-9
31.6228,1.30026E-9,1.20042E-9,1.24359E-9,2.19358E-9
32.3594,1.28887E-9,1.19193E-9,1.24028E-9,2.19262E-9
33.1131,1.27766E-9,1.18360E-9,1.23703E-9,2.19167E-9
33.8844,1.26664E-9,1.17542E-9,1.23386E-9,2.19075E-9
34.6737,1.25580E-9,1.16739E-9,1.23076E-9,2.18986E-9
35.4813,1.24515E-9,1.15950E-9,1.22773E-9,2.18898E-9
36.3078,1.23466E-9,1.15176E-9,1.22477E-9,2.18813E-9
37.1535,1.22436E-9,1.14417E-9,1.22188E-9,2.18730E-9
38.0189,1.21423E-9,1.13671E-9,1.21905E-9,2.18648E-9
38.9045,1.20427E-9,1.12940E-9,1.21629E-9,2.18569E-9
39.8107,1.19448E-9,1.12222E-9,1.21359E-9,2.18492E-9
40.7380,1.18485E-9,1.11518E-9,1.21095E-9,2.18417E-9
41.6869,1.17539E-9,1.10827E-9,1.20838E-9,2.18343E-9
42.6580,1.16610E-9,1.10149E-9,1.20586E-9,2.18271E-9
43.6516,1.15696E-9,1.09484E-9,1.20340E-9,2.18201E-9
44.6684,1.14798E-9,1.08831E-9,1.20099E-9,2.18133E-9
45.7088,1.13916E-9,1.08192E-9,1.19864E-9,2.18067E-9
46.7735,1.13050E-9,1.07564E-9,1.19635E-9,2.18002E-9
47.8630,1.12198E-9,1.06949E-9,1.19411E-9,2.17939E-9
48.9779,1.11362E-9,1.06346E-9,1.19192E-9,2.17877E-9
50.1187,1.10540E-9,1.05754E-9,1.18978E-9,2.17817E-9
51.2861,1.09733E-9,1.05174E-9,1.18769E-9,2.17758E-9
52.4807,1.08941E-9,1.04606E-9,1.18565E-9,2.17701E-9
53.7032,1.08162E-9,1.04048E-9,1.18366E-9,2.17645E-9
54.9541,1.07398E-9,1.03502E-9,1.18172E-9,2.17591E-9
56.2341,1.06648E-9,1.02967E-9,1.17982E-9,2.17538E-9
57.5440,1.05911E-9,1.02442E-9,1.17796E-9,2.17486E-9
58.8844,1.05187E-9,1.01928E-9,1.17615E-9,2.17435E-9
60.2560,1.04477E-9,1.01424E-9,1.17438E-9,2.17386E-9
61.6595,1.03780E-9,1.00931E-9,1.17265E-9,2.17338E-9
63.0957,1.03096E-9,1.00447E-9,1.17096E-9,2.17291E-9
64.5654,1.02425E-9,999.731E-12,1.16932E-9,2.17246E-9
66.0693,1.01766E-9,995.090E-12,1.16771E-9,2.17201E-9
67.6083,1.01120E-9,990.545E-12,1.16614E-9,2.17158E-9
69.1831,1.00485E-9,986.092E-12,1.16461E-9,2.17115E-9
70.7946,998.630E-12,981.732E-12,1.16311E-9,2.17074E-9
72.4436,992.525E-12,977.462E-12,1.16165E-9,2.17034E-9
74.1310,986.536E-12,973.280E-12,1.16022E-9,2.16995E-9
75.8578,980.662E-12,969.186E-12,1.15883E-9,2.16956E-9
77.6247,974.900E-12,965.178E-12,1.15747E-9,2.16919E-9
79.4328,969.250E-12,961.253E-12,1.15615E-9,2.16883E-9
81.2831,963.709E-12,957.412E-12,1.15485E-9,2.16847E-9
83.1764,958.275E-12,953.651E-12,1.15359E-9,2.16813E-9
85.1138,952.948E-12,949.970E-12,1.15236E-9,2.16779E-9
87.0964,947.725E-12,946.368E-12,1.15115E-9,2.16746E-9
89.1251,942.605E-12,942.842E-12,1.14998E-9,2.16714E-9
91.2011,937.586E-12,939.392E-12,1.14883E-9,2.16682E-9
93.3254,932.667E-12,936.016E-12,1.14771E-9,2.16652E-9
95.4993,927.845E-12,932.713E-12,1.14662E-9,2.16622E-9
97.7237,923.120E-12,929.480E-12,1.14555E-9,2.16593E-9
100.000,918.490E-12,926.318E-12,1.14451E-9,2.16565E-9
102.329,913.953E-12,923.225E-12,1.14350E-9,2.16537E-9
104.713,909.507E-12,920.199E-12,1.14251E-9,2.16510E-9
107.152,905.152E-12,917.239E-12,1.14154E-9,2.16484E-9
109.648,900.885E-12,914.343E-12,1.14060E-9,2.16459E-9
112.202,896.706E-12,911.512E-12,1.13968E-9,2.16434E-9
114.815,892.612E-12,908.742E-12,1.13878E-9,2.16409E-9
117.490,888.602E-12,906.034E-12,1.13790E-9,2.16385E-9
120.226,884.675E-12,903.385E-12,1.13705E-9,2.16362E-9
123.027,880.830E-12,900.796E-12,1.13621E-9,2.16340E-9
125.893,877.064E-12,898.264E-12,1.13540E-9,2.16318E-9
128.825,873.378E-12,895.788E-12,1.13461E-9,2.16296E-9
131.826,869.768E-12,893.368E-12,1.13383E-9,2.16275E-9
134.896,866.234E-12,891.002E-12,1.13308E-9,2.16255E-9
138.038,862.774E-12,888.689E-12,1.13234E-9,2.16235E-9
141.254,859.388E-12,886.428E-12,1.13162E-9,2.16216E-9
144.544,856.073E-12,884.218E-12,1.13092E-9,2.16197E-9
147.911,852.829E-12,882.058E-12,1.13023E-9,2.16178E-9
151.356,849.654E-12,879.947E-12,1.12956E-9,2.16160E-9
154.882,846.547E-12,877.884E-12,1.12891E-9,2.16143E-9
158.489,843.507E-12,875.867E-12,1.12828E-9,2.16126E-9
162.181,840.532E-12,873.897E-12,1.12766E-9,2.16109E-9
165.959,837.621E-12,871.972E-12,1.12705E-9,2.16093E-9
169.824,834.774E-12,870.090E-12,1.12646E-9,2.16077E-9
173.780,831.988E-12,868.252E-12,1.12588E-9,2.16062E-9
177.828,829.263E-12,866.456E-12,1.12532E-9,2.16047E-9
181.970,826.598E-12,864.702E-12,1.12477E-9,2.16032E-9
186.209,823.990E-12,862.988E-12,1.12424E-9,2.16018E-9
190.546,821.440E-12,861.313E-12,1.12372E-9,2.16004E-9
194.984,818.947E-12,859.677E-12,1.12321E-9,2.15990E-9
199.526,816.508E-12,858.079E-12,1.12271E-9,2.15977E-9
204.174,814.123E-12,856.518E-12,1.12223E-9,2.15964E-9
208.930,811.791E-12,854.994E-12,1.12176E-9,2.15951E-9
213.796,809.511E-12,853.505E-12,1.12130E-9,2.15939E-9
218.776,807.282E-12,852.051E-12,1.12085E-9,2.15927E-9
223.872,805.102E-12,850.630E-12,1.12041E-9,2.15915E-9
229.087,802.972E-12,849.243E-12,1.11998E-9,2.15904E-9
234.423,800.889E-12,847.889E-12,1.11957E-9,2.15893E-9
239.883,798.853E-12,846.566E-12,1.11916E-9,2.15882E-9
245.471,796.863E-12,845.274E-12,1.11876E-9,2.15871E-9
251.189,794.918E-12,844.013E-12,1.11838E-9,2.15861E-9
257.040,793.017E-12,842.781E-12,1.11800E-9,2.15851E-9
263.027,791.159E-12,841.579E-12,1.11763E-9,2.15841E-9
269.153,789.343E-12,840.405E-12,1.11727E-9,2.15832E-9
275.423,787.569E-12,839.258E-12,1.11692E-9,2.15822E-9
281.838,785.835E-12,838.139E-12,1.11658E-9,2.15813E-9
288.403,784.141E-12,837.047E-12,1.11625E-9,2.15804E-9
295.121,782.486E-12,835.980E-12,1.11593E-9,2.15796E-9
301.995,780.869E-12,834.939E-12,1.11561E-9,2.15787E-9
309.030,779.289E-12,833.922E-12,1.11530E-9,2.15779E-9
316.228,777.745E-12,832.930E-12,1.11500E-9,2.15771E-9
323.594,776.238E-12,831.962E-12,1.11471E-9,2.15763E-9
331.131,774.765E-12,831.016E-12,1.11442E-9,2.15756E-9
338.844,773.326E-12,830.093E-12,1.11414E-9,2.15748E-9
346.737,771.920E-12,829.193E-12,1.11387E-9,2.15741E-9
354.813,770.547E-12,828.313E-12,1.11360E-9,2.15734E-9
363.078,769.207E-12,827.455E-12,1.11334E-9,2.15727E-9
371.535,767.897E-12,826.618E-12,1.11309E-9,2.15720E-9
380.189,766.618E-12,825.801E-12,1.11285E-9,2.15714E-9
389.045,765.369E-12,825.003E-12,1.11261E-9,2.15707E-9
398.107,764.150E-12,824.224E-12,1.11237E-9,2.15701E-9
407.380,762.958E-12,823.465E-12,1.11214E-9,2.15695E-9
416.869,761.795E-12,822.723E-12,1.11192E-9,2.15689E-9
426.580,760.660E-12,822.000E-12,1.11170E-9,2.15683E-9
436.516,759.551E-12,821.294E-12,1.11149E-9,2.15678E-9
446.684,758.468E-12,820.605E-12,1.11128E-9,2.15672E-9
457.088,757.411E-12,819.933E-12,1.11108E-9,2.15667E-9
467.735,756.379E-12,819.277E-12,1.11089E-9,2.15662E-9
478.630,755.371E-12,818.637E-12,1.11069E-9,2.15657E-9
489.779,754.387E-12,818.012E-12,1.11051E-9,2.15652E-9
501.187,753.427E-12,817.403E-12,1.11033E-9,2.15647E-9
512.861,752.489E-12,816.808E-12,1.11015E-9,2.15642E-9
524.807,751.574E-12,816.228E-12,1.10998E-9,2.15638E-9
537.032,750.680E-12,815.662E-12,1.10981E-9,2.15633E-9
549.541,749.808E-12,815.110E-12,1.10964E-9,2.15629E-9
562.341,748.957E-12,814.571E-12,1.10948E-9,2.15625E-9
575.440,748.126E-12,814.045E-12,1.10932E-9,2.15620E-9
588.844,747.315E-12,813.533E-12,1.10917E-9,2.15616E-9
602.560,746.523E-12,813.032E-12,1.10902E-9,2.15612E-9
616.595,745.751E-12,812.544E-12,1.10888E-9,2.15609E-9
630.957,744.997E-12,812.068E-12,1.10874E-9,2.15605E-9
645.654,744.261E-12,811.603E-12,1.10860E-9,2.15601E-9
660.693,743.542E-12,811.150E-12,1.10846E-9,2.15598E-9
676.083,742.841E-12,810.708E-12,1.10833E-9,2.15594E-9
691.831,742.157E-12,810.277E-12,1.10820E-9,2.15591E-9
707.946,741.490E-12,809.856E-12,1.10808E-9,2.15587E-9
724.436,740.838E-12,809.446E-12,1.10796E-9,2.15584E-9
741.310,740.203E-12,809.046E-12,1.10784E-9,2.15581E-9
758.578,739.582E-12,808.655E-12,1.10772E-9,2.15578E-9
776.247,738.977E-12,808.274E-12,1.10761E-9,2.15575E-9
794.328,738.386E-12,807.903E-12,1.10750E-9,2.15572E-9
812.831,737.810E-12,807.540E-12,1.10739E-9,2.15569E-9
831.764,737.248E-12,807.187E-12,1.10729E-9,2.15566E-9
851.138,736.699E-12,806.842E-12,1.10719E-9,2.15564E-9
870.964,736.164E-12,806.505E-12,1.10709E-9,2.15561E-9
891.251,735.641E-12,806.177E-12,1.10699E-9,2.15559E-9
912.011,735.132E-12,805.857E-12,1.10690E-9,2.15556E-9
933.254,734.634E-12,805.545E-12,1.10680E-9,2.15554E-9
954.993,734.149E-12,805.241E-12,1.10671E-9,2.15551E-9
977.237,733.676E-12,804.944E-12,1.10663E-9,2.15549E-9
1.00000E3,733.214E-12,804.654E-12,1.10654E-9,2.15547E-9
1.02329E3,732.764E-12,804.372E-12,1.10646E-9,2.15545E-9
1.04713E3,732.324E-12,804.096E-12,1.10638E-9,2.15542E-9
1.07152E3,731.896E-12,803.828E-12,1.10630E-9,2.15540E-9
1.09648E3,731.477E-12,803.566E-12,1.10622E-9,2.15538E-9
1.12202E3,731.069E-12,803.310E-12,1.10614E-9,2.15536E-9
1.14815E3,730.671E-12,803.061E-12,1.10607E-9,2.15534E-9
1.17490E3,730.283E-12,802.818E-12,1.10600E-9,2.15532E-9
1.20226E3,729.904E-12,802.581E-12,1.10593E-9,2.15531E-9
1.23027E3,729.535E-12,802.349E-12,1.10586E-9,2.15529E-9
1.25893E3,729.174E-12,802.124E-12,1.10579E-9,2.15527E-9
1.28825E3,728.823E-12,801.904E-12,1.10573E-9,2.15525E-9
1.31826E3,728.480E-12,801.689E-12,1.10567E-9,2.15524E-9
1.34896E3,728.145E-12,801.480E-12,1.10560E-9,2.15522E-9
1.38038E3,727.819E-12,801.276E-12,1.10554E-9,2.15520E-9
1.41254E3,727.500E-12,801.077E-12,1.10549E-9,2.15519E-9
1.44544E3,727.190E-12,800.883E-12,1.10543E-9,2.15517E-9
1.47911E3,726.887E-12,800.694E-12,1.10537E-9,2.15516E-9
1.51356E3,726.592E-12,800.509E-12,1.10532E-9,2.15514E-9
1.54882E3,726.303E-12,800.329E-12,1.10527E-9,2.15513E-9
1.58489E3,726.022E-12,800.154E-12,1.10521E-9,2.15512E-9
1.62181E3,725.748E-12,799.983E-12,1.10516E-9,2.15510E-9
1.65959E3,725.481E-12,799.816E-12,1.10512E-9,2.15509E-9
1.69824E3,725.220E-12,799.653E-12,1.10507E-9,2.15508E-9
1.73780E3,724.966E-12,799.494E-12,1.10502E-9,2.15507E-9
1.77828E3,724.718E-12,799.340E-12,1.10498E-9,2.15505E-9
1.81970E3,724.476E-12,799.189E-12,1.10493E-9,2.15504E-9
1.86209E3,724.240E-12,799.042E-12,1.10489E-9,2.15503E-9
1.90546E3,724.010E-12,798.898E-12,1.10485E-9,2.15502E-9
1.94984E3,723.785E-12,798.758E-12,1.10480E-9,2.15501E-9
1.99526E3,723.566E-12,798.622E-12,1.10476E-9,2.15500E-9
2.04174E3,723.353E-12,798.488E-12,1.10473E-9,2.15499E-9
2.08930E3,723.145E-12,798.359E-12,1.10469E-9,2.15498E-9
2.13796E3,722.942E-12,798.232E-12,1.10465E-9,2.15497E-9
2.18776E3,722.744E-12,798.109E-12,1.10461E-9,2.15496E-9
2.23872E3,722.551E-12,797.988E-12,1.10458E-9,2.15495E-9
2.29087E3,722.362E-12,797.871E-12,1.10454E-9,2.15494E-9
2.34423E3,722.179E-12,797.757E-12,1.10451E-9,2.15493E-9
2.39883E3,721.999E-12,797.645E-12,1.10448E-9,2.15492E-9
2.45471E3,721.825E-12,797.536E-12,1.10445E-9,2.15491E-9
2.51189E3,721.654E-12,797.430E-12,1.10442E-9,2.15491E-9
2.57040E3,721.488E-12,797.327E-12,1.10438E-9,2.15490E-9
2.63027E3,721.326E-12,797.226E-12,1.10436E-9,2.15489E-9
2.69153E3,721.168E-12,797.127E-12,1.10433E-9,2.15488E-9
2.75423E3,721.014E-12,797.031E-12,1.10430E-9,2.15488E-9
2.81838E3,720.864E-12,796.938E-12,1.10427E-9,2.15487E-9
2.88403E3,720.717E-12,796.847E-12,1.10424E-9,2.15486E-9
2.95121E3,720.574E-12,796.758E-12,1.10422E-9,2.15485E-9
3.01995E3,720.435E-12,796.671E-12,1.10419E-9,2.15485E-9
3.09030E3,720.299E-12,796.586E-12,1.10417E-9,2.15484E-9
3.16228E3,720.166E-12,796.504E-12,1.10414E-9,2.15483E-9
3.23594E3,720.037E-12,796.423E-12,1.10412E-9,2.15483E-9
3.31131E3,719.911E-12,796.345E-12,1.10410E-9,2.15482E-9
3.38844E3,719.788E-12,796.269E-12,1.10407E-9,2.15482E-9
3.46737E3,719.668E-12,796.194E-12,1.10405E-9,2.15481E-9
3.54813E3,719.552E-12,796.121E-12,1.10403E-9,2.15481E-9
3.63078E3,719.438E-12,796.050E-12,1.10401E-9,2.15480E-9
3.71535E3,719.327E-12,795.981E-12,1.10399E-9,2.15479E-9
3.80189E3,719.218E-12,795.914E-12,1.10397E-9,2.15479E-9
3.89045E3,719.112E-12,795.848E-12,1.10395E-9,2.15478E-9
3.98107E3,719.009E-12,795.784E-12,1.10393E-9,2.15478E-9
4.07380E3,718.909E-12,795.722E-12,1.10391E-9,2.15477E-9
4.16869E3,718.811E-12,795.661E-12,1.10390E-9,2.15477E-9
4.26580E3,718.715E-12,795.601E-12,1.10388E-9,2.15476E-9
4.36516E3,718.622E-12,795.543E-12,1.10386E-9,2.15476E-9
4.46684E3,718.531E-12,795.487E-12,1.10385E-9,2.15476E-9
4.57088E3,718.443E-12,795.432E-12,1.10383E-9,2.15475E-9
4.67735E3,718.356E-12,795.378E-12,1.10381E-9,2.15475E-9
4.78630E3,718.272E-12,795.326E-12,1.10380E-9,2.15474E-9
4.89779E3,718.190E-12,795.275E-12,1.10378E-9,2.15474E-9
5.01187E3,718.110E-12,795.225E-12,1.10377E-9,2.15474E-9
5.12861E3,718.032E-12,795.177E-12,1.10376E-9,2.15473E-9
5.24807E3,717.956E-12,795.129E-12,1.10374E-9,2.15473E-9
5.37032E3,717.882E-12,795.083E-12,1.10373E-9,2.15472E-9
5.49541E3,717.809E-12,795.038E-12,1.10371E-9,2.15472E-9
5.62341E3,717.739E-12,794.994E-12,1.10370E-9,2.15472E-9
5.75440E3,717.670E-12,794.951E-12,1.10369E-9,2.15471E-9
5.88844E3,717.603E-12,794.910E-12,1.10368E-9,2.15471E-9
6.02560E3,717.537E-12,794.869E-12,1.10367E-9,2.15471E-9
6.16595E3,717.473E-12,794.829E-12,1.10365E-9,2.15471E-9
6.30957E3,717.411E-12,794.791E-12,1.10364E-9,2.15470E-9
6.45654E3,717.350E-12,794.753E-12,1.10363E-9,2.15470E-9
6.60693E3,717.291E-12,794.716E-12,1.10362E-9,2.15470E-9
6.76083E3,717.234E-12,794.680E-12,1.10361E-9,2.15469E-9
6.91831E3,717.177E-12,794.646E-12,1.10360E-9,2.15469E-9
7.07946E3,717.122E-12,794.611E-12,1.10359E-9,2.15469E-9
7.24436E3,717.069E-12,794.578E-12,1.10358E-9,2.15469E-9
7.41310E3,717.017E-12,794.546E-12,1.10357E-9,2.15468E-9
7.58578E3,716.966E-12,794.514E-12,1.10356E-9,2.15468E-9
7.76247E3,716.916E-12,794.484E-12,1.10355E-9,2.15468E-9
7.94328E3,716.868E-12,794.453E-12,1.10354E-9,2.15468E-9
8.12831E3,716.821E-12,794.424E-12,1.10354E-9,2.15467E-9
8.31764E3,716.775E-12,794.396E-12,1.10353E-9,2.15467E-9
8.51138E3,716.730E-12,794.368E-12,1.10352E-9,2.15467E-9
8.70964E3,716.686E-12,794.341E-12,1.10351E-9,2.15467E-9
8.91251E3,716.644E-12,794.314E-12,1.10350E-9,2.15467E-9
9.12011E3,716.602E-12,794.288E-12,1.10350E-9,2.15466E-9
9.33254E3,716.562E-12,794.263E-12,1.10349E-9,2.15466E-9
9.54993E3,716.522E-12,794.239E-12,1.10348E-9,2.15466E-9
9.77237E3,716.484E-12,794.215E-12,1.10347E-9,2.15466E-9
10.0000E3,716.446E-12,794.192E-12,1.10347E-9,2.15466E-9
10.2329E3,716.410E-12,794.169E-12,1.10346E-9,2.15465E-9
10.4713E3,716.374E-12,794.147E-12,1.10345E-9,2.15465E-9
10.7152E3,716.339E-12,794.125E-12,1.10345E-9,2.15465E-9
10.9648E3,716.305E-12,794.104E-12,1.10344E-9,2.15465E-9
11.2202E3,716.272E-12,794.083E-12,1.10344E-9,2.15465E-9
11.4815E3,716.240E-12,794.063E-12,1.10343E-9,2.15465E-9
11.7490E3,716.208E-12,794.044E-12,1.10342E-9,2.15464E-9
12.0226E3,716.178E-12,794.025E-12,1.10342E-9,2.15464E-9
12.3027E3,716.148E-12,794.006E-12,1.10341E-9,2.15464E-9
12.5893E3,716.119E-12,793.988E-12,1.10341E-9,2.15464E-9
12.8825E3,716.090E-12,793.971E-12,1.10340E-9,2.15464E-9
13.1826E3,716.062E-12,793.953E-12,1.10340E-9,2.15464E-9
13.4896E3,716.035E-12,793.937E-12,1.10339E-9,2.15464E-9
13.8038E3,716.009E-12,793.920E-12,1.10339E-9,2.15464E-9
14.1254E3,715.983E-12,793.904E-12,1.10338E-9,2.15463E-9
14.4544E3,715.958E-12,793.889E-12,1.10338E-9,2.15463E-9
14.7911E3,715.934E-12,793.874E-12,1.10337E-9,2.15463E-9
15.1356E3,715.910E-12,793.859E-12,1.10337E-9,2.15463E-9
15.4882E3,715.887E-12,793.844E-12,1.10337E-9,2.15463E-9
15.8489E3,715.864E-12,793.830E-12,1.10336E-9,2.15463E-9
16.2181E3,715.842E-12,793.817E-12,1.10336E-9,2.15463E-9
16.5959E3,715.821E-12,793.803E-12,1.10335E-9,2.15463E-9
16.9824E3,715.800E-12,793.790E-12,1.10335E-9,2.15463E-9
17.3780E3,715.779E-12,793.778E-12,1.10335E-9,2.15462E-9
17.7828E3,715.759E-12,793.765E-12,1.10334E-9,2.15462E-9
18.1970E3,715.740E-12,793.753E-12,1.10334E-9,2.15462E-9
18.6209E3,715.721E-12,793.741E-12,1.10334E-9,2.15462E-9
19.0546E3,715.702E-12,793.730E-12,1.10333E-9,2.15462E-9
19.4984E3,715.684E-12,793.719E-12,1.10333E-9,2.15462E-9
19.9526E3,715.667E-12,793.708E-12,1.10333E-9,2.15462E-9
20.4174E3,715.650E-12,793.697E-12,1.10332E-9,2.15462E-9
20.8930E3,715.633E-12,793.687E-12,1.10332E-9,2.15462E-9
21.3796E3,715.616E-12,793.677E-12,1.10332E-9,2.15462E-9
21.8776E3,715.601E-12,793.667E-12,1.10331E-9,2.15462E-9
22.3872E3,715.585E-12,793.657E-12,1.10331E-9,2.15462E-9
22.9087E3,715.570E-12,793.648E-12,1.10331E-9,2.15461E-9
23.4423E3,715.555E-12,793.639E-12,1.10331E-9,2.15461E-9
23.9883E3,715.541E-12,793.630E-12,1.10330E-9,2.15461E-9
24.5471E3,715.527E-12,793.621E-12,1.10330E-9,2.15461E-9
25.1189E3,715.513E-12,793.613E-12,1.10330E-9,2.15461E-9
25.7040E3,715.500E-12,793.604E-12,1.10330E-9,2.15461E-9
26.3027E3,715.487E-12,793.596E-12,1.10329E-9,2.15461E-9
26.9153E3,715.474E-12,793.588E-12,1.10329E-9,2.15461E-9
27.5423E3,715.462E-12,793.581E-12,1.10329E-9,2.15461E-9
28.1838E3,715.450E-12,793.573E-12,1.10329E-9,2.15461E-9
28.8403E3,715.438E-12,793.566E-12,1.10328E-9,2.15461E-9
29.5121E3,715.427E-12,793.559E-12,1.10328E-9,2.15461E-9
30.1995E3,715.416E-12,793.552E-12,1.10328E-9,2.15461E-9
30.9030E3,715.405E-12,793.545E-12,1.10328E-9,2.15461E-9
31.6228E3,715.394E-12,793.539E-12,1.10328E-9,2.15461E-9
32.3594E3,715.384E-12,793.532E-12,1.10327E-9,2.15461E-9
33.1131E3,715.374E-12,793.526E-12,1.10327E-9,2.15461E-9
33.8844E3,715.364E-12,793.520E-12,1.10327E-9,2.15460E-9
34.6737E3,715.354E-12,793.514E-12,1.10327E-9,2.15460E-9
35.4813E3,715.345E-12,793.508E-12,1.10327E-9,2.15460E-9
36.3078E3,715.336E-12,793.503E-12,1.10327E-9,2.15460E-9
37.1535E3,715.327E-12,793.497E-12,1.10326E-9,2.15460E-9
38.0189E3,715.318E-12,793.492E-12,1.10326E-9,2.15460E-9
38.9045E3,715.310E-12,793.486E-12,1.10326E-9,2.15460E-9
39.8107E3,715.302E-12,793.481E-12,1.10326E-9,2.15460E-9
40.7380E3,715.294E-12,793.476E-12,1.10326E-9,2.15460E-9
41.6869E3,715.286E-12,793.472E-12,1.10326E-9,2.15460E-9
42.6580E3,715.278E-12,793.467E-12,1.10326E-9,2.15460E-9
43.6516E3,715.271E-12,793.462E-12,1.10325E-9,2.15460E-9
44.6684E3,715.264E-12,793.458E-12,1.10325E-9,2.15460E-9
45.7088E3,715.257E-12,793.453E-12,1.10325E-9,2.15460E-9
46.7735E3,715.250E-12,793.449E-12,1.10325E-9,2.15460E-9
47.8630E3,715.243E-12,793.445E-12,1.10325E-9,2.15460E-9
48.9779E3,715.236E-12,793.441E-12,1.10325E-9,2.15460E-9
50.1187E3,715.230E-12,793.437E-12,1.10325E-9,2.15460E-9
51.2861E3,715.224E-12,793.433E-12,1.10325E-9,2.15460E-9
52.4807E3,715.218E-12,793.429E-12,1.10324E-9,2.15460E-9
53.7032E3,715.212E-12,793.426E-12,1.10324E-9,2.15460E-9
54.9541E3,715.206E-12,793.422E-12,1.10324E-9,2.15460E-9
56.2341E3,715.200E-12,793.418E-12,1.10324E-9,2.15460E-9
57.5440E3,715.195E-12,793.415E-12,1.10324E-9,2.15460E-9
58.8844E3,715.190E-12,793.412E-12,1.10324E-9,2.15460E-9
60.2560E3,715.184E-12,793.408E-12,1.10324E-9,2.15460E-9
61.6595E3,715.179E-12,793.405E-12,1.10324E-9,2.15460E-9
63.0957E3,715.174E-12,793.402E-12,1.10324E-9,2.15460E-9
64.5654E3,715.169E-12,793.399E-12,1.10324E-9,2.15460E-9
66.0693E3,715.165E-12,793.396E-12,1.10324E-9,2.15460E-9
67.6083E3,715.160E-12,793.393E-12,1.10323E-9,2.15460E-9
69.1831E3,715.156E-12,793.391E-12,1.10323E-9,2.15460E-9
70.7946E3,715.151E-12,793.388E-12,1.10323E-9,2.15460E-9
72.4436E3,715.147E-12,793.385E-12,1.10323E-9,2.15460E-9
74.1310E3,715.143E-12,793.383E-12,1.10323E-9,2.15460E-9
75.8578E3,715.139E-12,793.380E-12,1.10323E-9,2.15459E-9
77.6247E3,715.135E-12,793.378E-12,1.10323E-9,2.15459E-9
79.4328E3,715.131E-12,793.375E-12,1.10323E-9,2.15459E-9
81.2831E3,715.127E-12,793.373E-12,1.10323E-9,2.15459E-9
83.1764E3,715.124E-12,793.371E-12,1.10323E-9,2.15459E-9
85.1138E3,715.120E-12,793.369E-12,1.10323E-9,2.15459E-9
87.0964E3,715.117E-12,793.366E-12,1.10323E-9,2.15459E-9
89.1251E3,715.113E-12,793.364E-12,1.10323E-9,2.15459E-9
91.2011E3,715.110E-12,793.362E-12,1.10323E-9,2.15459E-9
93.3254E3,715.107E-12,793.360E-12,1.10322E-9,2.15459E-9
95.4993E3,715.103E-12,793.358E-12,1.10322E-9,2.15459E-9
97.7237E3,715.100E-12,793.356E-12,1.10322E-9,2.15459E-9
100.000E3,715.097E-12,793.355E-12,1.10322E-9,2.15459E-9
102.329E3,715.095E-12,793.353E-12,1.10322E-9,2.15459E-9
104.713E3,715.092E-12,793.351E-12,1.10322E-9,2.15459E-9
107.152E3,715.089E-12,793.349E-12,1.10322E-9,2.15459E-9
109.648E3,715.086E-12,793.348E-12,1.10322E-9,2.15459E-9
112.202E3,715.084E-12,793.346E-12,1.10322E-9,2.15459E-9
114.815E3,715.081E-12,793.344E-12,1.10322E-9,2.15459E-9
117.490E3,715.079E-12,793.343E-12,1.10322E-9,2.15459E-9
120.226E3,715.076E-12,793.341E-12,1.10322E-9,2.15459E-9
123.027E3,715.074E-12,793.340E-12,1.10322E-9,2.15459E-9
125.893E3,715.071E-12,793.338E-12,1.10322E-9,2.15459E-9
128.825E3,715.069E-12,793.337E-12,1.10322E-9,2.15459E-9
131.826E3,715.067E-12,793.336E-12,1.10322E-9,2.15459E-9
134.896E3,715.065E-12,793.334E-12,1.10322E-9,2.15459E-9
138.038E3,715.063E-12,793.333E-12,1.10322E-9,2.15459E-9
141.254E3,715.061E-12,793.332E-12,1.10322E-9,2.15459E-9
144.544E3,715.059E-12,793.331E-12,1.10322E-9,2.15459E-9
147.911E3,715.057E-12,793.329E-12,1.10322E-9,2.15459E-9
151.356E3,715.055E-12,793.328E-12,1.10322E-9,2.15459E-9
154.882E3,715.053E-12,793.327E-12,1.10322E-9,2.15459E-9
158.489E3,715.051E-12,793.326E-12,1.10321E-9,2.15459E-9
162.181E3,715.049E-12,793.325E-12,1.10321E-9,2.15459E-9
165.959E3,715.048E-12,793.324E-12,1.10321E-9,2.15459E-9
169.824E3,715.046E-12,793.323E-12,1.10321E-9,2.15459E-9
173.780E3,715.044E-12,793.322E-12,1.10321E-9,2.15459E-9
177.828E3,715.043E-12,793.321E-12,1.10321E-9,2.15459E-9
181.970E3,715.041E-12,793.320E-12,1.10321E-9,2.15459E-9
186.209E3,715.040E-12,793.319E-12,1.10321E-9,2.15459E-9
190.546E3,715.038E-12,793.318E-12,1.10321E-9,2.15460E-9
194.984E3,715.037E-12,793.317E-12,1.10321E-9,2.15460E-9
199.526E3,715.035E-12,793.316E-12,1.10321E-9,2.15460E-9
204.174E3,715.034E-12,793.315E-12,1.10321E-9,2.15460E-9
208.930E3,715.033E-12,793.315E-12,1.10321E-9,2.15460E-9
213.796E3,715.031E-12,793.314E-12,1.10321E-9,2.15460E-9
218.776E3,715.030E-12,793.313E-12,1.10321E-9,2.15460E-9
223.872E3,715.029E-12,793.312E-12,1.10321E-9,2.15460E-9
229.087E3,715.028E-12,793.311E-12,1.10321E-9,2.15460E-9
234.423E3,715.027E-12,793.311E-12,1.10321E-9,2.15460E-9
239.883E3,715.025E-12,793.310E-12,1.10321E-9,2.15460E-9
245.471E3,715.024E-12,793.309E-12,1.10321E-9,2.15460E-9
251.189E3,715.023E-12,793.309E-12,1.10321E-9,2.15460E-9
257.040E3,715.022E-12,793.308E-12,1.10321E-9,2.15460E-9
263.027E3,715.021E-12,793.307E-12,1.10321E-9,2.15460E-9
269.153E3,715.020E-12,793.307E-12,1.10321E-9,2.15460E-9
275.423E3,715.019E-12,793.306E-12,1.10321E-9,2.15460E-9
281.838E3,715.018E-12,793.306E-12,1.10321E-9,2.15460E-9
288.403E3,715.017E-12,793.305E-12,1.10321E-9,2.15460E-9
295.121E3,715.016E-12,793.304E-12,1.10321E-9,2.15460E-9
301.995E3,715.016E-12,793.304E-12,1.10321E-9,2.15460E-9
309.030E3,715.015E-12,793.303E-12,1.10321E-9,2.15460E-9
316.228E3,715.014E-12,793.303E-12,1.10321E-9,2.15460E-9
323.594E3,715.013E-12,793.302E-12,1.10321E-9,2.15460E-9
331.131E3,715.012E-12,793.302E-12,1.10321E-9,2.15461E-9
338.844E3,715.012E-12,793.301E-12,1.10321E-9,2.15461E-9
346.737E3,715.011E-12,793.301E-12,1.10321E-9,2.15461E-9
354.813E3,715.010E-12,793.301E-12,1.10321E-9,2.15461E-9
363.078E3,715.009E-12,793.300E-12,1.10321E-9,2.15461E-9
371.535E3,715.009E-12,793.300E-12,1.10321E-9,2.15461E-9
380.189E3,715.008E-12,793.299E-12,1.10321E-9,2.15461E-9
389.045E3,715.007E-12,793.299E-12,1.10321E-9,2.15461E-9
398.107E3,715.007E-12,793.298E-12,1.10321E-9,2.15461E-9
407.380E3,715.006E-12,793.298E-12,1.10321E-9,2.15461E-9
416.869E3,715.005E-12,793.298E-12,1.10321E-9,2.15462E-9
426.580E3,715.005E-12,793.297E-12,1.10321E-9,2.15462E-9
436.516E3,715.004E-12,793.297E-12,1.10321E-9,2.15462E-9
446.684E3,715.004E-12,793.297E-12,1.10321E-9,2.15462E-9
457.088E3,715.003E-12,793.296E-12,1.10321E-9,2.15462E-9
467.735E3,715.003E-12,793.296E-12,1.10321E-9,2.15462E-9
478.630E3,715.002E-12,793.296E-12,1.10321E-9,2.15462E-9
489.779E3,715.002E-12,793.295E-12,1.10321E-9,2.15463E-9
501.187E3,715.001E-12,793.295E-12,1.10321E-9,2.15463E-9
512.861E3,715.001E-12,793.295E-12,1.10321E-9,2.15463E-9
524.807E3,715.000E-12,793.295E-12,1.10321E-9,2.15463E-9
537.032E3,715.000E-12,793.294E-12,1.10321E-9,2.15463E-9
549.541E3,714.999E-12,793.294E-12,1.10321E-9,2.15464E-9
562.341E3,714.999E-12,793.294E-12,1.10321E-9,2.15464E-9
575.440E3,714.998E-12,793.294E-12,1.10321E-9,2.15464E-9
588.844E3,714.998E-12,793.293E-12,1.10321E-9,2.15464E-9
602.560E3,714.998E-12,793.293E-12,1.10321E-9,2.15465E-9
616.595E3,714.997E-12,793.293E-12,1.10321E-9,2.15465E-9
630.957E3,714.997E-12,793.293E-12,1.10321E-9,2.15465E-9
645.654E3,714.996E-12,793.292E-12,1.10321E-9,2.15465E-9
660.693E3,714.996E-12,793.292E-12,1.10321E-9,2.15466E-9
676.083E3,714.996E-12,793.292E-12,1.10321E-9,2.15466E-9
691.831E3,714.995E-12,793.292E-12,1.10321E-9,2.15466E-9
707.946E3,714.995E-12,793.292E-12,1.10321E-9,2.15467E-9
724.436E3,714.995E-12,793.292E-12,1.10321E-9,2.15467E-9
741.310E3,714.995E-12,793.291E-12,1.10321E-9,2.15467E-9
758.578E3,714.994E-12,793.291E-12,1.10321E-9,2.15468E-9
776.247E3,714.994E-12,793.291E-12,1.10321E-9,2.15468E-9
794.328E3,714.994E-12,793.291E-12,1.10321E-9,2.15469E-9
812.831E3,714.993E-12,793.291E-12,1.10321E-9,2.15469E-9
831.764E3,714.993E-12,793.291E-12,1.10321E-9,2.15470E-9
851.138E3,714.993E-12,793.291E-12,1.10321E-9,2.15470E-9
870.964E3,714.993E-12,793.290E-12,1.10321E-9,2.15471E-9
891.251E3,714.992E-12,793.290E-12,1.10321E-9,2.15471E-9
912.011E3,714.992E-12,793.290E-12,1.10321E-9,2.15472E-9
933.254E3,714.992E-12,793.290E-12,1.10321E-9,2.15473E-9
954.993E3,714.992E-12,793.290E-12,1.10321E-9,2.15473E-9
977.237E3,714.992E-12,793.290E-12,1.10321E-9,2.15474E-9
1.00000E6,714.992E-12,793.290E-12,1.10321E-9,2.15475E-9
1.02329E6,714.991E-12,793.290E-12,1.10321E-9,2.15475E-9
1.04713E6,714.991E-12,793.290E-12,1.10321E-9,2.15476E-9
1.07152E6,714.991E-12,793.290E-12,1.10321E-9,2.15477E-9
1.09648E6,714.991E-12,793.290E-12,1.10321E-9,2.15478E-9
1.12202E6,714.991E-12,793.290E-12,1.10321E-9,2.15479E-9
1.14815E6,714.991E-12,793.290E-12,1.10321E-9,2.15480E-9
1.17490E6,714.991E-12,793.290E-12,1.10321E-9,2.15481E-9
1.20226E6,714.990E-12,793.290E-12,1.10321E-9,2.15482E-9
1.23027E6,714.990E-12,793.290E-12,1.10321E-9,2.15483E-9
1.25893E6,714.990E-12,793.290E-12,1.10321E-9,2.15484E-9
1.28825E6,714.990E-12,793.290E-12,1.10321E-9,2.15485E-9
1.31826E6,714.990E-12,793.290E-12,1.10322E-9,2.15486E-9
1.34896E6,714.990E-12,793.290E-12,1.10322E-9,2.15487E-9
1.38038E6,714.990E-12,793.290E-12,1.10322E-9,2.15489E-9
1.41254E6,714.990E-12,793.290E-12,1.10322E-9,2.15490E-9
1.44544E6,714.990E-12,793.290E-12,1.10322E-9,2.15492E-9
1.47911E6,714.990E-12,793.290E-12,1.10322E-9,2.15493E-9
1.51356E6,714.990E-12,793.290E-12,1.10322E-9,2.15495E-9
1.54882E6,714.990E-12,793.290E-12,1.10322E-9,2.15497E-9
1.58489E6,714.990E-12,793.291E-12,1.10322E-9,2.15498E-9
1.62181E6,714.990E-12,793.291E-12,1.10322E-9,2.15500E-9
1.65959E6,714.990E-12,793.291E-12,1.10322E-9,2.15502E-9
1.69824E6,714.990E-12,793.291E-12,1.10322E-9,2.15504E-9
1.73780E6,714.990E-12,793.291E-12,1.10322E-9,2.15506E-9
1.77828E6,714.990E-12,793.291E-12,1.10322E-9,2.15509E-9
1.81970E6,714.990E-12,793.291E-12,1.10323E-9,2.15511E-9
1.86209E6,714.990E-12,793.292E-12,1.10323E-9,2.15513E-9
1.90546E6,714.990E-12,793.292E-12,1.10323E-9,2.15516E-9
1.94984E6,714.990E-12,793.292E-12,1.10323E-9,2.15518E-9
1.99526E6,714.991E-12,793.292E-12,1.10323E-9,2.15521E-9
2.04174E6,714.991E-12,793.293E-12,1.10323E-9,2.15524E-9
2.08930E6,714.991E-12,793.293E-12,1.10323E-9,2.15527E-9
2.13796E6,714.991E-12,793.293E-12,1.10323E-9,2.15530E-9
2.18776E6,714.991E-12,793.294E-12,1.10324E-9,2.15534E-9
2.23872E6,714.991E-12,793.294E-12,1.10324E-9,2.15537E-9
2.29087E6,714.992E-12,793.294E-12,1.10324E-9,2.15541E-9
2.34423E6,714.992E-12,793.295E-12,1.10324E-9,2.15545E-9
2.39883E6,714.992E-12,793.295E-12,1.10324E-9,2.15549E-9
2.45471E6,714.992E-12,793.296E-12,1.10324E-9,2.15553E-9
2.51189E6,714.993E-12,793.296E-12,1.10325E-9,2.15557E-9
2.57040E6,714.993E-12,793.297E-12,1.10325E-9,2.15562E-9
2.63027E6,714.993E-12,793.297E-12,1.10325E-9,2.15567E-9
2.69153E6,714.994E-12,793.298E-12,1.10325E-9,2.15572E-9
2.75423E6,714.994E-12,793.298E-12,1.10325E-9,2.15577E-9
2.81838E6,714.994E-12,793.299E-12,1.10326E-9,2.15583E-9
2.88403E6,714.995E-12,793.300E-12,1.10326E-9,2.15588E-9
2.95121E6,714.995E-12,793.300E-12,1.10326E-9,2.15594E-9
3.01995E6,714.996E-12,793.301E-12,1.10326E-9,2.15601E-9
3.09030E6,714.996E-12,793.302E-12,1.10327E-9,2.15607E-9
3.16228E6,714.997E-12,793.302E-12,1.10327E-9,2.15614E-9
3.23594E6,714.997E-12,793.303E-12,1.10327E-9,2.15621E-9
3.31131E6,714.998E-12,793.304E-12,1.10328E-9,2.15629E-9
3.38844E6,714.998E-12,793.305E-12,1.10328E-9,2.15637E-9
3.46737E6,714.999E-12,793.306E-12,1.10328E-9,2.15645E-9
3.54813E6,715.000E-12,793.307E-12,1.10329E-9,2.15654E-9
3.63078E6,715.001E-12,793.308E-12,1.10329E-9,2.15663E-9
3.71535E6,715.001E-12,793.309E-12,1.10330E-9,2.15672E-9
3.80189E6,715.002E-12,793.310E-12,1.10330E-9,2.15682E-9
3.89045E6,715.003E-12,793.312E-12,1.10331E-9,2.15692E-9
3.98107E6,715.004E-12,793.313E-12,1.10331E-9,2.15703E-9
4.07380E6,715.005E-12,793.314E-12,1.10332E-9,2.15714E-9
4.16869E6,715.006E-12,793.316E-12,1.10332E-9,2.15726E-9
4.26580E6,715.007E-12,793.317E-12,1.10333E-9,2.15738E-9
4.36516E6,715.008E-12,793.319E-12,1.10333E-9,2.15751E-9
4.46684E6,715.009E-12,793.320E-12,1.10334E-9,2.15765E-9
4.57088E6,715.010E-12,793.322E-12,1.10334E-9,2.15779E-9
4.67735E6,715.011E-12,793.324E-12,1.10335E-9,2.15793E-9
4.78630E6,715.013E-12,793.326E-12,1.10336E-9,2.15809E-9
4.89779E6,715.014E-12,793.327E-12,1.10336E-9,2.15825E-9
5.01187E6,715.015E-12,793.329E-12,1.10337E-9,2.15842E-9
5.12861E6,715.017E-12,793.332E-12,1.10338E-9,2.15859E-9
5.24807E6,715.018E-12,793.334E-12,1.10339E-9,2.15877E-9
5.37032E6,715.020E-12,793.336E-12,1.10340E-9,2.15897E-9
5.49541E6,715.022E-12,793.339E-12,1.10341E-9,2.15917E-9
5.62341E6,715.024E-12,793.341E-12,1.10342E-9,2.15938E-9
5.75440E6,715.026E-12,793.344E-12,1.10343E-9,2.15960E-9
5.88844E6,715.028E-12,793.347E-12,1.10344E-9,2.15983E-9
6.02560E6,715.030E-12,793.350E-12,1.10345E-9,2.16007E-9
6.16595E6,715.032E-12,793.353E-12,1.10346E-9,2.16032E-9
6.30957E6,715.034E-12,793.356E-12,1.10347E-9,2.16058E-9
6.45654E6,715.036E-12,793.359E-12,1.10348E-9,2.16085E-9
6.60693E6,715.039E-12,793.363E-12,1.10350E-9,2.16114E-9
6.76083E6,715.042E-12,793.366E-12,1.10351E-9,2.16144E-9
6.91831E6,715.044E-12,793.370E-12,1.10352E-9,2.16175E-9
7.07946E6,715.047E-12,793.374E-12,1.10354E-9,2.16208E-9
7.24436E6,715.050E-12,793.379E-12,1.10355E-9,2.16242E-9
7.41310E6,715.053E-12,793.383E-12,1.10357E-9,2.16278E-9
7.58578E6,715.057E-12,793.388E-12,1.10359E-9,2.16316E-9
7.76247E6,715.060E-12,793.393E-12,1.10361E-9,2.16355E-9
7.94328E6,715.064E-12,793.398E-12,1.10362E-9,2.16396E-9
8.12831E6,715.067E-12,793.403E-12,1.10364E-9,2.16439E-9
8.31764E6,715.071E-12,793.408E-12,1.10366E-9,2.16484E-9
8.51138E6,715.075E-12,793.414E-12,1.10369E-9,2.16530E-9
8.70964E6,715.080E-12,793.420E-12,1.10371E-9,2.16580E-9
8.91251E6,715.084E-12,793.427E-12,1.10373E-9,2.16631E-9
9.12011E6,715.089E-12,793.433E-12,1.10376E-9,2.16685E-9
9.33254E6,715.094E-12,793.440E-12,1.10378E-9,2.16741E-9
9.54993E6,715.099E-12,793.448E-12,1.10381E-9,2.16799E-9
9.77237E6,715.105E-12,793.455E-12,1.10384E-9,2.16861E-9
10.0000E6,715.110E-12,793.463E-12,1.10386E-9,2.16925E-9
10.2329E6,715.116E-12,793.471E-12,1.10390E-9,2.16992E-9
10.4713E6,715.122E-12,793.480E-12,1.10393E-9,2.17063E-9
10.7152E6,715.129E-12,793.489E-12,1.10396E-9,2.17136E-9
10.9648E6,715.136E-12,793.499E-12,1.10400E-9,2.17213E-9
11.2202E6,715.143E-12,793.509E-12,1.10403E-9,2.17294E-9
11.4815E6,715.150E-12,793.519E-12,1.10407E-9,2.17378E-9
11.7490E6,715.158E-12,793.530E-12,1.10411E-9,2.17466E-9
12.0226E6,715.166E-12,793.541E-12,1.10415E-9,2.17559E-9
12.3027E6,715.175E-12,793.553E-12,1.10420E-9,2.17655E-9
12.5893E6,715.183E-12,793.566E-12,1.10424E-9,2.17756E-9
12.8825E6,715.193E-12,793.579E-12,1.10429E-9,2.17862E-9
13.1826E6,715.202E-12,793.593E-12,1.10434E-9,2.17972E-9
13.4896E6,715.213E-12,793.607E-12,1.10439E-9,2.18088E-9
13.8038E6,715.223E-12,793.622E-12,1.10445E-9,2.18209E-9
14.1254E6,715.234E-12,793.637E-12,1.10450E-9,2.18336E-9
14.4544E6,715.246E-12,793.654E-12,1.10456E-9,2.18468E-9
14.7911E6,715.258E-12,793.671E-12,1.10463E-9,2.18607E-9
15.1356E6,715.271E-12,793.689E-12,1.10469E-9,2.18752E-9
15.4882E6,715.284E-12,793.707E-12,1.10476E-9,2.18904E-9
15.8489E6,715.298E-12,793.727E-12,1.10483E-9,2.19062E-9
16.2181E6,715.313E-12,793.747E-12,1.10491E-9,2.19228E-9
16.5959E6,715.328E-12,793.769E-12,1.10498E-9,2.19402E-9
16.9824E6,715.344E-12,793.791E-12,1.10507E-9,2.19584E-9
17.3780E6,715.361E-12,793.815E-12,1.10515E-9,2.19774E-9
17.7828E6,715.378E-12,793.839E-12,1.10524E-9,2.19973E-9
18.1970E6,715.396E-12,793.865E-12,1.10534E-9,2.20181E-9
18.6209E6,715.416E-12,793.892E-12,1.10543E-9,2.20398E-9
19.0546E6,715.436E-12,793.920E-12,1.10554E-9,2.20626E-9
19.4984E6,715.456E-12,793.949E-12,1.10564E-9,2.20864E-9
20.0000E6,715.481E-12,793.983E-12,1.10577E-9,2.21139E-9
